-- 
-- Structure for table `building`
-- 

DROP TABLE IF EXISTS `building`;
CREATE TABLE IF NOT EXISTS `building` (
  `id` smallint(5) unsigned NOT NULL AUTO_INCREMENT,
  `class_name` varchar(100) DEFAULT NULL,
  PRIMARY KEY (`id`),
  UNIQUE KEY `uq1_building` (`class_name`)
) ENGINE=InnoDB AUTO_INCREMENT=61 DEFAULT CHARSET=utf8;

-- 
-- Structure for table `cust_loadout`
-- 

DROP TABLE IF EXISTS `cust_loadout`;
CREATE TABLE IF NOT EXISTS `cust_loadout` (
  `id` bigint(20) unsigned NOT NULL AUTO_INCREMENT,
  `inventory` varchar(2048) NOT NULL,
  `backpack` varchar(2048) NOT NULL,
  `model` varchar(100) DEFAULT NULL,
  `description` varchar(1024) DEFAULT NULL,
  PRIMARY KEY (`id`)
) ENGINE=InnoDB DEFAULT CHARSET=utf8;

-- 
-- Structure for table `cust_loadout_profile`
-- 

DROP TABLE IF EXISTS `cust_loadout_profile`;
CREATE TABLE IF NOT EXISTS `cust_loadout_profile` (
  `cust_loadout_id` bigint(20) unsigned NOT NULL,
  `unique_id` varchar(128) NOT NULL,
  PRIMARY KEY (`cust_loadout_id`,`unique_id`),
  KEY `fk2_cust_loadout_profile` (`unique_id`),
  CONSTRAINT `cust_loadout_profile_ibfk_1` FOREIGN KEY (`cust_loadout_id`) REFERENCES `cust_loadout` (`id`),
  CONSTRAINT `cust_loadout_profile_ibfk_2` FOREIGN KEY (`unique_id`) REFERENCES `profile` (`unique_id`)
) ENGINE=InnoDB DEFAULT CHARSET=utf8;

-- 
-- Structure for table `deployable`
-- 

DROP TABLE IF EXISTS `deployable`;
CREATE TABLE IF NOT EXISTS `deployable` (
  `id` smallint(5) unsigned NOT NULL AUTO_INCREMENT,
  `class_name` varchar(100) DEFAULT NULL,
  PRIMARY KEY (`id`),
  UNIQUE KEY `uq1_deployable` (`class_name`)
) ENGINE=InnoDB AUTO_INCREMENT=19 DEFAULT CHARSET=utf8;

-- 
-- Data for table `deployable`
-- 

INSERT INTO `deployable` (`id`, `class_name`) VALUES
  ('6', 'CamoNet'),
  ('7', 'DeerStand'),
  ('16', 'Gate1_DZ'),
  ('11', 'HBarrier'),
  ('4', 'Hedgehog_DZ'),
  ('15', 'LadderSmall'),
  ('5', 'Sandbag1_DZ'),
  ('13', 'Sandbag2_DZ'),
  ('14', 'Sandbag3_DZ'),
  ('9', 'SandBagNest'),
  ('12', 'Scaffolding'),
  ('18', 'tent2017'),
  ('1', 'TentStorage'),
  ('2', 'TrapBear'),
  ('8', 'WatchTower'),
  ('10', 'Wire2'),
  ('3', 'Wire_cat1');

-- 
-- Structure for table `instance`
-- 

DROP TABLE IF EXISTS `instance`;
CREATE TABLE IF NOT EXISTS `instance` (
  `id` bigint(20) unsigned NOT NULL AUTO_INCREMENT,
  `world_id` smallint(5) unsigned NOT NULL DEFAULT '1',
  `inventory` varchar(2048) NOT NULL DEFAULT '[]',
  `backpack` varchar(2048) NOT NULL DEFAULT '["DZ_Patrol_Pack_EP1",[[],[]],[[],[]]]',
  PRIMARY KEY (`id`),
  KEY `fk1_instance` (`world_id`),
  CONSTRAINT `instance_ibfk_1` FOREIGN KEY (`world_id`) REFERENCES `world` (`id`)
) ENGINE=InnoDB AUTO_INCREMENT=7 DEFAULT CHARSET=utf8;

-- 
-- Data for table `instance`
-- 

INSERT INTO `instance` (`id`, `world_id`, `inventory`, `backpack`) VALUES
  ('1', '1', '[[\"ItemCompass\",\"ItemMap\",\"Makarov\"],[\"FoodCanBakedBeans\",\"FoodCanBakedBeans\",\"ItemBandage\",\"ItemBandage\",\"ItemBandage\",\"8Rnd_9x18_Makarov\",\"8Rnd_9x18_Makarov\",\"8Rnd_9x18_Makarov\",\"8Rnd_9x18_Makarov\",\"ItemBandage\",\"ItemSodaPepsi\",\"ItemSodaPepsi\",\"ItemSodaPepsi\",\"FoodCanBakedBeans\"]]', '[\"DZ_Patrol_Pack_EP1\",[[],[]],[[],[]]]'),
  ('2', '1', '[]', '[\"DZ_Patrol_Pack_EP1\",[[],[]],[[],[]]]'),
  ('3', '1', '[]', '[\"DZ_Patrol_Pack_EP1\",[[],[]],[[],[]]]'),
  ('4', '1', '[]', '[\"DZ_Patrol_Pack_EP1\",[[],[]],[[],[]]]'),
  ('5', '1', '[]', '[\"DZ_Patrol_Pack_EP1\",[[],[]],[[],[]]]'),
  ('6', '1', '[]', '[\"DZ_Patrol_Pack_EP1\",[[],[]],[[],[]]]');

-- 
-- Structure for table `instance_building`
-- 

DROP TABLE IF EXISTS `instance_building`;
CREATE TABLE IF NOT EXISTS `instance_building` (
  `id` bigint(20) unsigned NOT NULL AUTO_INCREMENT,
  `building_id` smallint(5) unsigned NOT NULL,
  `instance_id` bigint(20) unsigned NOT NULL DEFAULT '1',
  `worldspace` varchar(60) NOT NULL DEFAULT '[0,[0,0,0]]',
  `created` timestamp NOT NULL DEFAULT '0000-00-00 00:00:00',
  PRIMARY KEY (`id`),
  KEY `idx1_instance_building` (`building_id`),
  KEY `idx3_instance_building` (`instance_id`),
  CONSTRAINT `instance_building_ibfk_1` FOREIGN KEY (`instance_id`) REFERENCES `instance` (`id`),
  CONSTRAINT `instance_building_ibfk_2` FOREIGN KEY (`building_id`) REFERENCES `building` (`id`)
) ENGINE=InnoDB AUTO_INCREMENT=87 DEFAULT CHARSET=utf8;

-- 
-- Structure for table `instance_deployable`
-- 

DROP TABLE IF EXISTS `instance_deployable`;
CREATE TABLE IF NOT EXISTS `instance_deployable` (
  `id` bigint(20) unsigned NOT NULL AUTO_INCREMENT,
  `unique_id` varchar(60) NOT NULL,
  `deployable_id` smallint(5) unsigned NOT NULL,
  `owner_id` int(10) unsigned NOT NULL,
  `instance_id` bigint(20) unsigned NOT NULL DEFAULT '1',
  `worldspace` varchar(60) NOT NULL DEFAULT '[0,[0,0,0]]',
  `inventory` varchar(2048) NOT NULL DEFAULT '[]',
  `last_updated` timestamp NOT NULL DEFAULT CURRENT_TIMESTAMP ON UPDATE CURRENT_TIMESTAMP,
  `created` timestamp NOT NULL DEFAULT '0000-00-00 00:00:00',
  PRIMARY KEY (`id`),
  KEY `idx1_instance_deployable` (`deployable_id`),
  KEY `idx2_instance_deployable` (`owner_id`),
  KEY `idx3_instance_deployable` (`instance_id`),
  CONSTRAINT `instance_deployable_ibfk_1` FOREIGN KEY (`instance_id`) REFERENCES `instance` (`id`),
  CONSTRAINT `instance_deployable_ibfk_2` FOREIGN KEY (`owner_id`) REFERENCES `survivor` (`id`),
  CONSTRAINT `instance_deployable_ibfk_3` FOREIGN KEY (`deployable_id`) REFERENCES `deployable` (`id`)
) ENGINE=InnoDB AUTO_INCREMENT=8 DEFAULT CHARSET=utf8;

-- 
-- Data for table `instance_deployable`
-- 

INSERT INTO `instance_deployable` (`id`, `unique_id`, `deployable_id`, `owner_id`, `instance_id`, `worldspace`, `inventory`, `last_updated`, `created`) VALUES
  ('1', '133188118987012', '1', '9', '1', '[12,[13318.8,11898.7,0.001]]', '[[[\"M249\"],[1]],[[\"200Rnd_556x45_M249\"],[5]],[[\"DZ_Patrol_Pack_EP1\"],[1]]]', '2013-05-17 18:16:44', '2013-05-17 16:23:51'),
  ('2', '595862783404', '1', '57', '1', '[4,[5958.63,2783.36,0.049]]', '[[[\"ItemCompass\",\"Makarov\"],[1,1]],[[],[]],[[\"DZ_Patrol_Pack_EP1\"],[1]]]', '2013-05-21 02:27:48', '2013-05-21 01:48:45'),
  ('3', '47541254400337', '4', '84', '1', '[336.584,[4754.05,2543.97,0]]', '[]', '2013-05-23 01:55:06', '2013-05-23 01:55:06'),
  ('4', '34471629750103', '1', '87', '1', '[103,[3447.06,6297.51,0.009]]', '[[[\"Crossbow_DZ\"],[1]],[[\"ItemSodaPepsi\",\"ItemBandage\",\"WoodenArrow\"],[2,1,4]],[[],[]]]', '2013-05-24 21:37:46', '2013-05-23 03:02:03'),
  ('6', '34925947774268', '1', '128', '1', '[268,[3492.47,9477.67,0.434]]', '[[[\"Sa58V_CCO_EP1\"],[1]],[[\"ItemSodaCoke\",\"FoodCanFrankBeans\",\"FoodPistachio\",\"FoodCanPasta\"],[4,2,2,1]],[[],[]]]', '2013-05-26 22:12:48', '2013-05-26 22:11:15'),
  ('7', '47807298292206', '1', '168', '1', '[206,[4780.66,2982.89,0.163]]', '[[[],[]],[[\"30Rnd_556x45_Stanag\",\"FoodCanBakedBeans\",\"ItemSodaCoke\",\"ItemSodaPepsi\",\"ItemPainkiller\",\"ItemMorphine\"],[1,1,1,2,1,1]],[[],[]]]', '2013-05-29 14:47:29', '2013-05-29 14:46:27');

-- 
-- Structure for table `instance_vehicle`
-- 

DROP TABLE IF EXISTS `instance_vehicle`;
CREATE TABLE IF NOT EXISTS `instance_vehicle` (
  `id` bigint(20) unsigned NOT NULL AUTO_INCREMENT,
  `world_vehicle_id` bigint(20) unsigned NOT NULL,
  `instance_id` bigint(20) unsigned NOT NULL DEFAULT '1',
  `worldspace` varchar(60) NOT NULL DEFAULT '[0,[0,0,0]]',
  `inventory` varchar(2048) NOT NULL DEFAULT '[]',
  `parts` varchar(1024) NOT NULL DEFAULT '[]',
  `fuel` double NOT NULL DEFAULT '0',
  `damage` double NOT NULL DEFAULT '0',
  `last_updated` timestamp NOT NULL DEFAULT CURRENT_TIMESTAMP ON UPDATE CURRENT_TIMESTAMP,
  `created` timestamp NOT NULL DEFAULT '0000-00-00 00:00:00',
  PRIMARY KEY (`id`),
  KEY `idx3_instance_vehicle` (`instance_id`),
  KEY `fk3_instance_vehicle` (`world_vehicle_id`),
  CONSTRAINT `fk3_instance_vehicle` FOREIGN KEY (`world_vehicle_id`) REFERENCES `world_vehicle` (`id`),
  CONSTRAINT `instance_vehicle_ibfk_1` FOREIGN KEY (`instance_id`) REFERENCES `instance` (`id`)
) ENGINE=InnoDB AUTO_INCREMENT=428 DEFAULT CHARSET=utf8;

-- 
-- Data for table `instance_vehicle`
-- 

INSERT INTO `instance_vehicle` (`id`, `world_vehicle_id`, `instance_id`, `worldspace`, `inventory`, `parts`, `fuel`, `damage`, `last_updated`, `created`) VALUES
  ('125', '56', '1', '[212,[12862.9,9975.57,5.913e-05]]', '[[[],[]],[[],[]],[[],[]]]', '[[\"wheel_1_1_steering\",0.752],[\"wheel_1_2_steering\",0.045],[\"wheel_2_1_steering\",0.491],[\"wheel_2_2_steering\",0.028],[\"motor\",0.376],[\"palivo\",0.012],[\"glass1\",0.535],[\"glass2\",0.808],[\"glass3\",0.26],[\"glass4\",0.062]]', '0.447656', '0.011811', '2013-06-04 21:24:30', '2013-05-20 23:46:39'),
  ('126', '38', '1', '[1,[10705.5,2825.99,2.239]]', '[[[],[]],[[],[]],[[],[]]]', '[[\"glass1\",0.146],[\"glass4\",0.284],[\"glass5\",0.208],[\"elektronika\",0.053]]', '0.535635', '1', '2013-05-31 20:27:27', '2013-05-20 23:46:39'),
  ('127', '50', '1', '[195,[9681.8213,8947.2354,0]]', '[[[],[]],[[],[]],[[],[]]]', '[]', '100', '0', '2013-05-28 09:22:13', '2013-05-20 23:46:39'),
  ('128', '42', '1', '[124,[11309.963, 6646.3989,0]]', '[[[],[]],[[\"PartWoodPile\"],[1]],[[\"DZ_Patrol_Pack_EP1\"],[1]]]', '[]', '100', '0', '2013-05-28 09:22:13', '2013-05-20 23:46:39'),
  ('129', '37', '1', '[52,[6874.0503,11432.864,0]]', '[[[],[]],[[],[]],[[],[]]]', '[]', '100', '0', '2013-05-29 00:17:48', '2013-05-20 23:46:39'),
  ('130', '2', '1', '[222,[3803.71,8805.61,0.002]]', '[[[],[]],[[],[]],[[],[]]]', '[[\"glass1\",1],[\"glass2\",1],[\"glass3\",1],[\"glass4\",0.283],[\"wheel_1_1_steering\",0.139],[\"wheel_1_2_steering\",0.012],[\"wheel_2_1_steering\",0.461],[\"wheel_2_2_steering\",0.043],[\"motor\",0.966],[\"karoserie\",0.288],[\"palivo\",0.521]]', '0.0660185', '1', '2013-05-31 23:11:54', '2013-05-20 23:46:39'),
  ('131', '302', '1', '[113,[6880.2007,11454.291,0]]', '[[[],[]],[[\"HandRoadFlare\",\"FoodCanSardines\",\"FoodCanFrankBeans\",\"ItemSodaPepsi\"],[1,1,2,1]],[[],[]]]', '[]', '100', '1', '2013-06-04 21:03:04', '2013-05-20 23:46:39'),
  ('132', '57', '1', '[328,[5808.15,5900.08,0.011]]', '[[[],[]],[[\"ItemJerrycanEmpty\",\"ItemBandage\"],[1,2]],[[],[]]]', '[]', '0.757245', '0', '2013-05-31 23:55:08', '2013-05-20 23:46:39'),
  ('133', '16', '1', '[267,[8863.75,2885.36,0.105]]', '[[[],[]],[[],[]],[[],[]]]', '[]', '1', '0', '2013-05-30 23:12:35', '2013-05-20 23:46:39'),
  ('134', '61', '1', '[315,[8317.2676,2348.6055,0]]', '[]', '[]', '100', '0', '2013-05-28 09:22:13', '2013-05-20 23:46:39'),
  ('135', '72', '1', '[266,[9157.8408, 11019.819,0]]', '[[[],[]],[[],[]],[[],[]]]', '[]', '100', '0', '2013-05-28 09:22:13', '2013-05-20 23:46:39'),
  ('136', '55', '1', '[218,[11940.854, 8872.8389,0]]', '[[[\"ItemGPS\",\"ItemMap\"],[1,1]],[[\"ItemWaterbottle\"],[1]],[[],[]]]', '[]', '100', '0', '2013-05-28 09:22:13', '2013-05-20 23:46:39'),
  ('137', '60', '1', '[315,[7429.6,5157.75,0.003]]', '[[[],[]],[[\"HandChemGreen\",\"ItemSodaPepsi\"],[1,1]],[[],[]]]', '[]', '1', '0', '2013-05-31 01:31:27', '2013-05-20 23:46:39'),
  ('138', '63', '1', '[55,[13454.882, 13731.796,0]]', '[[[],[]],[[],[]],[[],[]]]', '[]', '100', '0', '2013-05-28 09:22:13', '2013-05-20 23:46:39'),
  ('139', '7', '1', '[337,[8120.3057,9305.4912,0]]', '[[[],[]],[[],[]],[[\"DZ_CivilBackpack_EP1\",\"DZ_Patrol_Pack_EP1\"],[1,1]]]', '[]', '100', '0', '2013-05-28 09:22:13', '2013-05-20 23:46:39'),
  ('140', '36', '1', '[191,[5630.3,9675.03,0.127]]', '[[[],[]],[[],[]],[[],[]]]', '[[\"glass1\",0.055],[\"glass2\",0.31],[\"glass4\",0.118],[\"glass5\",0.101],[\"motor\",0.189]]', '0.454474', '1', '2013-05-31 02:19:41', '2013-05-20 23:46:39'),
  ('141', '142', '1', '[106,[12310.7,2992.94,1.657]]', '[[[],[]],[[],[]],[[],[]]]', '[[\"glass1\",1],[\"glass2\",1],[\"glass3\",1],[\"glass4\",1],[\"glass5\",1],[\"motor\",1],[\"elektronika\",1],[\"mala vrtule\",1],[\"velka vrtule\",1]]', '0.766654', '1', '2013-05-31 23:37:05', '2013-05-20 23:46:39'),
  ('142', '49', '1', '[117,[6919.92,3127.68,0]]', '[[[\"M16A2\"],[1]],[[\"HandRoadFlare\",\"ItemBandage\"],[1,1]],[[],[]]]', '[[\"glass5\",0.241],[\"glass6\",0.535],[\"motor\",0.134],[\"karoserie\",0.019],[\"palivo\",0.169],[\"wheel_1_2_steering\",0.271],[\"wheel_2_2_steering\",0.207],[\"glass3\",0.012],[\"glass4\",0.034]]', '0.899', '0.005', '2013-05-29 21:16:19', '2013-05-20 23:46:39'),
  ('143', '67', '1', '[337,[9715.0352,6522.8286,0]]', '[[[\"M16A2GL\",\"MeleeCrowbar\"],[1,1]],[[\"30Rnd_556x45_Stanag\",\"ItemSodaCoke\"],[3,1]],[[],[]]]', '[]', '100', '0', '2013-05-28 09:22:13', '2013-05-20 23:46:39'),
  ('144', '22', '1', '[316,[7943.5068,6988.1763,0]]', '[]', '[]', '100', '0', '2013-05-28 09:22:13', '2013-05-20 23:46:39'),
  ('145', '307', '1', '[162,[3702.04,6044.3101,0]]', '[[[\"M1014\"],[1]],[[\"HandChemGreen\",\"PartWheel\",\"ItemJerrycan\",\"FoodCanBakedBeans\"],[1,1,1,3]],[[],[]]]', '[]', '100', '0', '2013-05-28 09:22:13', '2013-05-20 23:46:39'),
  ('146', '3', '1', '[244,[8840.5,2284.73,-0.032]]', '[[[],[]],[[],[]],[[],[]]]', '[[\"glass1\",1],[\"glass2\",0.948],[\"glass3\",0.825],[\"glass4\",0.155],[\"wheel_1_1_steering\",1],[\"wheel_1_2_steering\",0.137],[\"wheel_2_1_steering\",1],[\"wheel_2_2_steering\",0.038],[\"motor\",1],[\"karoserie\",0.164],[\"palivo\",0.375]]', '0.895867', '1', '2013-05-30 11:24:33', '2013-05-20 23:46:39'),
  ('147', '8', '1', '[337,[3312.2793,11270.755,0]]', '[[[\"ItemToolbox\",\"ItemMap\"],[1,1]],[[\"FoodCanPasta\"],[1]],[[],[]]]', '[]', '100', '0', '2013-05-28 09:22:13', '2013-05-20 23:46:39'),
  ('148', '874', '1', '[0,[13441.056,12003.912,4.5776367e-005]]', '[[[],[]],[[],[]],[[],[]]]', '[]', '100', '0', '2013-05-28 09:22:13', '2013-05-20 23:46:39'),
  ('149', '34', '1', '[325,[10142.4,2879.85,5.722e-04]]', '[[[],[]],[[],[]],[[],[]]]', '[[\"karoserie\",0.38],[\"wheel_1_damper\",0.016],[\"wheel_2_damper\",0.962]]', '1', '0.234', '2013-06-03 18:03:56', '2013-05-20 23:46:39'),
  ('150', '45', '1', '[279,[10628.433,8037.8188,0]]', '[[[\"MeleeCrowbar\",\"ItemMap\"],[1,1]],[[\"ItemSodaCoke\",\"ItemWaterbottle\",\"ItemBandage\",\"ItemHeatPack\"],[1,1,1,1]],[[\"DZ_Patrol_Pack_EP1\"],[1]]]', '[]', '100', '0', '2013-05-28 09:22:13', '2013-05-20 23:46:39'),
  ('151', '20', '1', '[52,[8713.4893, 7103.0518,0]]', '[[[],[]],[[],[]],[[],[]]]', '[]', '100', '0', '2013-05-28 09:22:13', '2013-05-20 23:46:39'),
  ('152', '69', '1', '[29,[10836.1,2712.07,0.927]]', '[[[\"Mk_48_DZ\"],[1]],[[\"FoodCanBakedBeans\",\"ItemHeatPack\"],[1,1]],[[\"DZ_Patrol_Pack_EP1\"],[1]]]', '[[\"wheel_1_1_steering\",1],[\"wheel_1_2_steering\",0.012],[\"wheel_2_1_steering\",0.882],[\"wheel_2_2_steering\",0.011],[\"motor\",0.313],[\"glass1\",1],[\"glass2\",0.381],[\"glass3\",0.324],[\"glass4\",0.088],[\"karoserie\",0.067]]', '0.914', '0.017', '2013-05-30 10:48:53', '2013-05-20 23:46:39'),
  ('153', '52', '1', '[19,[11246.52, 7534.7954,0]]', '[[[],[]],[[],[]],[[\"DZ_Assault_Pack_EP1\"],[1]]]', '[]', '100', '0', '2013-05-28 09:22:13', '2013-05-20 23:46:39'),
  ('154', '23', '1', '[15,[7830.22,3507.99,-0.025]]', '[[[],[]],[[],[]],[[],[]]]', '[[\"karoserie\",0.593],[\"wheel_1_damper\",0.593],[\"wheel_2_damper\",0.593]]', '1', '0.142', '2013-06-02 23:26:06', '2013-05-20 23:46:39'),
  ('155', '44', '1', '[298,[2189.61,9641.06,0.006]]', '[[[\"ItemHatchet\",\"M4A3_CCO_EP1\",\"Colt1911\",\"Winchester1866\"],[1,1,1,1]],[[\"ItemSodaCoke\",\"HandChemRed\",\"FoodCanSardines\",\"HandChemBlue\",\"ItemJerrycan\",\"FoodCanBakedBeans\",\"ItemMorphine\",\"ItemBloodbag\",\"15Rnd_W1866_Slug\"],[3,1,1,1,2,3,2,1,1]],[[\"DZ_CivilBackpack_EP1\",\"DZ_TK_Assault_Pack_EP1\"],[1,1]]]', '[[\"glass5\",0.032],[\"motor\",0.031],[\"karoserie\",0.038],[\"wheel_1_1_steering\",0.669],[\"wheel_2_1_steering\",0.467],[\"wheel_1_2_steering\",0.018],[\"wheel_2_2_steering\",0.015],[\"glass1\",1],[\"glass2\",1],[\"glass3\",0.613],[\"glass4\",0.104]]', '0.681', '0.012', '2013-06-03 18:03:56', '2013-05-20 23:46:39'),
  ('156', '62', '1', '[315,[13222.181,10015.431,0]]', '[[[],[]],[[],[]],[[],[]]]', '[]', '100', '0', '2013-05-28 09:22:13', '2013-05-20 23:46:39'),
  ('157', '17', '1', '[291,[11945.78,9099.3633,0]]', '[[[],[]],[[],[]],[[],[]]]', '[]', '100', '0', '2013-05-28 09:22:13', '2013-05-20 23:46:39'),
  ('158', '66', '1', '[205,[9731.1514,8937.7998,0]]', '[[[\"LeeEnfield\",\"M16A2GL\",\"ItemMatchbox\"],[1,1,1]],[[\"ItemSodaCoke\",\"HandChemGreen\"],[1,1]],[[],[]]]', '[]', '100', '0', '2013-05-28 09:22:13', '2013-05-20 23:46:39'),
  ('159', '65', '1', '[268,[13098.13, 8250.8828,0]]', '[[[],[]],[[],[]],[[],[]]]', '[]', '100', '0', '2013-05-28 09:22:13', '2013-05-20 23:46:39'),
  ('160', '309', '1', '[71,[3708.5,5999.4199,0]]', '[[[\"ItemCompass\"],[1]],[[],[]],[[],[]]]', '[]', '100', '0', '2013-05-28 09:22:13', '2013-05-20 23:46:39'),
  ('161', '9', '1', '[50,[3684.0366, 5999.0117,0]]', '[[[],[]],[[\"ItemAntibiotic\",\"ItemPainkiller\",\"ItemJerrycan\"],[1,1,1]],[[\"DZ_Patrol_Pack_EP1\"],[1]]]', '[]', '100', '0', '2013-05-28 09:22:13', '2013-05-20 23:46:39'),
  ('162', '14', '1', '[96,[6446.32,7429.05,0.006]]', '[[[],[]],[[],[]],[[],[]]]', '[[\"karoserie\",0.033],[\"glass1\",0.053],[\"glass2\",0.193],[\"glass3\",0.171]]', '0.79', '0.011', '2013-06-03 18:03:56', '2013-05-20 23:46:39'),
  ('163', '27', '1', '[90,[8326.54,2613.84,-0.021]]', '[[[],[]],[[],[]],[[],[]]]', '[]', '1', '1', '2013-05-30 11:15:57', '2013-05-20 23:46:39'),
  ('164', '10', '1', '[202,[11464.035, 11381.071,0]]', '[[[],[]],[[],[]],[[\"DZ_Patrol_Pack_EP1\"],[1]]]', '[]', '100', '0', '2013-05-28 09:22:13', '2013-05-20 23:46:39'),
  ('165', '73', '1', '[222,[12360.468, 10817.882,0]]', '[[[],[]],[[],[]],[[],[]]]', '[]', '100', '0', '2013-05-28 09:22:13', '2013-05-20 23:46:39'),
  ('166', '39', '1', '[186,[6569.95,1471.35,44.382]]', '[[[],[]],[[],[]],[[],[]]]', '[[\"glass1\",1],[\"glass2\",1],[\"glass3\",1],[\"glass4\",1],[\"glass5\",1],[\"motor\",1],[\"elektronika\",1],[\"mala vrtule\",1],[\"velka vrtule\",1]]', '0.540171', '1', '2013-05-31 22:50:41', '2013-05-20 23:46:39'),
  ('167', '71', '1', '[207,[1740.8503,3622.6938,0]]', '[[[\"Binocular\"],[1]],[[\"ItemWaterbottle\",\"ItemPainkiller\",\"ItemBandage\",\"HandRoadFlare\",\"ItemSodaCoke\"],[1,1,1,1,1]],[[],[]]]', '[]', '100', '0', '2013-05-28 09:22:13', '2013-05-20 23:46:39'),
  ('168', '873', '1', '[9,[10091.1,12144.6,0.219]]', '[[[],[]],[[],[]],[[],[]]]', '[[\"glass1\",1],[\"glass2\",1],[\"glass3\",1],[\"glass4\",1],[\"motor\",0.8],[\"elektronika\",1],[\"mala vrtule\",0.708],[\"velka vrtule\",1],[\"munice\",1]]', '0', '0.829', '2013-06-03 18:03:56', '2013-05-20 23:46:39'),
  ('169', '303', '1', '[156,[7660.271,3982.0063,0]]', '[[[\"huntingrifle\"],[1]],[[\"PartWheel\",\"10Rnd_127x99_m107\",\"PartVRotor\",\"ItemEpinephrine\",\"ItemSodaCoke\",\"ItemSodaPepsi\",\"30Rnd_545x39_AK\",\"PartGeneric\",\"PartGlass\",\"ItemPainkiller\",\"ItemMorphine\",\"FoodmuttonRaw\"],[2,2,1,3,1,1,1,1,1,1,2,4]],[[],[]]]', '[]', '100', '0', '2013-05-29 00:17:48', '2013-05-20 23:46:39'),
  ('170', '12', '1', '[316,[8855.89,2889.31,0.053]]', '[[[],[]],[[\"HandRoadFlare\",\"FoodSteakCooked\"],[1,1]],[[\"DZ_Patrol_Pack_EP1\"],[1]]]', '[]', '1', '0', '2013-06-04 21:25:05', '2013-05-20 23:46:39'),
  ('171', '306', '1', '[89,[4307.35,9382.12,1.245]]', '[[[],[]],[[],[]],[[],[]]]', '[]', '0.866839', '1', '2013-05-31 02:07:26', '2013-05-20 23:46:39'),
  ('172', '25', '1', '[236,[1773.9318,2351.6221,0]]', '[[[],[]],[[],[]],[[],[]]]', '[]', '100', '0', '2013-05-28 09:22:13', '2013-05-20 23:46:39'),
  ('173', '33', '1', '[250,[11984,3835.92,-0.008]]', '[[[],[]],[[],[]],[[],[]]]', '[]', '1', '0', '2013-05-31 23:44:21', '2013-05-20 23:46:39'),
  ('174', '13', '1', '[353,[12869.565,4450.4077,0]]', '[[[\"ItemWatch\",\"M4A1_AIM_SD_camo\"],[1,1]],[[\"ItemSodaPepsi\",\"ItemBloodbag\",\"FoodCanBakedBeans\",\"ItemMorphine\",\"ItemPainkiller\",\"ItemBandage\"],[1,7,3,4,2,2]],[[],[]]]', '[]', '100', '0', '2013-05-29 00:17:48', '2013-05-20 23:46:39'),
  ('175', '47', '1', '[272,[6137.15,7723.07,0]]', '[[[\"ItemWatch\"],[1]],[[\"HandChemGreen\",\"ItemWaterbottle\",\"FoodCanPasta\",\"ItemSodaCoke\"],[1,1,1,1]],[[],[]]]', '[[\"glass5\",1],[\"glass6\",0.704],[\"motor\",0.174],[\"karoserie\",0.065],[\"palivo\",0.421],[\"wheel_1_1_steering\",0.223],[\"wheel_2_1_steering\",0.163],[\"wheel_1_2_steering\",1],[\"wheel_2_2_steering\",1],[\"glass1\",0.054],[\"glass2\",0.083],[\"glass3\",0.368],[\"glass4\",1]]', '0.947', '0.024', '2013-06-03 18:03:56', '2013-05-20 23:46:39'),
  ('176', '1', '1', '[0,[12140.168, 12622.802,0]]', '[[[],[]],[[],[]],[[],[]]]', '[]', '100', '0', '2013-05-28 09:22:13', '2013-05-20 23:46:39'),
  ('177', '21', '1', '[193,[6020.99,7802.04,0.017]]', '[[[],[]],[[],[]],[[],[]]]', '[]', '1', '0', '2013-05-30 22:20:39', '2013-05-20 23:46:39'),
  ('178', '32', '1', '[155,[12158.999,3468.7563,0]]', '[[[],[]],[[],[]],[[],[]]]', '[]', '100', '0', '2013-05-28 09:22:13', '2013-05-20 23:46:39'),
  ('179', '58', '1', '[338,[1890.9952,12417.333,0]]', '[[[\"ItemToolbox\"],[1]],[[\"ItemMorphine\",\"HandChemGreen\",\"ItemHeatPack\",\"HandChemRed\",\"FoodCanSardines\"],[1,1,1,1,1]],[[\"DZ_Patrol_Pack_EP1\"],[1]]]', '[]', '100', '0', '2013-05-28 09:22:13', '2013-05-20 23:46:39'),
  ('180', '24', '1', '[44,[4632.01,2711.5,-0.014]]', '[[[],[]],[[],[]],[[],[]]]', '[[\"karoserie\",1],[\"wheel_1_damper\",0.19]]', '1', '0.235', '2013-06-03 18:03:56', '2013-05-20 23:46:39'),
  ('181', '19', '1', '[372,[8762.8516, 11727.877,0]]', '[[[],[]],[[],[]],[[],[]]]', '[]', '100', '0', '2013-05-28 09:22:13', '2013-05-20 23:46:39'),
  ('182', '28', '1', '[343,[8328.44,2620.04,-0.018]]', '[[[],[]],[[],[]],[[],[]]]', '[]', '1', '1', '2013-05-30 11:12:37', '2013-05-20 23:46:39'),
  ('183', '51', '1', '[262,[3825.13,8941.49,0]]', '[[[],[]],[[\"HandChemRed\",\"HandChemBlue\"],[1,1]],[[\"DZ_Assault_Pack_EP1\"],[1]]]', '[]', '1', '0', '2013-05-31 00:11:51', '2013-05-20 23:46:39'),
  ('184', '18', '1', '[333,[6521.25,3036.64,0.008]]', '[[[],[]],[[],[]],[[],[]]]', '[[\"karoserie\",0.016],[\"Pravy predni tlumic\",0.132],[\"Pravy zadni tlumic\",0.132]]', '0.985', '0.002', '2013-06-03 18:03:56', '2013-05-20 23:46:39'),
  ('185', '15', '1', '[306,[8126.02,3165.54,-1.388e-04]]', '[[[],[]],[[],[]],[[],[]]]', '[[\"motor\",0.171],[\"wheel_1_2_steering\",1],[\"glass4\",0.014]]', '1', '0.018', '2013-06-03 18:03:56', '2013-05-20 23:46:39'),
  ('186', '4', '1', '[157,[3693.0386, 5969.1489,0]]', '[[[],[]],[[],[]],[[],[]]]', '[]', '100', '0', '2013-05-28 09:22:13', '2013-05-20 23:46:39'),
  ('187', '1013', '1', '[-85,[7553.4033,5166.4795,0]]', '[[[],[]],[[],[]],[[],[]]]', '[]', '100', '0', '2013-05-28 09:22:13', '2013-05-24 01:46:48'),
  ('188', '1014', '1', '[85,[4618.13,2727.5,-0.006]]', '[[[],[]],[[],[]],[[],[]]]', '[[\"karoserie\",0.689],[\"wheel_1_damper\",0.248],[\"wheel_2_damper\",0.257]]', '1', '0.176', '2013-06-03 18:03:56', '2013-05-24 02:37:11'),
  ('189', '1015', '1', '[145,[3806.61,2599.36,-0.023]]', '[[[],[]],[[],[]],[[],[]]]', '[]', '1', '0', '2013-05-31 01:30:33', '2013-05-24 02:37:11'),
  ('190', '1016', '1', '[98,[4844.61,2777.56,0.099]]', '[[[],[]],[[],[]],[[],[]]]', '[[\"karoserie\",1],[\"wheel_1_damper\",0.179],[\"wheel_2_damper\",1]]', '1', '1', '2013-05-29 15:07:36', '2013-05-24 02:37:11'),
  ('191', '1017', '1', '[-3,[3273.4275,4927.2148,-1.5258789e-005]]', '[]', '[]', '100', '0', '2013-05-28 09:22:13', '2013-05-24 02:37:11'),
  ('192', '1018', '1', '[251,[3175.97,4779.64,0.051]]', '[[[],[]],[[],[]],[[],[]]]', '[]', '0.985125', '0', '2013-05-31 01:03:39', '2013-05-24 02:37:11'),
  ('193', '1019', '1', '[-48,[3400.542,4912.4956,-1.5258789e-005]]', '[]', '[]', '100', '0', '2013-05-28 09:22:13', '2013-05-24 02:37:11'),
  ('194', '1020', '1', '[-57,[3509.9658,4972.4209,-4.5776367e-005]]', '[]', '[]', '100', '0', '2013-05-28 09:22:13', '2013-05-24 02:37:11'),
  ('195', '1021', '1', '[18,[4176.1387,12105.325,0]]', '[[[],[]],[[],[]],[[],[]]]', '[]', '100', '0', '2013-05-28 09:22:13', '2013-05-24 02:37:11'),
  ('196', '1022', '1', '[-57,[5949.2549,10273.692,0.00015258789]]', '[]', '[]', '100', '0', '2013-05-28 09:22:13', '2013-05-24 02:37:11'),
  ('197', '1023', '1', '[-160,[5911.3301,10382.807,6.1035156e-005]]', '[]', '[]', '100', '0', '2013-05-28 09:22:13', '2013-05-24 02:37:11'),
  ('198', '1024', '1', '[42,[11342.836,12576.996,3.0517578e-005]]', '[[[],[]],[[],[]],[[],[]]]', '[]', '100', '0', '2013-05-28 09:22:13', '2013-05-24 02:37:11'),
  ('199', '1025', '1', '[-49,[11331.372,12553.339,-0.00022888184]]', '[]', '[]', '100', '0', '2013-05-28 09:22:13', '2013-05-24 02:37:11'),
  ('200', '1026', '1', '[176,[11564.142,10674.791,1.5258789e-005]]', '[]', '[]', '100', '0', '2013-05-28 09:22:13', '2013-05-24 02:37:11'),
  ('201', '1027', '1', '[-86,[12316.446,10692.626,-8.392334e-005]]', '[]', '[]', '100', '0', '2013-05-28 09:22:13', '2013-05-24 02:37:11'),
  ('202', '1028', '1', '[-175,[12283.883,10637.298,0]]', '[]', '[]', '100', '0', '2013-05-28 09:22:13', '2013-05-24 02:37:11'),
  ('203', '1029', '1', '[-70,[13152.617,10360.331,2.6226044e-005]]', '[]', '[]', '100', '0', '2013-05-28 09:22:13', '2013-05-24 02:37:11'),
  ('204', '1030', '1', '[179,[12972.49,9707.2432,1.9073486e-005]]', '[]', '[]', '100', '0', '2013-05-28 09:22:13', '2013-05-24 02:37:11'),
  ('205', '1031', '1', '[-81,[12880.91,9987.7305,9.059906e-006]]', '[[[],[]],[[],[]],[[],[]]]', '[]', '100', '0', '2013-06-04 21:24:42', '2013-05-24 02:37:11'),
  ('206', '1032', '1', '[-81,[12881.346,9992.6416,4.0054321e-005]]', '[]', '[]', '100', '0', '2013-05-28 09:22:13', '2013-05-24 02:37:11'),
  ('207', '1033', '1', '[193,[12697.407,9653.9131,3.8146973e-006]]', '[]', '[]', '100', '0', '2013-05-28 09:22:13', '2013-05-24 02:37:11'),
  ('208', '1034', '1', '[22,[12227.921,9532.54,4.9591064e-005]]', '[]', '[]', '100', '0', '2013-05-28 09:22:13', '2013-05-24 02:37:11'),
  ('209', '1035', '1', '[201,[12231.082,9531.4658,6.4849854e-005]]', '[]', '[]', '100', '0', '2013-05-28 09:22:13', '2013-05-24 02:37:11'),
  ('210', '1036', '1', '[-68,[12221.395,9515.3066,6.1035156e-005]]', '[]', '[]', '100', '0', '2013-05-28 09:22:13', '2013-05-24 02:37:11'),
  ('211', '1037', '1', '[199,[12236.792,9529.083,5.9127808e-005]]', '[]', '[]', '100', '0', '2013-05-28 09:22:13', '2013-05-24 02:37:11'),
  ('212', '1038', '1', '[-158,[12233.797,9530.1553,6.2942505e-005]]', '[]', '[]', '100', '0', '2013-05-28 09:22:13', '2013-05-24 02:37:11'),
  ('213', '1039', '1', '[-134,[12079.923,9021.1172,0.0001077652]]', '[]', '[]', '100', '0', '2013-05-28 09:22:13', '2013-05-24 02:37:11'),
  ('214', '1040', '2', '[2,[6114.1606,6638.917,9.1552734e-005]]', '[]', '[]', '1', '0', '2013-06-04 23:11:52', '2013-06-04 23:11:52'),
  ('215', '1041', '2', '[0,[6080.6074,5245.3237,0]]', '[]', '[]', '1', '0', '2013-06-04 23:11:52', '2013-06-04 23:11:52'),
  ('216', '1042', '2', '[0,[5908.9541,3897.0596,6.1035156e-005]]', '[]', '[]', '1', '0', '2013-06-04 23:11:52', '2013-06-04 23:11:52'),
  ('217', '1043', '2', '[0,[11277.121,6591.5894,3.0517578e-005]]', '[]', '[]', '1', '0', '2013-06-04 23:11:52', '2013-06-04 23:11:52'),
  ('218', '1044', '2', '[0,[7014.3433,3073.9739,0]]', '[]', '[]', '1', '0', '2013-06-04 23:11:52', '2013-06-04 23:11:52'),
  ('219', '1045', '2', '[0,[7007.3423,2774.4648,-4.5776367e-005]]', '[]', '[]', '1', '0', '2013-06-04 23:11:52', '2013-06-04 23:11:52'),
  ('220', '1046', '2', '[0,[5293.2178,8669.2334,0]]', '[]', '[]', '1', '0', '2013-06-04 23:11:52', '2013-06-04 23:11:52'),
  ('221', '1047', '2', '[0,[10344.022,1961.476,0.00010681152]]', '[]', '[]', '1', '0', '2013-06-04 23:11:52', '2013-06-04 23:11:52'),
  ('222', '1048', '2', '[0,[7545.3135,6277.8677,-7.6293945e-005]]', '[]', '[]', '1', '0', '2013-06-04 23:11:52', '2013-06-04 23:11:52'),
  ('223', '1049', '2', '[0,[7705.2373,5705.4487,0]]', '[]', '[]', '1', '0', '2013-06-04 23:11:52', '2013-06-04 23:11:52'),
  ('224', '1050', '2', '[0,[8976.0313,7093.5933,0]]', '[]', '[]', '1', '0', '2013-06-04 23:11:52', '2013-06-04 23:11:52'),
  ('225', '1051', '2', '[0,[10125.62,7076.603,-3.0517578e-005]]', '[]', '[]', '1', '0', '2013-06-04 23:11:52', '2013-06-04 23:11:52'),
  ('226', '1052', '2', '[0,[9365.1768,10339.259,1.5258789e-005]]', '[]', '[]', '1', '0', '2013-06-04 23:11:52', '2013-06-04 23:11:52'),
  ('227', '1053', '2', '[0,[6611.2485,2952.5107,-1.5258789e-005]]', '[]', '[]', '1', '0', '2013-06-04 23:11:52', '2013-06-04 23:11:52'),
  ('228', '1054', '2', '[0,[5223.335,3730.4231,0]]', '[]', '[]', '1', '0', '2013-06-04 23:11:52', '2013-06-04 23:11:52'),
  ('229', '1055', '2', '[0,[8176.0034,6064.7891,0]]', '[]', '[]', '1', '0', '2013-06-04 23:11:52', '2013-06-04 23:11:52'),
  ('230', '1056', '2', '[0,[6775.4307,3073.9094,-1.5258789e-005]]', '[]', '[]', '1', '0', '2013-06-04 23:11:52', '2013-06-04 23:11:52'),
  ('231', '1057', '2', '[0,[2533.5959,6217.5142,0]]', '[]', '[]', '1', '0', '2013-06-04 23:11:52', '2013-06-04 23:11:52'),
  ('232', '1058', '2', '[0,[6037.7891,10294.385,0]]', '[]', '[]', '1', '0', '2013-06-04 23:11:52', '2013-06-04 23:11:52'),
  ('233', '1059', '2', '[0,[3117.7261,7987.7251,-1.5258789e-005]]', '[]', '[]', '1', '0', '2013-06-04 23:11:52', '2013-06-04 23:11:52'),
  ('234', '1060', '2', '[0,[6323.8286,6164.0942,0]]', '[]', '[]', '1', '0', '2013-06-04 23:11:52', '2013-06-04 23:11:52'),
  ('235', '1061', '2', '[0,[3000.4058,7593.6055,0]]', '[]', '[]', '1', '0', '2013-06-04 23:11:52', '2013-06-04 23:11:52'),
  ('236', '1062', '2', '[0,[5938.001,5588.9189,1.5258789e-005]]', '[]', '[]', '1', '0', '2013-06-04 23:11:52', '2013-06-04 23:11:52'),
  ('237', '1063', '2', '[0,[4480.3306,4609.5073,-1.5258789e-005]]', '[]', '[]', '1', '0', '2013-06-04 23:11:52', '2013-06-04 23:11:52'),
  ('238', '1064', '2', '[0,[6317.3306,6311.5054,4.5776367e-005]]', '[]', '[]', '1', '0', '2013-06-04 23:11:52', '2013-06-04 23:11:52'),
  ('239', '1065', '2', '[0,[6487.7583,2823.4817,0]]', '[]', '[]', '1', '0', '2013-06-04 23:11:52', '2013-06-04 23:11:52'),
  ('240', '1066', '2', '[0,[10483.229,2469.2148,0]]', '[]', '[]', '1', '0', '2013-06-04 23:11:52', '2013-06-04 23:11:52'),
  ('241', '1067', '2', '[0,[9013.835,4362.2329,7.6293945e-005]]', '[]', '[]', '1', '0', '2013-06-04 23:11:52', '2013-06-04 23:11:52'),
  ('242', '1068', '2', '[0,[1850.3549,2236.9011,-1.5258789e-005]]', '[]', '[]', '1', '0', '2013-06-04 23:11:52', '2013-06-04 23:11:52'),
  ('243', '1069', '2', '[0,[1766.417,3563.957,-1.5258789e-005]]', '[]', '[]', '1', '0', '2013-06-04 23:11:52', '2013-06-04 23:11:52'),
  ('244', '1070', '2', '[0,[10508.413,9755.3232,-3.0517578e-005]]', '[]', '[]', '1', '0', '2013-06-04 23:11:52', '2013-06-04 23:11:52'),
  ('245', '1071', '2', '[0,[9038.0381,8748.4922,-6.1035156e-005]]', '[]', '[]', '1', '0', '2013-06-04 23:11:52', '2013-06-04 23:11:52'),
  ('246', '1072', '2', '[0,[7536.9199,5022.2437,0.00012207031]]', '[]', '[]', '1', '0', '2013-06-04 23:11:52', '2013-06-04 23:11:52'),
  ('247', '1073', '2', '[0,[12118.647,9366.7783,0]]', '[]', '[]', '1', '0', '2013-06-04 23:11:52', '2013-06-04 23:11:52'),
  ('248', '1074', '2', '[0,[11739.137,9199.0508,0]]', '[]', '[]', '1', '0', '2013-06-04 23:11:52', '2013-06-04 23:11:52'),
  ('249', '1075', '2', '[0,[12704.429,9436.6934,0]]', '[]', '[]', '1', '0', '2013-06-04 23:11:52', '2013-06-04 23:11:52'),
  ('250', '1076', '2', '[0,[3713.7085,2494.7683,0]]', '[]', '[]', '1', '0', '2013-06-04 23:11:52', '2013-06-04 23:11:52'),
  ('251', '1077', '2', '[0,[1730.6525,3847.9424,0]]', '[]', '[]', '1', '0', '2013-06-04 23:11:52', '2013-06-04 23:11:52'),
  ('252', '1078', '2', '[0,[6850.8965,3055.1875,4.5776367e-005]]', '[]', '[]', '1', '0', '2013-06-04 23:11:52', '2013-06-04 23:11:52'),
  ('253', '1079', '2', '[0,[3473.3091,2375.6919,4.5776367e-005]]', '[]', '[]', '1', '0', '2013-06-04 23:11:52', '2013-06-04 23:11:52'),
  ('254', '1080', '2', '[0,[8091.8906,3112.7715,1.5258789e-005]]', '[]', '[]', '1', '0', '2013-06-04 23:11:52', '2013-06-04 23:11:52'),
  ('255', '1081', '2', '[0,[5203.2183,4159.9229,1.5258789e-005]]', '[]', '[]', '1', '0', '2013-06-04 23:11:52', '2013-06-04 23:11:52'),
  ('256', '1082', '2', '[0,[7019.9424,2788.3901,7.6293945e-005]]', '[]', '[]', '1', '0', '2013-06-04 23:11:52', '2013-06-04 23:11:52'),
  ('257', '1083', '2', '[0,[7570.0347,4593.2427,3.0517578e-005]]', '[]', '[]', '1', '0', '2013-06-04 23:11:52', '2013-06-04 23:11:52'),
  ('258', '1084', '2', '[0,[12861.412,8683.9492,-4.5776367e-005]]', '[]', '[]', '1', '0', '2013-06-04 23:11:52', '2013-06-04 23:11:52'),
  ('259', '1085', '2', '[0,[6834.1997,2964.3601,0]]', '[]', '[]', '1', '0', '2013-06-04 23:11:52', '2013-06-04 23:11:52'),
  ('260', '1086', '2', '[0,[12519.997,9405.1904,-1.5258789e-005]]', '[]', '[]', '1', '0', '2013-06-04 23:11:52', '2013-06-04 23:11:52'),
  ('261', '1087', '2', '[0,[6839.5791,2995.3706,0]]', '[]', '[]', '1', '0', '2013-06-04 23:11:52', '2013-06-04 23:11:52'),
  ('262', '1088', '2', '[0,[6496.3071,2971.5242,1.5258789e-005]]', '[]', '[]', '1', '0', '2013-06-04 23:11:52', '2013-06-04 23:11:52'),
  ('263', '1089', '2', '[0,[11976.764,8655.9561,1.5258789e-005]]', '[]', '[]', '1', '0', '2013-06-04 23:11:52', '2013-06-04 23:11:52'),
  ('264', '1090', '2', '[0,[7366.5225,2746.9958,0]]', '[]', '[]', '1', '0', '2013-06-04 23:11:52', '2013-06-04 23:11:52'),
  ('265', '1091', '2', '[0,[12324.61,9590.2969,0]]', '[]', '[]', '1', '0', '2013-06-04 23:11:52', '2013-06-04 23:11:52'),
  ('266', '1092', '2', '[0,[7582.4214,3162.6917,3.0517578e-005]]', '[]', '[]', '1', '0', '2013-06-04 23:11:52', '2013-06-04 23:11:52'),
  ('267', '1093', '2', '[0,[12394.284,8867.9141,4.5776367e-005]]', '[]', '[]', '1', '0', '2013-06-04 23:11:52', '2013-06-04 23:11:52'),
  ('268', '1094', '2', '[0,[5553.668,5066.0171,-1.5258789e-005]]', '[]', '[]', '1', '0', '2013-06-04 23:11:52', '2013-06-04 23:11:52'),
  ('269', '1095', '2', '[0,[5844.9233,2154.6101,3.0517578e-005]]', '[]', '[]', '1', '0', '2013-06-04 23:11:52', '2013-06-04 23:11:52'),
  ('270', '1096', '2', '[0,[12225.816,9459.7285,3.0517578e-005]]', '[]', '[]', '1', '0', '2013-06-04 23:11:52', '2013-06-04 23:11:52'),
  ('271', '1097', '2', '[0,[12761.458,9830.0342,-1.5258789e-005]]', '[]', '[]', '1', '0', '2013-06-04 23:11:52', '2013-06-04 23:11:52'),
  ('272', '1098', '2', '[0,[10541.487,2723.7412,3.0517578e-005]]', '[]', '[]', '1', '0', '2013-06-04 23:11:52', '2013-06-04 23:11:52'),
  ('273', '1099', '2', '[0,[5932.9526,2429.687,-1.5258789e-005]]', '[]', '[]', '1', '0', '2013-06-04 23:11:52', '2013-06-04 23:11:52'),
  ('274', '1100', '2', '[0,[9881.2461,2027.999,0]]', '[]', '[]', '1', '0', '2013-06-04 23:11:52', '2013-06-04 23:11:52'),
  ('275', '1101', '2', '[0,[8872.5869,6521.1279,-1.5258789e-005]]', '[]', '[]', '1', '0', '2013-06-04 23:11:52', '2013-06-04 23:11:52'),
  ('276', '1102', '2', '[0,[10945.227,7581.3677,0]]', '[]', '[]', '1', '0', '2013-06-04 23:11:52', '2013-06-04 23:11:52'),
  ('277', '1103', '2', '[0,[9312.4863,9164.2783,7.6293945e-005]]', '[]', '[]', '1', '0', '2013-06-04 23:11:52', '2013-06-04 23:11:52'),
  ('278', '1104', '2', '[0,[10749.519,8116.7236,-3.0517578e-005]]', '[]', '[]', '1', '0', '2013-06-04 23:11:52', '2013-06-04 23:11:52'),
  ('279', '1105', '2', '[0,[8625.0166,2592.1509,-1.5258789e-005]]', '[]', '[]', '1', '0', '2013-06-04 23:11:52', '2013-06-04 23:11:52'),
  ('280', '1106', '2', '[0,[4368.0928,5805.7939,4.5776367e-005]]', '[]', '[]', '1', '0', '2013-06-04 23:11:52', '2013-06-04 23:11:52'),
  ('281', '1107', '2', '[0,[7757.3511,4798.5205,1.5258789e-005]]', '[]', '[]', '1', '0', '2013-06-04 23:11:52', '2013-06-04 23:11:52'),
  ('282', '1108', '2', '[0,[9489.3789,8182.0605,3.0517578e-005]]', '[]', '[]', '1', '0', '2013-06-04 23:11:52', '2013-06-04 23:11:52'),
  ('283', '1109', '2', '[0,[9571.6982,6603.6841,0]]', '[]', '[]', '1', '0', '2013-06-04 23:11:52', '2013-06-04 23:11:52'),
  ('284', '1110', '2', '[0,[4874.0718,7866.3184,0]]', '[]', '[]', '1', '0', '2013-06-04 23:11:52', '2013-06-04 23:11:52'),
  ('285', '1111', '2', '[0,[6102.5747,7774.293,0]]', '[]', '[]', '1', '0', '2013-06-04 23:11:52', '2013-06-04 23:11:52'),
  ('286', '1112', '2', '[0,[6715.9375,5728.4546,0]]', '[]', '[]', '1', '0', '2013-06-04 23:11:52', '2013-06-04 23:11:52'),
  ('287', '1113', '2', '[0,[8282.8467,4877.0703,0]]', '[]', '[]', '1', '0', '2013-06-04 23:11:52', '2013-06-04 23:11:52'),
  ('288', '1114', '2', '[0,[9728.7344,11020.661,-1.5258789e-005]]', '[]', '[]', '1', '0', '2013-06-04 23:11:52', '2013-06-04 23:11:52'),
  ('289', '1115', '2', '[0,[12350.067,3532.6978,1.5258789e-005]]', '[]', '[]', '1', '0', '2013-06-04 23:11:52', '2013-06-04 23:11:52'),
  ('290', '1116', '2', '[0,[7017.2275,7659.2393,-3.0517578e-005]]', '[]', '[]', '1', '0', '2013-06-04 23:11:52', '2013-06-04 23:11:52'),
  ('291', '1117', '2', '[0,[6667.1621,5376.7153,-3.0517578e-005]]', '[]', '[]', '1', '0', '2013-06-04 23:11:52', '2013-06-04 23:11:52'),
  ('292', '1118', '2', '[0,[4589.5264,6400.9756,0]]', '[]', '[]', '1', '0', '2013-06-04 23:11:52', '2013-06-04 23:11:52'),
  ('293', '1119', '2', '[0,[5898.1006,7881.6294,1.5258789e-005]]', '[]', '[]', '1', '0', '2013-06-04 23:11:52', '2013-06-04 23:11:52'),
  ('294', '1120', '2', '[0,[4778.5942,6766.8184,9.1552734e-005]]', '[]', '[]', '1', '0', '2013-06-04 23:11:52', '2013-06-04 23:11:52'),
  ('295', '1121', '2', '[0,[9300.2529,2047.8984,-1.5258789e-005]]', '[]', '[]', '1', '0', '2013-06-04 23:11:52', '2013-06-04 23:11:52'),
  ('296', '1122', '2', '[0,[6319.374,7615.7144,-3.0517578e-005]]', '[]', '[]', '1', '0', '2013-06-04 23:11:52', '2013-06-04 23:11:52'),
  ('297', '1123', '2', '[0,[5084.3604,6740.9048,-3.0517578e-005]]', '[]', '[]', '1', '0', '2013-06-04 23:11:52', '2013-06-04 23:11:52'),
  ('298', '1124', '2', '[0,[7406.4556,5794.0913,7.6293945e-005]]', '[]', '[]', '1', '0', '2013-06-04 23:11:52', '2013-06-04 23:11:52'),
  ('299', '1125', '2', '[0,[11133.212,6624.1382,-4.5776367e-005]]', '[]', '[]', '1', '0', '2013-06-04 23:11:52', '2013-06-04 23:11:52'),
  ('300', '1126', '2', '[-58,[5219.9409,2223.1462,0]]', '[]', '[]', '1', '0', '2013-06-04 23:11:52', '2013-06-04 23:11:52'),
  ('301', '1127', '2', '[0,[1940.1135,9132.7764,6.1035156e-005]]', '[]', '[]', '1', '0', '2013-06-04 23:11:52', '2013-06-04 23:11:52'),
  ('302', '1128', '2', '[0,[6874.2979,11432.363,9.1552734e-005]]', '[]', '[]', '1', '0', '2013-06-04 23:11:52', '2013-06-04 23:11:52'),
  ('303', '1129', '2', '[0,[7088.2144,8477.1553,-3.0517578e-005]]', '[]', '[]', '1', '0', '2013-06-04 23:11:52', '2013-06-04 23:11:52'),
  ('304', '1130', '2', '[0,[11042.623,7010.0371,3.0517578e-005]]', '[]', '[]', '1', '0', '2013-06-04 23:11:52', '2013-06-04 23:11:52'),
  ('305', '1131', '2', '[106,[6532.8184,5600.0234,0.00010681152]]', '[]', '[]', '1', '0', '2013-06-04 23:11:52', '2013-06-04 23:11:52'),
  ('306', '1132', '2', '[124,[12410.937,12593.578,-4.5776367e-005]]', '[]', '[]', '1', '0', '2013-06-04 23:11:52', '2013-06-04 23:11:52'),
  ('307', '1133', '2', '[125,[4575.9517,10216.254,1.5258789e-005]]', '[]', '[]', '1', '0', '2013-06-04 23:11:52', '2013-06-04 23:11:52'),
  ('308', '1134', '2', '[119,[7792.5859,5126.7939,4.5776367e-005]]', '[]', '[]', '1', '0', '2013-06-04 23:11:52', '2013-06-04 23:11:52'),
  ('309', '1135', '2', '[126,[6733.2314,5920.5625,0]]', '[]', '[]', '1', '0', '2013-06-04 23:11:52', '2013-06-04 23:11:52'),
  ('310', '1136', '2', '[106,[8577.7539,9239.4834,-3.0517578e-005]]', '[]', '[]', '1', '0', '2013-06-04 23:11:52', '2013-06-04 23:11:52'),
  ('311', '1137', '2', '[106,[13706.609,2933.5234,-3.0517578e-005]]', '[]', '[]', '1', '0', '2013-06-04 23:11:52', '2013-06-04 23:11:52'),
  ('312', '1138', '2', '[106,[4603.0996,10438.683,-4.5776367e-005]]', '[]', '[]', '1', '0', '2013-06-04 23:11:52', '2013-06-04 23:11:52'),
  ('313', '1139', '2', '[0,[7511.3711,3176.6885,-0.00018310547]]', '[]', '[]', '1', '0', '2013-06-04 23:11:52', '2013-06-04 23:11:52'),
  ('314', '1140', '2', '[0,[3884.9536,8876.3799,0]]', '[]', '[]', '1', '0', '2013-06-04 23:11:52', '2013-06-04 23:11:52'),
  ('315', '1141', '2', '[0,[7890.4312,3346.2344,3.0517578e-005]]', '[]', '[]', '1', '0', '2013-06-04 23:11:52', '2013-06-04 23:11:52'),
  ('316', '1142', '2', '[0,[4410.897,6412.6152,3.0517578e-005]]', '[]', '[]', '1', '0', '2013-06-04 23:11:52', '2013-06-04 23:11:52'),
  ('317', '1143', '2', '[0,[4869.8159,6275.2622,-3.0517578e-005]]', '[]', '[]', '1', '0', '2013-06-04 23:11:52', '2013-06-04 23:11:52'),
  ('318', '1144', '2', '[326,[4793.7363,9808.5225,3.0517578e-005]]', '[]', '[]', '1', '0', '2013-06-04 23:11:52', '2013-06-04 23:11:52'),
  ('319', '1145', '2', '[325,[4830.48,9750.0811,-0.00015258789]]', '[]', '[]', '1', '0', '2013-06-04 23:11:52', '2013-06-04 23:11:52'),
  ('320', '1146', '2', '[323,[4863.6563,9703.2188,-6.1035156e-005]]', '[]', '[]', '1', '0', '2013-06-04 23:11:52', '2013-06-04 23:11:52'),
  ('321', '1147', '2', '[328,[4765.8496,9851.0107,-0.00015258789]]', '[]', '[]', '1', '0', '2013-06-04 23:11:52', '2013-06-04 23:11:52'),
  ('322', '1148', '2', '[0,[8566.9395,6790.355,0]]', '[]', '[]', '1', '0', '2013-06-04 23:11:52', '2013-06-04 23:11:52'),
  ('323', '1149', '2', '[0,[10331.3,5085.4355,0.00010681152]]', '[]', '[]', '1', '0', '2013-06-04 23:11:52', '2013-06-04 23:11:52'),
  ('324', '1150', '2', '[0,[5689.8887,3049.0398,-3.0517578e-005]]', '[]', '[]', '1', '0', '2013-06-04 23:11:52', '2013-06-04 23:11:52'),
  ('325', '1151', '2', '[0,[12399.468,3551.0505,0]]', '[]', '[]', '1', '0', '2013-06-04 23:11:52', '2013-06-04 23:11:52'),
  ('326', '1152', '2', '[0,[8638.415,4503.7104,-3.0517578e-005]]', '[]', '[]', '1', '0', '2013-06-04 23:11:52', '2013-06-04 23:11:52'),
  ('327', '1153', '2', '[0,[6081.2271,3644.3618,-7.6293945e-005]]', '[]', '[]', '1', '0', '2013-06-04 23:11:52', '2013-06-04 23:11:52'),
  ('328', '1154', '2', '[0,[8558.6035,10266.275,-1.5258789e-005]]', '[]', '[]', '1', '0', '2013-06-04 23:11:52', '2013-06-04 23:11:52'),
  ('329', '1155', '2', '[0,[6447.8086,3747.2095,-3.0517578e-005]]', '[]', '[]', '1', '0', '2013-06-04 23:11:52', '2013-06-04 23:11:52'),
  ('330', '1156', '2', '[0,[12602.82,9482.0088,-6.1035156e-005]]', '[]', '[]', '1', '0', '2013-06-04 23:11:52', '2013-06-04 23:11:52'),
  ('331', '1157', '2', '[0,[10011.31,5966.0137,-1.5258789e-005]]', '[]', '[]', '1', '0', '2013-06-04 23:11:52', '2013-06-04 23:11:52'),
  ('332', '1158', '2', '[0,[4986.6763,2370.2004,-3.0517578e-005]]', '[]', '[]', '1', '0', '2013-06-04 23:11:52', '2013-06-04 23:11:52'),
  ('333', '1159', '2', '[0,[10680.48,2489.4585,1.5258789e-005]]', '[]', '[]', '1', '0', '2013-06-04 23:11:52', '2013-06-04 23:11:52'),
  ('334', '1160', '2', '[112,[7609.127,5040.5688,0]]', '[]', '[]', '1', '0', '2013-06-04 23:11:52', '2013-06-04 23:11:52'),
  ('335', '1161', '2', '[109,[7657.4678,5089.9204,-1.5258789e-005]]', '[]', '[]', '1', '0', '2013-06-04 23:11:52', '2013-06-04 23:11:52'),
  ('336', '1162', '2', '[123,[8659.5869,6344.8281,0]]', '[]', '[]', '1', '0', '2013-06-04 23:11:52', '2013-06-04 23:11:52'),
  ('337', '1163', '2', '[114,[7649.0449,5039.7173,9.1552734e-005]]', '[]', '[]', '1', '0', '2013-06-04 23:11:52', '2013-06-04 23:11:52'),
  ('338', '1164', '2', '[0,[12040.198,12605.475,0.056991577]]', '[]', '[]', '1', '0', '2013-06-04 23:11:52', '2013-06-04 23:11:52'),
  ('339', '1165', '2', '[0,[12041.986,12605.255,0.056991577]]', '[]', '[]', '1', '0', '2013-06-04 23:11:52', '2013-06-04 23:11:52'),
  ('340', '1166', '2', '[0,[12043.023,12605.381,0.056991577]]', '[]', '[]', '1', '0', '2013-06-04 23:11:52', '2013-06-04 23:11:52'),
  ('341', '1167', '2', '[0,[12044.315,12605.146,0.056991577]]', '[]', '[]', '1', '0', '2013-06-04 23:11:52', '2013-06-04 23:11:52'),
  ('342', '1168', '2', '[0,[12045.255,12604.832,0.056991577]]', '[]', '[]', '1', '0', '2013-06-04 23:11:53', '2013-06-04 23:11:53'),
  ('343', '1169', '2', '[0,[13651.782,8899.4092,4.6491623e-006]]', '[]', '[]', '1', '0', '2013-06-04 23:11:53', '2013-06-04 23:11:53'),
  ('344', '1170', '2', '[0,[13682.838,4751.8242,4.2766333e-006]]', '[]', '[]', '1', '0', '2013-06-04 23:11:53', '2013-06-04 23:11:53'),
  ('345', '1171', '2', '[0,[12608.327,2926.3896,-4.2319298e-006]]', '[]', '[]', '1', '0', '2013-06-04 23:11:53', '2013-06-04 23:11:53'),
  ('346', '1172', '2', '[0,[11248.106,2678.0313,-6.9439411e-006]]', '[]', '[]', '1', '0', '2013-06-04 23:11:53', '2013-06-04 23:11:53'),
  ('347', '1173', '2', '[0,[10141.306,1686.3584,-1.0728836e-006]]', '[]', '[]', '1', '0', '2013-06-04 23:11:53', '2013-06-04 23:11:53'),
  ('348', '1174', '2', '[0,[10225.676,1696.9014,4.6938658e-006]]', '[]', '[]', '1', '0', '2013-06-04 23:11:53', '2013-06-04 23:11:53'),
  ('349', '1175', '2', '[0,[10061.154,1722.2041,2.0265579e-006]]', '[]', '[]', '1', '0', '2013-06-04 23:11:53', '2013-06-04 23:11:53'),
  ('350', '1176', '2', '[0,[7799.3281,2707.46,-5.0216913e-006]]', '[]', '[]', '1', '0', '2013-06-04 23:11:53', '2013-06-04 23:11:53'),
  ('351', '1177', '2', '[0,[7027.0903,2230.0347,-3.4272671e-007]]', '[]', '[]', '1', '0', '2013-06-04 23:11:53', '2013-06-04 23:11:53'),
  ('352', '1178', '2', '[0,[7011.5835,2261.4053,2.4914742e-005]]', '[]', '[]', '1', '0', '2013-06-04 23:11:53', '2013-06-04 23:11:53'),
  ('353', '1179', '2', '[0,[4967.8535,1749.2676,2.0861626e-007]]', '[]', '[]', '1', '0', '2013-06-04 23:11:53', '2013-06-04 23:11:53'),
  ('354', '1180', '2', '[0,[4053.4082,1837.376,-4.1276217e-006]]', '[]', '[]', '1', '0', '2013-06-04 23:11:53', '2013-06-04 23:11:53'),
  ('355', '1181', '2', '[0,[3486.0107,1391.3213,-7.0184469e-006]]', '[]', '[]', '1', '0', '2013-06-04 23:11:53', '2013-06-04 23:11:53'),
  ('356', '1182', '2', '[0,[7367.1523,2359.583,0]]', '[]', '[]', '1', '0', '2013-06-04 23:11:53', '2013-06-04 23:11:53'),
  ('357', '1183', '2', '[-14,[7088.3691,2076.3958,-0.011839807]]', '[]', '[]', '1', '0', '2013-06-04 23:11:53', '2013-06-04 23:11:53'),
  ('358', '1184', '2', '[76,[7443.2441,1975.8053,0.13510592]]', '[]', '[]', '1', '0', '2013-06-04 23:11:53', '2013-06-04 23:11:53'),
  ('359', '1185', '2', '[173,[7947.6343,1909.8322,0.088570133]]', '[]', '[]', '1', '0', '2013-06-04 23:11:53', '2013-06-04 23:11:53'),
  ('360', '1186', '2', '[0,[7616.8931,2461.9043,-0.013551086]]', '[]', '[]', '1', '0', '2013-06-04 23:11:53', '2013-06-04 23:11:53'),
  ('361', '1187', '2', '[0,[7541.5049,2461.9673,-0.034575582]]', '[]', '[]', '1', '0', '2013-06-04 23:11:53', '2013-06-04 23:11:53'),
  ('362', '1188', '2', '[0,[7601.6987,2516.8779,0.016494066]]', '[]', '[]', '1', '0', '2013-06-04 23:11:53', '2013-06-04 23:11:53'),
  ('363', '1189', '2', '[-152,[8571.5469,2276.0195,0]]', '[]', '[]', '1', '0', '2013-06-04 23:11:53', '2013-06-04 23:11:53'),
  ('364', '1190', '2', '[-152,[15442.939,13286.639,0]]', '[]', '[]', '1', '0', '2013-06-04 23:11:53', '2013-06-04 23:11:53'),
  ('365', '1191', '2', '[-152,[14294.525,13222.859,0]]', '[]', '[]', '1', '0', '2013-06-04 23:11:53', '2013-06-04 23:11:53'),
  ('366', '1192', '2', '[-152,[10297.322,3706.1509,2.5356522]]', '[]', '[]', '1', '0', '2013-06-04 23:11:53', '2013-06-04 23:11:53'),
  ('367', '1193', '2', '[-152,[10294.462,3678.7656,2.535656]]', '[]', '[]', '1', '0', '2013-06-04 23:11:53', '2013-06-04 23:11:53'),
  ('368', '1194', '2', '[-152,[10283.775,3693.0605,2.535656]]', '[]', '[]', '1', '0', '2013-06-04 23:11:53', '2013-06-04 23:11:53'),
  ('369', '1195', '2', '[0,[10758.22,1725.3232,0]]', '[]', '[]', '1', '0', '2013-06-04 23:11:53', '2013-06-04 23:11:53'),
  ('370', '1196', '2', '[0,[10260.75,1729.9375,0]]', '[]', '[]', '1', '0', '2013-06-04 23:11:53', '2013-06-04 23:11:53'),
  ('371', '1197', '2', '[0,[10234.608,1737.842,0]]', '[]', '[]', '1', '0', '2013-06-04 23:11:53', '2013-06-04 23:11:53'),
  ('372', '1198', '2', '[0,[10204.44,1730.7139,0]]', '[]', '[]', '1', '0', '2013-06-04 23:11:53', '2013-06-04 23:11:53'),
  ('373', '1199', '2', '[0,[3882.5781,2101.8777,-1.3411045e-006]]', '[]', '[]', '1', '0', '2013-06-04 23:11:53', '2013-06-04 23:11:53'),
  ('374', '1200', '2', '[0,[1566.7178,1813.7136,0]]', '[]', '[]', '1', '0', '2013-06-04 23:11:53', '2013-06-04 23:11:53'),
  ('375', '1201', '2', '[0,[1278.4561,2126.2986,0]]', '[]', '[]', '1', '0', '2013-06-04 23:11:53', '2013-06-04 23:11:53'),
  ('376', '1202', '2', '[0,[2081.0359,2109.2539,0]]', '[]', '[]', '1', '0', '2013-06-04 23:11:53', '2013-06-04 23:11:53'),
  ('377', '1203', '2', '[-87,[3968.7034,2262.6655,0]]', '[]', '[]', '1', '0', '2013-06-04 23:11:53', '2013-06-04 23:11:53'),
  ('378', '1204', '2', '[0,[7130.4604,2332.2463,0]]', '[]', '[]', '1', '0', '2013-06-04 23:11:53', '2013-06-04 23:11:53'),
  ('379', '1205', '2', '[0,[7090.3848,2292.1838,0]]', '[]', '[]', '1', '0', '2013-06-04 23:11:53', '2013-06-04 23:11:53'),
  ('380', '1206', '2', '[0,[6993.3594,2273.2068,0]]', '[]', '[]', '1', '0', '2013-06-04 23:11:53', '2013-06-04 23:11:53'),
  ('381', '1207', '2', '[0,[10168.12,1720.0845,0]]', '[]', '[]', '1', '0', '2013-06-04 23:11:53', '2013-06-04 23:11:53'),
  ('382', '1208', '2', '[0,[10066.361,1717.663,0]]', '[]', '[]', '1', '0', '2013-06-04 23:11:53', '2013-06-04 23:11:53'),
  ('383', '1209', '2', '[0,[10026.788,1689.4053,0]]', '[]', '[]', '1', '0', '2013-06-04 23:11:53', '2013-06-04 23:11:53'),
  ('384', '1210', '2', '[0,[10116.434,1717.663,0]]', '[]', '[]', '1', '0', '2013-06-04 23:11:53', '2013-06-04 23:11:53'),
  ('385', '1211', '2', '[0,[11760.784,2684.1174,0]]', '[]', '[]', '1', '0', '2013-06-04 23:11:53', '2013-06-04 23:11:53'),
  ('386', '1212', '2', '[0,[11440.12,2952.6909,0]]', '[]', '[]', '1', '0', '2013-06-04 23:11:53', '2013-06-04 23:11:53'),
  ('387', '1213', '2', '[0,[12735.777,3095.6423,0]]', '[]', '[]', '1', '0', '2013-06-04 23:11:53', '2013-06-04 23:11:53'),
  ('388', '1214', '2', '[0,[12523.446,2796.7446,0]]', '[]', '[]', '1', '0', '2013-06-04 23:11:53', '2013-06-04 23:11:53'),
  ('389', '1215', '2', '[0,[11578.786,2190.2866,0]]', '[]', '[]', '1', '0', '2013-06-04 23:11:53', '2013-06-04 23:11:53'),
  ('390', '1216', '2', '[0,[11050.124,1913.0475,0]]', '[]', '[]', '1', '0', '2013-06-04 23:11:53', '2013-06-04 23:11:53'),
  ('391', '1217', '2', '[0,[10703.459,1891.3889,0]]', '[]', '[]', '1', '0', '2013-06-04 23:11:53', '2013-06-04 23:11:53'),
  ('392', '1218', '2', '[0,[14339.1,4871.6997,0]]', '[]', '[]', '1', '0', '2013-06-04 23:11:53', '2013-06-04 23:11:53'),
  ('393', '1219', '2', '[0,[13849.438,5590.7856,0]]', '[]', '[]', '1', '0', '2013-06-04 23:11:53', '2013-06-04 23:11:53'),
  ('394', '1220', '2', '[0,[13767.104,5976.3198,0]]', '[]', '[]', '1', '0', '2013-06-04 23:11:53', '2013-06-04 23:11:53'),
  ('395', '1221', '2', '[0,[13858.104,6513.4688,0]]', '[]', '[]', '1', '0', '2013-06-04 23:11:53', '2013-06-04 23:11:53'),
  ('396', '1222', '2', '[0,[13845.103,6699.7383,0]]', '[]', '[]', '1', '0', '2013-06-04 23:11:53', '2013-06-04 23:11:53'),
  ('397', '1223', '2', '[-158,[12094.806,12625.431,0]]', '[]', '[]', '1', '0', '2013-06-04 23:11:53', '2013-06-04 23:11:53'),
  ('398', '1224', '2', '[0,[12060.2,12609.676,0]]', '[]', '[]', '1', '0', '2013-06-04 23:11:53', '2013-06-04 23:11:53'),
  ('399', '1225', '2', '[0,[13520.578,10538.28,-5.364418e-007]]', '[]', '[]', '1', '0', '2013-06-04 23:11:53', '2013-06-04 23:11:53'),
  ('400', '1226', '2', '[0,[13400.352,10599.427,-6.8545341e-007]]', '[]', '[]', '1', '0', '2013-06-04 23:11:53', '2013-06-04 23:11:53'),
  ('401', '1227', '2', '[0,[13334.964,10439.178,5.4836273e-006]]', '[]', '[]', '1', '0', '2013-06-04 23:11:53', '2013-06-04 23:11:53'),
  ('402', '1228', '2', '[0,[13221.065,10342.186,5.9604645e-006]]', '[]', '[]', '1', '0', '2013-06-04 23:11:53', '2013-06-04 23:11:53'),
  ('403', '1229', '2', '[0,[13237.939,10186.153,2.8908253e-006]]', '[]', '[]', '1', '0', '2013-06-04 23:11:53', '2013-06-04 23:11:53'),
  ('404', '1230', '2', '[0,[13254.813,10162.96,-4.7981739e-006]]', '[]', '[]', '1', '0', '2013-06-04 23:11:53', '2013-06-04 23:11:53'),
  ('405', '1231', '2', '[0,[13045.998,9804.5098,6.3478947e-006]]', '[]', '[]', '1', '0', '2013-06-04 23:11:53', '2013-06-04 23:11:53'),
  ('406', '1232', '2', '[0,[13035.452,9726.4941,6.5118074e-006]]', '[]', '[]', '1', '0', '2013-06-04 23:11:53', '2013-06-04 23:11:53'),
  ('407', '1233', '2', '[0,[12864.486,3597.7793,1.7106533e-005]]', '[]', '[]', '1', '0', '2013-06-04 23:11:53', '2013-06-04 23:11:53'),
  ('408', '1234', '2', '[0,[12773.226,3506.5488,-2.3633242e-005]]', '[]', '[]', '1', '0', '2013-06-04 23:11:53', '2013-06-04 23:11:53'),
  ('409', '1235', '2', '[0,[12252.315,3432.2754,-6.5267086e-006]]', '[]', '[]', '1', '0', '2013-06-04 23:11:53', '2013-06-04 23:11:53'),
  ('410', '1236', '2', '[0,[8156.4854,2751.8926,5.0887465e-006]]', '[]', '[]', '1', '0', '2013-06-04 23:11:53', '2013-06-04 23:11:53'),
  ('411', '1237', '2', '[0,[7613.9727,3006.2285,-2.1383166e-006]]', '[]', '[]', '1', '0', '2013-06-04 23:11:53', '2013-06-04 23:11:53'),
  ('412', '1238', '2', '[0,[7804.7881,3054.8516,-7.1227551e-006]]', '[]', '[]', '1', '0', '2013-06-04 23:11:53', '2013-06-04 23:11:53'),
  ('413', '1239', '2', '[0,[5376.5776,1878.5566,-4.7385693e-006]]', '[]', '[]', '1', '0', '2013-06-04 23:11:53', '2013-06-04 23:11:53'),
  ('414', '1240', '2', '[0,[4822.8408,1968.3203,1.5795231e-006]]', '[]', '[]', '1', '0', '2013-06-04 23:11:53', '2013-06-04 23:11:53'),
  ('415', '1241', '2', '[0,[4280.3281,2140.3711,1.3709068e-006]]', '[]', '[]', '1', '0', '2013-06-04 23:11:53', '2013-06-04 23:11:53'),
  ('416', '1242', '2', '[0,[4141.894,2263.7979,2.682209e-007]]', '[]', '[]', '1', '0', '2013-06-04 23:11:53', '2013-06-04 23:11:53'),
  ('417', '1243', '2', '[0,[3874.3794,2157.2021,3.7252903e-007]]', '[]', '[]', '1', '0', '2013-06-04 23:11:53', '2013-06-04 23:11:53'),
  ('420', '1246', '2', '[-154,[11935.563,12669.051,-1.5258789e-005]]', '[]', '[]', '1', '0', '2013-06-04 23:11:53', '2013-06-04 23:11:53');

-- 
-- Structure for table `items`
-- 

DROP TABLE IF EXISTS `items`;
CREATE TABLE IF NOT EXISTS `items` (
  `name` varchar(50) NOT NULL,
  `classname` varchar(50) NOT NULL,
  `slot_type` enum('head','weaponprimary','weaponsecondary','secinventory','tool','backpack','inventory') NOT NULL DEFAULT 'inventory',
  `slots` int(11) NOT NULL DEFAULT '1',
  `category` enum('weapon_primary','weapon_secondary','tool','consumable','clothing','backpack','ammo','vehiclepart','thrown','head','other','skins','King','super','admin','ultimate') NOT NULL,
  `ammo_class` varchar(50) NOT NULL DEFAULT '',
  `ammosec_class` varchar(50) NOT NULL DEFAULT '',
  `spawns` tinyint(1) NOT NULL DEFAULT '1',
  PRIMARY KEY (`classname`),
  UNIQUE KEY `classname` (`classname`)
) ENGINE=MyISAM DEFAULT CHARSET=latin1;

-- 
-- Data for table `items`
-- 

INSERT INTO `items` (`name`, `classname`, `slot_type`, `slots`, `category`, `ammo_class`, `ammosec_class`, `spawns`) VALUES
  ('AK-74', 'AK_74', 'weaponprimary', '10', 'weapon_primary', '30Rnd_545x39_AK', '', '1'),
  ('AKM', 'AK_47_M', 'weaponprimary', '10', 'weapon_primary', '30Rnd_762x39_AK47', '', '1'),
  ('AKS', 'AK_47_S', 'weaponprimary', '10', 'weapon_primary', '30Rnd_762x39_AK47', '', '1'),
  ('AKS-74 Kobra', 'AKS_74_kobra', 'weaponprimary', '10', 'weapon_primary', '30Rnd_545x39_AK', '', '1'),
  ('Bizon PP-19 SD', 'bizon_silenced', 'weaponprimary', '10', 'weapon_primary', '64Rnd_9x19_SD_Bizon', '', '1'),
  ('M1014', 'M1014', 'weaponprimary', '10', 'weapon_primary', '8Rnd_B_Beneli_74Slug', '', '1'),
  ('M16A2', 'M16A2', 'weaponprimary', '10', 'weapon_primary', '30Rnd_556x45_Stanag', '', '1'),
  ('M16A2 / M203', 'M16A2GL', 'weaponprimary', '10', 'weapon_primary', '30Rnd_556x45_Stanag', '', '1'),
  ('M16A4 RCO', 'M16A4_ACG', 'weaponprimary', '10', 'weapon_primary', '30Rnd_556x45_Stanag', '', '1'),
  ('M4A1', 'M4A1', 'weaponprimary', '10', 'weapon_primary', '30Rnd_556x45_Stanag', '', '1'),
  ('M4A1 / M203 Holo', 'M4A1_HWS_GL', 'weaponprimary', '10', 'super', '30Rnd_556x45_Stanag', '', '1'),
  ('M4A1 CCO', 'M4A1_Aim', 'weaponprimary', '10', 'weapon_primary', '30Rnd_556x45_Stanag', '', '1'),
  ('M4A1 CCO Camo SD', 'M4A1_AIM_SD_camo', 'weaponprimary', '10', 'weapon_primary', '30Rnd_556x45_StanagSD', '', '1'),
  ('MP5A5', 'MP5A5', 'weaponprimary', '10', 'weapon_primary', '30rnd_9x19_MP5', '', '1'),
  ('MP5SD6', 'MP5SD', 'weaponprimary', '10', 'weapon_primary', '30rnd_9x19_MP5SD', '', '1'),
  ('M240', 'M240_DZ', 'weaponprimary', '10', 'weapon_primary', '100Rnd_762x51_M240', '', '1'),
  ('M249', 'M249', 'weaponprimary', '10', 'weapon_primary', '200Rnd_556x45_M249', '', '1'),
  ('CZ 550 Scoped', 'huntingrifle', 'weaponprimary', '10', 'weapon_primary', '5x_22_LR_17_HMR', '', '1'),
  ('DMR', 'DMR', 'weaponprimary', '10', 'weapon_primary', '20Rnd_762x51_DMR', '', '1'),
  ('M24', 'M24', 'weaponprimary', '10', 'weapon_primary', '5Rnd_762x51_M24', '', '1'),
  ('SVD Camo', 'SVD_CAMO', 'weaponprimary', '10', 'super', '10Rnd_762x54_SVD', '', '1'),
  ('M1911A1', 'Colt1911', 'weaponsecondary', '5', 'weapon_secondary', '', '7Rnd_45ACP_1911', '1'),
  ('M9', 'M9', 'weaponsecondary', '5', 'weapon_secondary', '', '15Rnd_9x19_M9', '1'),
  ('M9 Silenced', 'M9SD', 'weaponsecondary', '5', 'weapon_secondary', '', '15Rnd_9x19_M9SD', '1'),
  ('Makarov PM', 'Makarov', 'weaponsecondary', '5', 'weapon_secondary', '', '8Rnd_9x18_Makarov', '1'),
  ('Lee Enfield', 'LeeEnfield', 'weaponprimary', '10', 'weapon_primary', '10x_303', '', '1'),
  ('M14 Aimpoint', 'M14_EP1', 'weaponprimary', '10', 'weapon_primary', '20Rnd_762x51_DMR', '', '1'),
  ('M4A3 CCO', 'M4A3_CCO_EP1', 'weaponprimary', '10', 'weapon_primary', '30Rnd_556x45_Stanag', '', '1'),
  ('Glock17', 'glock17_EP1', 'weaponsecondary', '5', 'weapon_secondary', '', '17Rnd_9x19_glock17', '1'),
  ('Revolver', 'revolver_EP1', 'weaponsecondary', '5', 'weapon_secondary', '', '6Rnd_45ACP', '1'),
  ('UZI (PDW)', 'UZI_EP1', 'weaponsecondary', '5', 'weapon_secondary', '30Rnd_9x19_UZI', '', '1'),
  ('FN FAL', 'FN_FAL', 'weaponprimary', '10', 'weapon_primary', '20Rnd_762x51_FNFAL', '', '1'),
  ('FN FAL ANPVS4', 'FN_FAL_ANPVS4', 'weaponprimary', '10', 'weapon_primary', '20Rnd_762x51_FNFAL', '', '1'),
  ('Mk 48 Mod 0', 'Mk_48_DZ', 'weaponprimary', '10', 'weapon_primary', '100Rnd_762x51_M240', '', '1'),
  ('AKS-74U', 'AKS_74_U', 'weaponprimary', '10', 'weapon_primary', '30Rnd_545x39_AK', '', '1'),
  ('AK-107', 'AK_107_kobra', 'weaponprimary', '10', 'weapon_primary', '30Rnd_545x39_AK', '', '1'),
  ('AK-107 / GP25', 'AK_107_GL_kobra', 'weaponprimary', '10', 'weapon_primary', '30Rnd_545x39_AK', '', '1'),
  ('AK107 / GP25 PSO', 'AK_107_GL_pso', 'weaponprimary', '10', 'weapon_primary', '30Rnd_545x39_AK', '', '1'),
  ('AK-107 PSO', 'AK_107_pso', 'weaponprimary', '10', 'weapon_primary', '30Rnd_545x39_AK', '', '1'),
  ('AK-74 / GP25', 'AK_74_GL', 'weaponprimary', '10', 'weapon_primary', '30Rnd_545x39_AK', '', '1'),
  ('AKS-74 PSO', 'AKS_74_pso', 'weaponprimary', '10', 'weapon_primary', '30Rnd_545x39_AK', '', '1'),
  ('AKS-74UN Kobra', 'AKS_74_UN_kobra', 'weaponprimary', '10', 'weapon_primary', '30Rnd_545x39_AK', '', '1'),
  ('Bizon PP-19', 'Bizon', 'weaponprimary', '10', 'weapon_primary', '64Rnd_9x19_Bizon', '', '1'),
  ('G36', 'G36a', 'weaponprimary', '10', 'King', '30Rnd_556x45_G36', '', '1'),
  ('G36C', 'G36C', 'weaponprimary', '10', 'King', '30Rnd_556x45_G36', '', '1'),
  ('Empty Soda Can', 'ItemSodaCokeEmpty', 'inventory', '1', 'other', '', '', '1'),
  ('G36K', 'G36K', 'weaponprimary', '10', 'King', '30Rnd_556x45_G36', '', '1'),
  ('M16A4', 'M16A4', 'weaponprimary', '10', 'weapon_primary', '30Rnd_556x45_Stanag', '', '1'),
  ('M16A4 / M203', 'M16A4_GL', 'weaponprimary', '10', 'weapon_primary', '30Rnd_556x45_Stanag', '', '1'),
  ('M16A4 / M203 RCO', 'M16A4_ACG_GL', 'weaponprimary', '10', 'weapon_primary', '30Rnd_556x45_Stanag', '', '1'),
  ('M4A1 / M203 Holo Camo', 'M4A1_HWS_GL_camo', 'weaponprimary', '10', 'weapon_primary', '30Rnd_556x45_Stanag', '', '1'),
  ('M4A1 / M203 Holo SD', 'M4A1_HWS_GL_SD_Camo', 'weaponprimary', '10', 'weapon_primary', '30Rnd_556x45_StanagSD', '', '1'),
  ('M4A1 / M203 RCO', 'M4A1_RCO_GL', 'weaponprimary', '10', 'weapon_primary', '30Rnd_556x45_Stanag', '', '1'),
  ('M4A1 CCO Camo', 'M4A1_Aim_camo', 'weaponprimary', '10', 'weapon_primary', '30Rnd_556x45_Stanag', '', '1'),
  ('Saiga 12K', 'Saiga12K', 'weaponprimary', '10', 'weapon_primary', '8Rnd_B_Saiga12_74Slug', '', '1'),
  ('PKP', 'Pecheneg', 'weaponprimary', '10', 'weapon_primary', '100Rnd_762x54_PK', '', '1'),
  ('PK', 'PK', 'weaponprimary', '10', 'weapon_primary', '100Rnd_762x54_PK', '', '1'),
  ('RPK-74', 'RPK_74', 'weaponprimary', '10', 'weapon_primary', '75Rnd_545x39_RPK', '', '1'),
  ('KSVK', 'KSVK', 'weaponprimary', '10', 'weapon_primary', '5Rnd_127x108_KSVK', '', '1'),
  ('M40A3', 'M40A3', 'weaponprimary', '10', 'weapon_primary', '5Rnd_762x51_M24', '', '1'),
  ('Mk12 SPR', 'M4SPR', 'weaponprimary', '10', 'weapon_primary', '30Rnd_556x45_Stanag', '', '1'),
  ('SVD', 'SVD', 'weaponprimary', '10', 'weapon_primary', '10Rnd_762x54_SVD', '', '1'),
  ('Makarov Silenced', 'MakarovSD', 'weaponsecondary', '5', 'weapon_secondary', '', '8Rnd_9x18_MakarovSD', '1'),
  ('M4A3 / M203 Acog', 'M4A3_RCO_GL_EP1', 'weaponprimary', '10', 'weapon_primary', '30Rnd_556x45_Stanag', '', '1'),
  ('M240 Scope', 'm240_scoped_EP1', 'weaponprimary', '10', 'weapon_primary', '100Rnd_762x51_M240', '', '1'),
  ('M249 SAW', 'M249_EP1', 'weaponprimary', '10', 'weapon_primary', '200Rnd_556x45_M249', '', '1'),
  ('M249 Scope', 'M249_m145_EP1', 'weaponprimary', '10', 'weapon_primary', '200Rnd_556x45_M249', '', '1'),
  ('M60E4', 'M60A4_EP1', 'weaponprimary', '10', 'weapon_primary', '100Rnd_762x51_M240', '', '1'),
  ('Mk 48 Desert', 'Mk_48_DES_EP1', 'weaponprimary', '10', 'weapon_primary', '100Rnd_762x51_M240', '', '1'),
  ('M24 Desert', 'M24_des_EP1', 'weaponprimary', '10', 'weapon_primary', '5Rnd_762x51_M24', '', '1'),
  ('SVD Desert', 'SVD_des_EP1', 'weaponprimary', '10', 'King', '10Rnd_762x54_SVD', '', '1'),
  ('SVD NSPU', 'SVD_NSPU_EP1', 'weaponprimary', '10', 'super', '10Rnd_762x54_SVD', '', '1'),
  ('Revolver Gold', 'revolver_gold_EP1', 'weaponsecondary', '5', 'weapon_secondary', '', '6Rnd_45ACP', '1'),
  ('Sa vz.61', 'Sa61_EP1', 'weaponsecondary', '5', 'weapon_secondary', '', '20Rnd_B_765x17_Ball', '1'),
  ('L110A1', 'BAF_L110A1_Aim', 'weaponprimary', '10', 'weapon_primary', '200Rnd_556x45_L110A1', '', '1'),
  ('L7A2 GPMG', 'BAF_L7A2_GPMG', 'weaponprimary', '10', 'weapon_primary', '100Rnd_762x51_M240', '', '1'),
  ('L85A2 Acog', 'BAF_L85A2_RIS_ACOG', 'weaponprimary', '10', 'ultimate', '30Rnd_556x45_Stanag', '', '1'),
  ('L85A2 Holo', 'BAF_L85A2_RIS_Holo', 'weaponprimary', '10', 'ultimate', '30Rnd_556x45_Stanag', '', '1'),
  ('L85A2 SUSAT', 'BAF_L85A2_RIS_SUSAT', 'weaponprimary', '10', 'ultimate', '30Rnd_556x45_Stanag', '', '1'),
  ('L85A2 Acog GL', 'BAF_L85A2_UGL_ACOG', 'weaponprimary', '10', 'ultimate', '30Rnd_556x45_Stanag', '', '1'),
  ('L85A2 Holo GL', 'BAF_L85A2_UGL_Holo', 'weaponprimary', '10', 'ultimate', '30Rnd_556x45_Stanag', '', '1'),
  ('L85A2 SUSAT GL', 'BAF_L85A2_UGL_SUSAT', 'weaponprimary', '10', 'King', '30Rnd_556x45_Stanag', '', '1'),
  ('L86A2 LSW', 'BAF_L86A2_ACOG', 'weaponprimary', '10', 'ultimate', '30Rnd_556x45_Stanag', '', '1'),
  ('AS50', 'BAF_AS50_scoped', 'weaponprimary', '10', 'weapon_primary', '10Rnd_127x99_M107', '', '1'),
  ('Remington 870', 'Remington870_lamp', 'weaponprimary', '10', 'weapon_primary', '', '', '1'),
  ('Winchester 1866', 'Winchester1866', 'weaponprimary', '10', 'weapon_primary', '', '', '1'),
  ('Toolbox', 'ItemToolbox', 'tool', '1', 'tool', '', '', '1'),
  ('NVGs', 'NVGoggles', 'head', '1', 'head', '', '', '1'),
  ('Binoculars', 'Binocular', 'head', '1', 'head', '', '', '1'),
  ('Entrenching Tool', 'ItemEtool', 'tool', '1', 'tool', '', '', '1'),
  ('Military Flashlight', 'ItemFlashlightRed', 'tool', '1', 'tool', '', '', '1'),
  ('GPS', 'ItemGPS', 'tool', '1', 'tool', '', '', '1'),
  ('Hatchet', 'ItemHatchet', 'tool', '1', 'tool', '', '', '1'),
  ('Hunting Knife', 'ItemKnife', 'tool', '1', 'tool', '', '', '1'),
  ('Watch', 'ItemWatch', 'tool', '1', 'tool', '', '', '1'),
  ('Matchbox', 'ItemMatchbox', 'tool', '1', 'tool', '', '', '1'),
  ('Regular Flashlight', 'ItemFlashlight', 'tool', '1', 'tool', '', '', '1'),
  ('Compass', 'ItemCompass', 'tool', '1', 'tool', '', '', '1'),
  ('Map', 'ItemMap', 'tool', '1', 'tool', '', '', '1'),
  ('Rangefinder', 'Binocular_Vector', 'head', '1', 'head', '', '', '1'),
  ('Raw Steak', 'FoodSteakRaw', 'inventory', '1', 'consumable', '', '', '1'),
  ('Cooked Steak', 'FoodSteakCooked', 'inventory', '1', 'consumable', '', '', '1'),
  ('Can O Baked Beans', 'FoodCanBakedBeans', 'inventory', '1', 'consumable', '', '', '1'),
  ('Can O Sardines', 'FoodCanSardines', 'inventory', '1', 'consumable', '', '', '1'),
  ('Can O Pasta', 'FoodCanPasta', 'inventory', '1', 'consumable', '', '', '1'),
  ('Soda: Coke', 'ItemSodaCoke', 'inventory', '1', 'consumable', '', '', '1'),
  ('Soda: Pepsi', 'ItemSodaPepsi', 'inventory', '1', 'consumable', '', '', '1'),
  ('Soda: Mt. Dew', 'ItemSodaMdew', 'inventory', '1', 'consumable', '', '', '1'),
  ('Water Bottle', 'ItemWaterbottle', 'inventory', '1', 'consumable', '', '', '1'),
  ('Road Flare', 'HandRoadFlare', 'inventory', '1', 'thrown', '', '', '1'),
  ('Chem(Green)', 'HandChemGreen', 'inventory', '1', 'thrown', '', '', '1'),
  ('Chem(Blue)', 'HandChemBlue', 'inventory', '1', 'thrown', '', '', '1'),
  ('Chem(Red)', 'HandChemRed', 'inventory', '1', 'thrown', '', '', '1'),
  ('Sandbag Kit', 'ItemSandbag', 'inventory', '1', 'other', '', '', '1'),
  ('Tank Trap Kit', 'ItemTankTrap', 'inventory', '1', 'other', '', '', '1'),
  ('Wire Kit', 'ItemWire', 'inventory', '1', 'other', '', '', '1'),
  ('Bandage', 'ItemBandage', 'secinventory', '1', 'consumable', '', '', '1'),
  ('Painkiller', 'ItemPainkiller', 'inventory', '1', 'consumable', '', '', '1'),
  ('Morphine', 'ItemMorphine', 'inventory', '1', 'consumable', '', '', '1'),
  ('Epi-Pen', 'ItemEpinephrine', 'inventory', '1', 'consumable', '', '', '1'),
  ('Antibiotics', 'ItemAntibiotic', 'inventory', '1', 'consumable', '', '', '1'),
  ('Bloodbag', 'ItemBloodbag', 'inventory', '1', 'consumable', '', '', '1'),
  ('Heatpack', 'ItemHeatPack', 'inventory', '1', 'consumable', '', '', '1'),
  ('Wood Pile', 'PartWoodPile', 'inventory', '2', 'other', '', '', '1'),
  ('Wheel', 'PartWheel', 'inventory', '6', 'vehiclepart', '', '', '1'),
  ('Fuel Tank', 'PartFueltank', 'inventory', '4', 'vehiclepart', '', '', '1'),
  ('Glass', 'PartGlass', 'inventory', '2', 'vehiclepart', '', '', '1'),
  ('Engine', 'PartEngine', 'inventory', '6', 'vehiclepart', '', '', '1'),
  ('Scrap Metal', 'PartGeneric', 'inventory', '3', 'vehiclepart', '', '', '1'),
  ('Main Rotor Assembly', 'PartVRotor', 'inventory', '6', 'vehiclepart', '', '', '1'),
  ('Jerry Can (Full)', 'ItemJerrycan', 'inventory', '3', 'vehiclepart', '', '', '1'),
  ('Tent', 'ItemTent', 'inventory', '3', 'other', '', '', '1'),
  ('Coyote Patrol Pack (8)', 'DZ_Patrol_Pack_EP1', 'backpack', '1', 'backpack', '', '', '1'),
  ('ACU Assault Pack (12)', 'DZ_Assault_Pack_EP1', 'backpack', '1', 'backpack', '', '', '1'),
  ('Czech BackPack (16)', 'DZ_CivilBackpack_EP1', 'backpack', '1', 'backpack', '', '', '1'),
  ('ALICE Pack (20)', 'DZ_ALICE_Pack_EP1', 'backpack', '1', 'backpack', '', '', '1'),
  ('Coyote Backpack (24)', 'DZ_Backpack_EP1', 'backpack', '1', 'backpack', '', '', '1'),
  ('Bear Trap', 'TrapBear', 'inventory', '1', 'other', '', '', '1'),
  ('IR Strobe', 'IRStrobe', 'inventory', '1', 'thrown', '', '', '1'),
  ('30Rnd_545x39_AK', '30Rnd_545x39_AK', 'inventory', '1', 'ammo', '', '', '1'),
  ('30Rnd_762x39_AK47', '30Rnd_762x39_AK47', 'inventory', '1', 'ammo', '', '', '1'),
  ('64Rnd_9x19_SD_Bizon', '64Rnd_9x19_SD_Bizon', 'inventory', '1', 'ammo', '', '', '1'),
  ('8Rnd_B_Beneli_74Slug', '8Rnd_B_Beneli_74Slug', 'inventory', '1', 'ammo', '', '', '1'),
  ('30Rnd_556x45_Stanag', '30Rnd_556x45_Stanag', 'inventory', '1', 'ammo', '', '', '1'),
  ('30Rnd_556x45_StanagSD', '30Rnd_556x45_StanagSD', 'inventory', '1', 'ammo', '', '', '1'),
  ('30rnd_9x19_MP5', '30rnd_9x19_MP5', 'inventory', '1', 'ammo', '', '', '1'),
  ('30rnd_9x19_MP5SD', '30rnd_9x19_MP5SD', 'inventory', '1', 'ammo', '', '', '1'),
  ('100Rnd_762x51_M240', '100Rnd_762x51_M240', 'inventory', '2', 'ammo', '', '', '1'),
  ('200Rnd_556x45_M249', '200Rnd_556x45_M249', 'inventory', '2', 'ammo', '', '', '1'),
  ('5x_22_LR_17_HMR', '5x_22_LR_17_HMR', 'inventory', '1', 'ammo', '', '', '1'),
  ('20Rnd_762x51_DMR', '20Rnd_762x51_DMR', 'inventory', '1', 'ammo', '', '', '1'),
  ('5Rnd_762x51_M24', '5Rnd_762x51_M24', 'inventory', '1', 'ammo', '', '', '1'),
  ('10Rnd_762x54_SVD', '10Rnd_762x54_SVD', 'inventory', '1', 'ammo', '', '', '1'),
  ('7Rnd_45ACP_1911', '7Rnd_45ACP_1911', 'secinventory', '1', 'ammo', '', '', '1'),
  ('15Rnd_9x19_M9', '15Rnd_9x19_M9', 'secinventory', '1', 'ammo', '', '', '1'),
  ('15Rnd_9x19_M9SD', '15Rnd_9x19_M9SD', 'secinventory', '1', 'ammo', '', '', '1'),
  ('8Rnd_9x18_Makarov', '8Rnd_9x18_Makarov', 'secinventory', '1', 'ammo', '', '', '1'),
  ('10x_303', '10x_303', 'inventory', '1', 'ammo', '', '', '1'),
  ('5Rnd_127x99_as50', '5Rnd_127x99_as50', 'inventory', '1', 'ammo', '', '', '1'),
  ('64Rnd_9x19_Bizon', '64Rnd_9x19_Bizon', 'inventory', '1', 'ammo', '', '', '1'),
  ('30Rnd_556x45_G36', '30Rnd_556x45_G36', 'inventory', '1', 'ammo', '', '', '1'),
  ('30Rnd_556x45_G36SD', '30Rnd_556x45_G36SD', 'inventory', '1', 'ammo', '', '', '1'),
  ('8Rnd_B_Saiga12_74Slug', '8Rnd_B_Saiga12_74Slug', 'inventory', '1', 'ammo', '', '', '1'),
  ('100Rnd_762x54_PK', '100Rnd_762x54_PK', 'inventory', '2', 'ammo', '', '', '1'),
  ('75Rnd_545x39_RPK', '75Rnd_545x39_RPK', 'inventory', '2', 'ammo', '', '', '1'),
  ('5Rnd_127x108_KSVK', '5Rnd_127x108_KSVK', 'inventory', '1', 'ammo', '', '', '1'),
  ('1Rnd_HE_GP25', '1Rnd_HE_GP25', 'secinventory', '1', 'ammo', '', '', '1'),
  ('30Rnd_9x19_UZI_SD', '30Rnd_9x19_UZI_SD', 'secinventory', '1', 'ammo', '', '', '1'),
  ('17Rnd_9x19_glock17', '17Rnd_9x19_glock17', 'secinventory', '1', 'ammo', '', '', '1'),
  ('6Rnd_45ACP', '6Rnd_45ACP', 'secinventory', '1', 'ammo', '', '', '1'),
  ('1Rnd_HE_M203', '1Rnd_HE_M203', 'secinventory', '1', 'ammo', '', '', '1'),
  ('30Rnd_9x19_UZI', '30Rnd_9x19_UZI', 'secinventory', '1', 'ammo', '', '', '1'),
  ('20Rnd_762x51_FNFAL', '20Rnd_762x51_FNFAL', 'inventory', '1', 'ammo', '', '', '1'),
  ('200Rnd_556x45_L110A1', '200Rnd_556x45_L110A1', 'inventory', '2', 'ammo', '', '', '1'),
  ('5Rnd_86x70_L115A1', '5Rnd_86x70_L115A1', 'inventory', '1', 'ammo', '', '', '1'),
  ('8Rnd_9x18_MakarovSD', '8Rnd_9x18_MakarovSD', 'secinventory', '1', 'ammo', '', '', '1'),
  ('20Rnd_B_765x17_Ball', '20Rnd_B_765x17_Ball', 'secinventory', '1', 'ammo', '', '', '1'),
  ('Camo Clothing', 'Skin_Camo1_DZ', 'inventory', '1', 'skins', '', '', '1'),
  ('Ghillie Suit', 'Skin_Sniper1_DZ', 'inventory', '1', 'skins', '', '', '1'),
  ('Soldier Clothing', 'Skin_Soldier1_DZ', 'inventory', '1', 'ultimate', '', '', '1'),
  ('Basic Clothing', 'Skin_Survivor2_DZ', 'inventory', '1', 'skins', '', '', '1'),
  ('NLAW Launcher', 'BAF_NLAW_Launcher', 'weaponprimary', '10', 'admin', 'NLAW', '', '1'),
  ('Empty Tin Can', 'TrashTinCan', 'inventory', '1', 'other', '', '', '1'),
  ('British Assault Pack (18)', 'BAF_AssaultPack_DZN', 'backpack', '1', 'backpack', '', '', '1'),
  ('AS50 TWS', 'BAF_AS50_TWS', 'weaponprimary', '10', 'ultimate', '5Rnd_127x99_as50', '', '1'),
  ('M32 Grenade Launcher ', 'M32_EP1', 'weaponprimary', '10', 'admin', '6Rnd_HE_M203', '', '1'),
  ('5round Railgun ammo', 'nsw_er7mm', 'inventory', '1', 'ammo', '', '', '1'),
  ('20rnd_762x51_SB_SCAR', '20rnd_762x51_SB_SCAR', 'inventory', '1', 'ammo', '', '', '1'),
  ('20rnd_762x51_B_SCAR', '20Rnd_762x51_B_SCAR', 'inventory', '1', 'ammo', '', '', '1'),
  ('Mk17 Sniper SD', 'SCAR_H_LNG_Sniper_SD', 'weaponprimary', '10', 'King', '20Rnd_762x51_SB_SCAR', '', '1'),
  ('Mk17 Sniper', 'SCAR_H_LNG_Sniper', 'weaponprimary', '10', 'King', '20Rnd_762x51_B_SCAR', '', '1'),
  ('NLAW', 'NLAW', 'inventory', '3', 'ammo', '', '', '1'),
  ('Admin Map', 'ItemMap_Debug', 'tool', '1', 'admin', '', '', '1'),
  ('SMAW', 'SMAW', 'weaponprimary', '10', 'admin', 'SMAW_HEAA', '', '1'),
  ('Scar-H Spec', 'SCAR_H_STD_EGLM_Spect', 'weaponprimary', '10', 'ultimate', '20rnd_762x51_B_SCAR', '', '1'),
  ('Scar-H CCO', 'SCAR_H_CQC_CCO', 'weaponprimary', '10', 'King', '20rnd_762x51_B_SCAR', '', '1'),
  ('Scar-L Holo', 'SCAR_L_CQC_EGLM_Holo', 'weaponprimary', '10', 'super', '30Rnd_556x45_Stanag', '', '1'),
  ('Scar-L RCO', 'SCAR_L_STD_EGLM_RCO', 'weaponprimary', '10', 'super', '30Rnd_556x45_Stanag', '', '1'),
  ('Scar-L Mk4', 'SCAR_L_STD_Mk4CQT', 'weaponprimary', '10', 'super', '30Rnd_556x45_Stanag', '', '1'),
  ('M8 Sharpshooter', 'm8_sharpshooter', 'weaponprimary', '10', 'King', '30Rnd_556x45_G36', '', '1'),
  ('M8 Carbine', 'm8_carbineGL', 'weaponprimary', '10', 'King', '30Rnd_556x45_G36', '', '1'),
  ('Scar-L', 'SCAR_L_CQC', 'weaponprimary', '10', 'super', '30Rnd_556x45_Stanag', '', '1'),
  ('Sa58 RCO', 'Sa58V_RCO_EP1', 'weaponprimary', '10', 'ultimate', '30Rnd_762x39_SA58', '', '1'),
  ('30Rnd_762x39_SA58', '30Rnd_762x39_SA58', 'inventory', '1', 'ammo', '', '', '1'),
  ('Sa58', 'Sa58V_EP1', 'weaponprimary', '10', 'super', '30Rnd_762x39_SA58', '', '1'),
  ('Sa58 CCO', 'Sa58V_CCO_EP1', 'weaponprimary', '10', 'ultimate', '30Rnd_762x39_SA58', '', '1'),
  ('Sa58P', 'Sa58P_EP1', 'weaponprimary', '10', 'King', '30Rnd_762x39_SA58', '', '1'),
  ('G36K Camo', 'G36K_camo', 'weaponprimary', '10', 'King', '30Rnd_556x45_G36', '', '1'),
  ('G36C Camo', 'G36C_camo', 'weaponprimary', '10', 'King', '30Rnd_556x45_G36', '', '1'),
  ('Hatchet', 'MeleeHatchet', 'weaponprimary', '10', 'weapon_primary', '', '', '1'),
  ('10Rnd_127x99_M107', '10Rnd_127x99_M107', 'inventory', '1', 'ammo', '', '', '1'),
  ('Satchel Charge ', 'Pipebomb', 'inventory', '2', 'thrown', '', '', '1'),
  ('M107', 'm107_DZ', 'weaponprimary', '10', 'admin', '10Rnd_127x99_M107', '', '1'),
  ('Red Smoke Grenade ', 'SmokeShellRed', 'inventory', '1', 'thrown', '', '', '1'),
  ('Green Smoke Grenade ', 'SmokeShellGreen', 'inventory', '1', 'thrown', '', '', '1'),
  ('Smoke Grenade ', 'SmokeShell', 'inventory', '1', 'thrown', '', '', '1'),
  ('Hand Grenade', 'HandGrenade_West', 'inventory', '1', 'thrown', '', '', '1'),
  ('6Rnd_HE_M203', '6Rnd_HE_M203', 'inventory', '2', 'ammo', '', '', '1'),
  ('SMAW_HEAA', 'SMAW_HEAA', 'inventory', '2', 'ammo', '', '', '1'),
  ('VSS Vintorez', 'VSS_Vintorez', 'weaponprimary', '10', 'King', '20Rnd_9x39_SP5_VSS', '', '1'),
  ('20Rnd_9x39_SP5_VSS', '20Rnd_9x39_SP5_VSS', 'inventory', '1', 'ammo', '', '', '1'),
  ('DZ_British_ACU', 'DZ_British_ACU', 'backpack', '1', 'backpack', '', '', '1'),
  ('AT13', 'AT13', 'inventory', '6', 'ammo', '', '', '1'),
  ('Dragon_EP1', 'Dragon_EP1', 'inventory', '6', 'ammo', '', '', '1'),
  ('Dragon Launcher', 'M47Launcher_EP1', 'weaponprimary', '10', 'admin', 'Dragon_EP1', '', '1'),
  ('Metis Launcher', 'MetisLauncher', 'weaponprimary', '10', 'admin', 'AT13', '', '1');

-- 
-- Structure for table `log_code`
-- 

DROP TABLE IF EXISTS `log_code`;
CREATE TABLE IF NOT EXISTS `log_code` (
  `id` int(11) unsigned NOT NULL AUTO_INCREMENT,
  `name` varchar(50) NOT NULL,
  `description` varchar(255) DEFAULT '',
  PRIMARY KEY (`id`),
  UNIQUE KEY `uq_log_code` (`name`)
) ENGINE=InnoDB AUTO_INCREMENT=6 DEFAULT CHARSET=utf8;

-- 
-- Data for table `log_code`
-- 

INSERT INTO `log_code` (`id`, `name`, `description`) VALUES
  ('1', 'Login', 'Player has logged in'),
  ('2', 'Logout', 'Player has logged out'),
  ('3', 'Ban', 'Player was banned'),
  ('4', 'Connect', 'Player has connected'),
  ('5', 'Disconnect', 'Player has disconnected');

-- 
-- Structure for table `log_entry`
-- 

DROP TABLE IF EXISTS `log_entry`;
CREATE TABLE IF NOT EXISTS `log_entry` (
  `id` int(11) unsigned NOT NULL AUTO_INCREMENT,
  `unique_id` varchar(128) NOT NULL DEFAULT '',
  `log_code_id` int(11) unsigned NOT NULL,
  `text` varchar(1024) DEFAULT '',
  `created` timestamp NOT NULL DEFAULT CURRENT_TIMESTAMP,
  `instance_id` int(11) unsigned NOT NULL DEFAULT '0',
  PRIMARY KEY (`id`),
  KEY `fk1_log_entry` (`log_code_id`),
  CONSTRAINT `fk1_log_entry` FOREIGN KEY (`log_code_id`) REFERENCES `log_code` (`id`)
) ENGINE=InnoDB AUTO_INCREMENT=682 DEFAULT CHARSET=utf8;

-- 
-- Data for table `log_entry`
-- 

INSERT INTO `log_entry` (`id`, `unique_id`, `log_code_id`, `text`, `created`, `instance_id`) VALUES
  ('1', '1751298', '1', '', '2013-05-15 00:53:46', '1'),
  ('2', '1751298', '5', '', '2013-05-15 00:53:56', '1'),
  ('3', '88749766', '1', '', '2013-05-15 00:59:21', '1'),
  ('4', '88749766', '5', '', '2013-05-15 01:01:31', '1'),
  ('5', '127239558', '1', '', '2013-05-15 13:06:54', '1'),
  ('6', '127239558', '5', '', '2013-05-15 13:11:12', '1'),
  ('7', '106771014', '1', '', '2013-05-15 14:54:47', '1'),
  ('8', '106771014', '5', '', '2013-05-15 15:02:38', '1'),
  ('9', '88749766', '1', '', '2013-05-15 18:29:45', '1'),
  ('10', '81666374', '1', '', '2013-05-15 18:33:19', '1'),
  ('11', '81666374', '5', '', '2013-05-15 18:39:33', '1'),
  ('12', '88749766', '1', '', '2013-05-15 18:42:39', '1'),
  ('13', '81666374', '1', '', '2013-05-15 18:42:50', '1'),
  ('14', '88749766', '5', '', '2013-05-15 18:44:47', '1'),
  ('15', '88749766', '1', '', '2013-05-15 18:45:59', '1'),
  ('16', '81666374', '5', '', '2013-05-15 19:30:30', '1'),
  ('17', '88749766', '1', '', '2013-05-15 19:56:53', '1'),
  ('18', '23259910', '1', '', '2013-05-15 18:28:28', '1'),
  ('19', '88749766', '1', '', '2013-05-15 18:31:16', '1'),
  ('20', '88749766', '5', '', '2013-05-15 18:33:27', '1'),
  ('21', '88749766', '1', '', '2013-05-15 18:36:48', '1'),
  ('22', '88749766', '5', '', '2013-05-15 18:39:12', '1'),
  ('23', '88749766', '1', '', '2013-05-15 18:43:34', '1'),
  ('24', '91400582', '1', '', '2013-05-15 18:55:32', '1'),
  ('25', '91400582', '5', '', '2013-05-15 18:59:22', '1'),
  ('26', '88749766', '5', '', '2013-05-15 19:00:14', '1'),
  ('27', '91400582', '1', '', '2013-05-15 19:05:21', '1'),
  ('28', '91400582', '5', '', '2013-05-15 19:05:27', '1'),
  ('29', '91400582', '1', '', '2013-05-15 19:07:25', '1'),
  ('30', '88749766', '1', '', '2013-05-15 19:13:33', '1'),
  ('31', '91400582', '5', '', '2013-05-15 19:25:27', '1'),
  ('32', '88749766', '5', '', '2013-05-15 19:34:14', '1'),
  ('33', '23259910', '5', '', '2013-05-15 20:15:07', '1'),
  ('34', '81666374', '1', '', '2013-05-15 20:19:03', '1'),
  ('35', '81666374', '5', '', '2013-05-15 20:21:26', '1'),
  ('36', '81666374', '1', '', '2013-05-15 20:35:21', '1'),
  ('37', '81666374', '5', '', '2013-05-15 20:35:48', '1'),
  ('38', '81666374', '1', '', '2013-05-16 17:53:02', '1'),
  ('39', '81666374', '5', '', '2013-05-16 17:53:47', '1'),
  ('40', '23259910', '1', '', '2013-05-16 22:17:20', '1'),
  ('41', '23259910', '5', '', '2013-05-16 23:23:25', '1'),
  ('42', '12320326', '1', '', '2013-05-17 01:52:50', '1'),
  ('43', '81666374', '1', '', '2013-05-17 12:35:35', '1'),
  ('44', '81666374', '1', '', '2013-05-17 12:42:28', '1'),
  ('45', '81666374', '5', '', '2013-05-17 12:42:33', '1'),
  ('46', '81666374', '1', '', '2013-05-17 13:06:20', '1'),
  ('47', '81666374', '5', '', '2013-05-17 13:21:48', '1'),
  ('48', '81666374', '1', '', '2013-05-17 13:33:46', '1'),
  ('49', '81666374', '5', '', '2013-05-17 13:34:23', '1'),
  ('50', '81666374', '1', '', '2013-05-17 13:58:42', '1'),
  ('51', '81666374', '5', '', '2013-05-17 14:08:40', '1'),
  ('52', '81666374', '1', '', '2013-05-17 14:09:55', '1'),
  ('53', '81666374', '5', '', '2013-05-17 14:10:42', '1'),
  ('54', '81666374', '1', '', '2013-05-17 14:31:27', '1'),
  ('55', '81666374', '5', '', '2013-05-17 14:35:07', '1'),
  ('56', '81666374', '1', '', '2013-05-17 14:35:24', '1'),
  ('57', '81666374', '5', '', '2013-05-17 14:35:26', '1'),
  ('58', '81666374', '1', '', '2013-05-17 15:01:18', '1'),
  ('59', '81666374', '5', '', '2013-05-17 15:01:37', '1'),
  ('60', '81666374', '1', '', '2013-05-17 15:46:55', '1'),
  ('61', '81666374', '1', '', '2013-05-17 15:53:47', '1'),
  ('62', '81666374', '5', '', '2013-05-17 16:06:09', '1'),
  ('63', '81666374', '1', '', '2013-05-17 16:12:54', '1'),
  ('64', '81666374', '5', '', '2013-05-17 16:27:55', '1'),
  ('65', '81666374', '1', '', '2013-05-17 16:28:10', '1'),
  ('66', '81666374', '5', '', '2013-05-17 16:32:05', '1'),
  ('67', '81666374', '1', '', '2013-05-17 16:32:16', '1'),
  ('68', '54405126', '1', '', '2013-05-17 17:18:54', '1'),
  ('69', '81666374', '1', '', '2013-05-17 17:26:51', '1'),
  ('70', '81666374', '5', '', '2013-05-17 17:28:32', '1'),
  ('71', '81666374', '1', '', '2013-05-17 17:30:59', '1'),
  ('72', '38269894', '1', '', '2013-05-17 17:57:11', '1'),
  ('73', '38269894', '1', '', '2013-05-17 17:58:46', '1'),
  ('74', '38269894', '1', '', '2013-05-17 18:02:11', '1'),
  ('75', '54405126', '5', '', '2013-05-17 18:16:51', '1'),
  ('76', '54405126', '1', '', '2013-05-17 18:17:15', '1'),
  ('77', '54405126', '1', '', '2013-05-17 18:26:56', '1'),
  ('78', '38269894', '1', '', '2013-05-17 18:30:20', '1'),
  ('79', '38269894', '1', '', '2013-05-17 18:34:29', '1'),
  ('80', '81666374', '5', '', '2013-05-17 18:34:47', '1'),
  ('81', '81666374', '1', '', '2013-05-17 18:34:59', '1'),
  ('82', '81666374', '1', '', '2013-05-17 18:36:38', '1'),
  ('83', '81666374', '5', '', '2013-05-17 18:38:26', '1'),
  ('84', '54405126', '5', '', '2013-05-17 18:38:31', '1'),
  ('85', '88749766', '1', '', '2013-05-17 20:58:41', '1'),
  ('86', '88749766', '5', '', '2013-05-17 21:07:32', '1'),
  ('87', '81666374', '1', '', '2013-05-18 02:36:59', '1'),
  ('88', '81666374', '5', '', '2013-05-18 02:37:06', '1'),
  ('89', '40370886', '1', '', '2013-05-18 14:42:26', '1'),
  ('90', '22406022', '1', '', '2013-05-18 16:50:35', '1'),
  ('91', '22406022', '5', '', '2013-05-18 17:36:31', '1'),
  ('92', '66770374', '1', '', '2013-05-18 18:06:31', '1'),
  ('93', '66770374', '5', '', '2013-05-18 18:14:48', '1'),
  ('94', '66770374', '1', '', '2013-05-18 19:54:21', '1'),
  ('95', '66770374', '5', '', '2013-05-18 19:55:48', '1'),
  ('96', '88749766', '1', '', '2013-05-18 23:02:30', '1'),
  ('97', '113794374', '1', '', '2013-05-18 23:04:41', '1'),
  ('98', '81666374', '1', '', '2013-05-18 23:18:38', '1'),
  ('99', '88749766', '5', '', '2013-05-18 23:41:08', '1'),
  ('100', '111180102', '1', '', '2013-05-18 23:43:36', '1'),
  ('101', '111180102', '5', '', '2013-05-18 23:44:06', '1'),
  ('102', '81666374', '5', '', '2013-05-18 23:46:02', '1'),
  ('103', '81666374', '1', '', '2013-05-18 23:46:27', '1'),
  ('104', '91400582', '1', '', '2013-05-18 23:48:48', '1'),
  ('105', '81666374', '1', '', '2013-05-19 00:11:34', '1'),
  ('106', '91400582', '1', '', '2013-05-19 00:13:55', '1'),
  ('107', '113794374', '1', '', '2013-05-19 00:16:01', '1'),
  ('108', '113794374', '5', '', '2013-05-19 00:17:57', '1'),
  ('109', '91400582', '1', '', '2013-05-19 00:27:28', '1'),
  ('110', '81666374', '5', '', '2013-05-19 00:34:11', '1'),
  ('111', '81666374', '1', '', '2013-05-19 16:09:09', '1'),
  ('112', '81666374', '5', '', '2013-05-19 16:35:09', '1'),
  ('113', '81666374', '1', '', '2013-05-19 16:35:22', '1'),
  ('114', '81666374', '5', '', '2013-05-19 16:39:42', '1'),
  ('115', '81666374', '1', '', '2013-05-19 16:48:19', '1'),
  ('116', '81666374', '1', '', '2013-05-19 17:07:18', '1'),
  ('117', '81666374', '5', '', '2013-05-19 17:11:02', '1'),
  ('118', '109820102', '1', '', '2013-05-19 17:52:47', '1'),
  ('119', '126304710', '1', '', '2013-05-19 22:22:58', '1'),
  ('120', '127860038', '1', '', '2013-05-20 09:17:38', '1'),
  ('121', '127860038', '5', '', '2013-05-20 09:22:19', '1'),
  ('122', '127860038', '1', '', '2013-05-20 13:08:42', '1'),
  ('123', '120778758', '1', '', '2013-05-20 20:15:18', '1'),
  ('124', '120778758', '5', '', '2013-05-20 20:50:14', '1'),
  ('125', '127860038', '1', '', '2013-05-20 22:02:09', '1'),
  ('126', '81666374', '1', '', '2013-05-20 22:07:02', '1'),
  ('127', '127860038', '1', '', '2013-05-20 22:07:20', '1'),
  ('128', '88749766', '1', '', '2013-05-20 22:10:09', '1'),
  ('129', '88749766', '1', '', '2013-05-20 22:24:39', '1'),
  ('130', '81666374', '1', '', '2013-05-20 22:26:11', '1'),
  ('131', '127860038', '1', '', '2013-05-20 22:39:16', '1'),
  ('132', '88749766', '1', '', '2013-05-20 22:40:10', '1'),
  ('133', '12320326', '1', '', '2013-05-20 22:44:53', '1'),
  ('134', '127860038', '1', '', '2013-05-20 22:45:53', '1'),
  ('135', '127860038', '1', '', '2013-05-20 22:50:19', '1'),
  ('136', '88749766', '1', '', '2013-05-20 22:50:22', '1'),
  ('137', '81666374', '1', '', '2013-05-20 22:51:02', '1'),
  ('138', '81666374', '1', '', '2013-05-20 22:57:20', '1'),
  ('139', '127860038', '1', '', '2013-05-20 23:00:35', '1'),
  ('140', '88749766', '1', '', '2013-05-20 23:03:04', '1'),
  ('141', '127860038', '5', '', '2013-05-20 23:03:38', '1'),
  ('142', '88749766', '5', '', '2013-05-20 23:03:38', '1'),
  ('143', '88749766', '1', '', '2013-05-20 23:03:44', '1'),
  ('144', '127860038', '1', '', '2013-05-20 23:03:47', '1'),
  ('145', '127860038', '1', '', '2013-05-20 23:04:25', '1'),
  ('146', '81666374', '1', '', '2013-05-20 23:04:45', '1'),
  ('147', '81666374', '1', '', '2013-05-20 23:06:09', '1'),
  ('148', '88749766', '1', '', '2013-05-20 23:06:39', '1'),
  ('149', '88749766', '1', '', '2013-05-20 23:09:47', '1'),
  ('150', '88749766', '1', '', '2013-05-20 23:10:49', '1'),
  ('151', '127860038', '5', '', '2013-05-20 23:16:32', '1'),
  ('152', '127860038', '1', '', '2013-05-20 23:17:06', '1'),
  ('153', '127860038', '1', '', '2013-05-20 23:23:09', '1'),
  ('154', '81666374', '1', '', '2013-05-20 23:28:30', '1'),
  ('155', '81666374', '5', '', '2013-05-20 23:45:50', '1'),
  ('156', '127860038', '1', '', '2013-05-20 23:48:44', '1'),
  ('157', '127860038', '5', '', '2013-05-20 23:49:26', '1'),
  ('158', '127860038', '1', '', '2013-05-20 23:49:35', '1'),
  ('159', '12320326', '1', '', '2013-05-20 23:51:44', '1'),
  ('160', '81666374', '1', '', '2013-05-20 23:51:52', '1'),
  ('161', '127860038', '1', '', '2013-05-20 23:53:25', '1'),
  ('162', '81666374', '1', '', '2013-05-20 23:55:30', '1'),
  ('163', '88749766', '1', '', '2013-05-21 00:00:28', '1'),
  ('164', '81666374', '1', '', '2013-05-21 00:02:53', '1'),
  ('165', '127860038', '1', '', '2013-05-21 00:03:21', '1'),
  ('166', '95149830', '1', '', '2013-05-21 00:03:53', '1'),
  ('167', '12320326', '1', '', '2013-05-21 00:04:43', '1'),
  ('168', '88749766', '1', '', '2013-05-21 00:06:03', '1'),
  ('169', '127860038', '1', '', '2013-05-21 00:09:46', '1'),
  ('170', '95149830', '1', '', '2013-05-21 00:22:39', '1'),
  ('171', '127860038', '1', '', '2013-05-21 00:22:46', '1'),
  ('172', '81666374', '1', '', '2013-05-21 00:23:22', '1'),
  ('173', '12320326', '1', '', '2013-05-21 00:23:23', '1'),
  ('174', '88749766', '1', '', '2013-05-21 00:23:29', '1'),
  ('175', '95149830', '5', '', '2013-05-21 00:23:58', '1'),
  ('176', '95149830', '1', '', '2013-05-21 00:24:06', '1'),
  ('177', '88749766', '1', '', '2013-05-21 00:24:29', '1'),
  ('178', '7004032', '1', '', '2013-05-21 00:25:15', '1'),
  ('179', '81666374', '5', '', '2013-05-21 00:35:27', '1'),
  ('180', '127860038', '1', '', '2013-05-21 00:46:54', '1'),
  ('181', '7004032', '1', '', '2013-05-21 00:46:58', '1'),
  ('182', '81666374', '1', '', '2013-05-21 00:47:50', '1'),
  ('183', '95149830', '1', '', '2013-05-21 00:47:52', '1'),
  ('184', '88749766', '1', '', '2013-05-21 00:47:55', '1'),
  ('185', '7004032', '1', '', '2013-05-21 00:51:44', '1'),
  ('186', '88749766', '1', '', '2013-05-21 01:04:35', '1'),
  ('187', '127860038', '5', '', '2013-05-21 01:06:09', '1'),
  ('188', '127860038', '1', '', '2013-05-21 01:06:52', '1'),
  ('189', '81666374', '1', '', '2013-05-21 01:08:55', '1'),
  ('190', '12320326', '1', '', '2013-05-21 01:10:26', '1'),
  ('191', '88749766', '1', '', '2013-05-21 01:11:42', '1'),
  ('192', '127860038', '5', '', '2013-05-21 01:14:02', '1'),
  ('193', '95149830', '5', '', '2013-05-21 01:14:04', '1'),
  ('194', '88749766', '1', '', '2013-05-21 01:14:29', '1'),
  ('195', '127860038', '1', '', '2013-05-21 01:14:52', '1'),
  ('196', '95149830', '1', '', '2013-05-21 01:15:01', '1'),
  ('197', '7004032', '1', '', '2013-05-21 01:20:30', '1'),
  ('198', '95149830', '1', '', '2013-05-21 01:24:21', '1'),
  ('199', '7004032', '5', '', '2013-05-21 01:30:02', '1'),
  ('200', '81666374', '1', '', '2013-05-21 01:30:27', '1'),
  ('201', '88749766', '1', '', '2013-05-21 01:30:45', '1'),
  ('202', '120609798', '1', '', '2013-05-21 01:30:47', '1'),
  ('203', '88749766', '5', '', '2013-05-21 01:32:06', '1'),
  ('204', '88749766', '1', '', '2013-05-21 01:32:19', '1'),
  ('205', '88749766', '1', '', '2013-05-21 01:39:05', '1'),
  ('206', '12320326', '1', '', '2013-05-21 01:40:47', '1'),
  ('207', '88749766', '5', '', '2013-05-21 01:43:27', '1'),
  ('208', '95149830', '5', '', '2013-05-21 01:48:07', '1'),
  ('209', '95149830', '1', '', '2013-05-21 01:48:43', '1'),
  ('210', '120609798', '5', '', '2013-05-21 01:49:19', '1'),
  ('211', '95149830', '5', '', '2013-05-21 01:52:18', '1'),
  ('212', '95149830', '1', '', '2013-05-21 01:52:30', '1'),
  ('213', '127860038', '1', '', '2013-05-21 01:53:43', '1'),
  ('214', '95149830', '5', '', '2013-05-21 01:54:02', '1'),
  ('215', '12320326', '5', '', '2013-05-21 01:58:25', '1'),
  ('216', '127860038', '5', '', '2013-05-21 01:58:25', '1'),
  ('217', '127860038', '1', '', '2013-05-21 01:59:03', '1'),
  ('218', '127860038', '5', '', '2013-05-21 01:59:42', '1'),
  ('219', '127860038', '1', '', '2013-05-21 02:00:20', '1'),
  ('220', '127860038', '5', '', '2013-05-21 02:07:40', '1'),
  ('221', '127860038', '1', '', '2013-05-21 02:08:00', '1'),
  ('222', '127860038', '1', '', '2013-05-21 02:17:34', '1'),
  ('223', '127860038', '5', '', '2013-05-21 02:29:07', '1'),
  ('224', '81666374', '1', '', '2013-05-21 15:27:46', '1'),
  ('225', '81666374', '1', '', '2013-05-21 15:54:42', '1'),
  ('226', '81666374', '5', '', '2013-05-21 16:40:10', '1'),
  ('227', '127860038', '1', '', '2013-05-21 17:16:45', '1'),
  ('228', '81666374', '1', '', '2013-05-21 17:26:58', '1'),
  ('229', '81666374', '5', '', '2013-05-21 17:45:05', '1'),
  ('230', '81666374', '1', '', '2013-05-21 17:45:20', '1'),
  ('231', '81666374', '1', '', '2013-05-21 18:10:26', '1'),
  ('232', '81666374', '1', '', '2013-05-21 18:11:45', '1'),
  ('233', '81666374', '5', '', '2013-05-21 18:23:44', '1'),
  ('234', '81666374', '1', '', '2013-05-21 18:24:09', '1'),
  ('235', '127860038', '5', '', '2013-05-21 18:33:41', '1'),
  ('236', '127860038', '1', '', '2013-05-21 18:42:04', '1'),
  ('237', '81666374', '1', '', '2013-05-21 18:46:30', '1'),
  ('238', '81666374', '5', '', '2013-05-21 18:58:35', '1'),
  ('239', '127860038', '5', '', '2013-05-21 18:58:47', '1'),
  ('240', '127860038', '1', '', '2013-05-21 19:02:11', '1'),
  ('241', '81666374', '1', '', '2013-05-21 19:08:58', '1'),
  ('242', '128067654', '1', '', '2013-05-21 19:25:25', '1'),
  ('243', '127860038', '5', '', '2013-05-21 19:26:34', '1'),
  ('244', '127860038', '1', '', '2013-05-21 20:26:33', '1'),
  ('245', '127860038', '5', '', '2013-05-21 20:29:53', '1'),
  ('246', '46605766', '1', '', '2013-05-21 21:28:52', '1'),
  ('247', '46605766', '5', '', '2013-05-21 21:29:06', '1'),
  ('248', '95149830', '1', '', '2013-05-21 21:51:01', '1'),
  ('249', '95149830', '5', '', '2013-05-21 21:55:06', '1'),
  ('250', '95149830', '1', '', '2013-05-21 21:55:13', '1'),
  ('251', '95149830', '5', '', '2013-05-21 21:59:16', '1'),
  ('252', '95149830', '1', '', '2013-05-21 22:01:27', '1'),
  ('253', '95149830', '5', '', '2013-05-21 22:04:38', '1'),
  ('254', '95149830', '1', '', '2013-05-21 22:04:48', '1'),
  ('255', '95149830', '5', '', '2013-05-21 22:06:39', '1'),
  ('256', '95149830', '1', '', '2013-05-21 22:06:53', '1'),
  ('257', '95149830', '5', '', '2013-05-21 22:11:47', '1'),
  ('258', '95149830', '1', '', '2013-05-21 22:12:01', '1'),
  ('259', '95149830', '5', '', '2013-05-21 22:13:01', '1'),
  ('260', '95149830', '1', '', '2013-05-21 22:14:29', '1'),
  ('261', '95149830', '5', '', '2013-05-21 22:16:06', '1'),
  ('262', '127860038', '1', '', '2013-05-21 22:16:38', '1'),
  ('263', '88338566', '1', '', '2013-05-21 22:41:27', '1'),
  ('264', '88338566', '5', '', '2013-05-21 22:54:25', '1'),
  ('265', '127860038', '5', '', '2013-05-21 23:04:25', '1'),
  ('266', '127860038', '1', '', '2013-05-21 23:16:16', '1'),
  ('267', '95149830', '1', '', '2013-05-21 23:21:20', '1'),
  ('268', '95149830', '5', '', '2013-05-21 23:23:16', '1'),
  ('269', '127860038', '5', '', '2013-05-21 23:31:06', '1'),
  ('270', '102098886', '1', '', '2013-05-22 19:14:54', '1'),
  ('271', '102098886', '5', '', '2013-05-22 19:52:10', '1'),
  ('272', '94738758', '1', '', '2013-05-22 21:43:50', '1'),
  ('273', '94738758', '5', '', '2013-05-22 22:00:09', '1'),
  ('274', '94738758', '1', '', '2013-05-22 22:29:32', '1'),
  ('275', '94738758', '5', '', '2013-05-22 22:50:27', '1'),
  ('276', '127860038', '1', '', '2013-05-23 01:07:32', '1'),
  ('277', '88749766', '1', '', '2013-05-23 01:12:20', '1'),
  ('278', '88749766', '1', '', '2013-05-23 01:19:29', '1'),
  ('279', '12320326', '1', '', '2013-05-23 01:37:50', '1'),
  ('280', '88749766', '1', '', '2013-05-23 02:53:27', '1'),
  ('281', '88749766', '1', '', '2013-05-23 02:56:00', '1'),
  ('282', '88749766', '5', '', '2013-05-23 02:56:50', '1'),
  ('283', '12320326', '5', '', '2013-05-23 03:13:43', '1'),
  ('284', '95149830', '1', '', '2013-05-23 13:20:04', '1'),
  ('285', '95149830', '5', '', '2013-05-23 13:32:59', '1'),
  ('286', '95149830', '1', '', '2013-05-23 13:33:07', '1'),
  ('287', '95149830', '5', '', '2013-05-23 13:33:13', '1'),
  ('288', '127860038', '1', '', '2013-05-23 22:06:13', '1'),
  ('289', '127860038', '1', '', '2013-05-23 22:11:49', '1'),
  ('290', '127860038', '5', '', '2013-05-23 22:14:45', '1'),
  ('291', '127860038', '1', '', '2013-05-23 22:20:26', '1'),
  ('292', '88749766', '1', '', '2013-05-23 22:30:22', '1'),
  ('293', '127860038', '1', '', '2013-05-23 22:30:43', '1'),
  ('294', '88749766', '1', '', '2013-05-23 22:34:06', '1'),
  ('295', '127860038', '1', '', '2013-05-23 22:41:05', '1'),
  ('296', '127860038', '5', '', '2013-05-23 22:42:57', '1'),
  ('297', '88749766', '1', '', '2013-05-23 22:46:24', '1'),
  ('298', '127860038', '1', '', '2013-05-23 22:47:22', '1'),
  ('299', '88749766', '1', '', '2013-05-23 22:48:29', '1'),
  ('300', '127860038', '1', '', '2013-05-23 22:55:23', '1'),
  ('301', '88749766', '1', '', '2013-05-23 23:28:10', '1'),
  ('302', '109130374', '1', '', '2013-05-23 23:29:04', '1'),
  ('303', '88749766', '1', '', '2013-05-23 23:42:39', '1'),
  ('304', '127860038', '1', '', '2013-05-23 23:50:32', '1'),
  ('305', '127860038', '5', '', '2013-05-23 23:53:04', '1'),
  ('306', '127860038', '1', '', '2013-05-23 23:53:38', '1'),
  ('307', '88749766', '1', '', '2013-05-23 23:56:42', '1'),
  ('308', '127860038', '5', '', '2013-05-23 23:57:40', '1'),
  ('309', '127860038', '1', '', '2013-05-23 23:59:13', '1'),
  ('310', '127860038', '5', '', '2013-05-23 23:59:58', '1'),
  ('311', '127860038', '1', '', '2013-05-24 00:00:41', '1'),
  ('312', '127860038', '5', '', '2013-05-24 00:03:41', '1'),
  ('313', '127860038', '1', '', '2013-05-24 00:04:50', '1'),
  ('314', '127860038', '5', '', '2013-05-24 00:05:23', '1'),
  ('315', '127860038', '1', '', '2013-05-24 00:06:26', '1'),
  ('316', '127860038', '5', '', '2013-05-24 00:06:56', '1'),
  ('317', '127860038', '1', '', '2013-05-24 00:09:17', '1'),
  ('318', '88749766', '1', '', '2013-05-24 00:13:30', '1'),
  ('319', '127860038', '5', '', '2013-05-24 00:14:49', '1'),
  ('320', '127860038', '1', '', '2013-05-24 00:16:45', '1'),
  ('321', '88749766', '1', '', '2013-05-24 00:18:30', '1'),
  ('322', '127860038', '5', '', '2013-05-24 00:18:37', '1'),
  ('323', '127860038', '1', '', '2013-05-24 00:19:42', '1'),
  ('324', '127860038', '5', '', '2013-05-24 00:21:09', '1'),
  ('325', '127860038', '1', '', '2013-05-24 00:22:38', '1'),
  ('326', '127860038', '5', '', '2013-05-24 00:24:02', '1'),
  ('327', '127860038', '1', '', '2013-05-24 00:27:01', '1'),
  ('328', '88749766', '5', '', '2013-05-24 00:28:26', '1'),
  ('329', '88749766', '1', '', '2013-05-24 00:28:57', '1'),
  ('330', '88749766', '5', '', '2013-05-24 00:31:21', '1'),
  ('331', '127860038', '5', '', '2013-05-24 00:31:30', '1'),
  ('332', '88749766', '1', '', '2013-05-24 00:35:08', '1'),
  ('333', '127860038', '1', '', '2013-05-24 00:35:50', '1'),
  ('334', '109130374', '5', '', '2013-05-24 00:36:52', '1'),
  ('335', '127860038', '5', '', '2013-05-24 00:37:13', '1'),
  ('336', '127860038', '1', '', '2013-05-24 00:42:37', '1'),
  ('337', '127860038', '5', '', '2013-05-24 00:42:54', '1'),
  ('338', '127860038', '1', '', '2013-05-24 00:44:10', '1'),
  ('339', '88749766', '5', '', '2013-05-24 00:59:09', '1'),
  ('340', '88749766', '1', '', '2013-05-24 00:59:34', '1'),
  ('341', '88749766', '5', '', '2013-05-24 01:02:37', '1'),
  ('342', '88749766', '1', '', '2013-05-24 01:03:19', '1'),
  ('343', '88749766', '5', '', '2013-05-24 01:12:08', '1'),
  ('344', '127860038', '5', '', '2013-05-24 01:15:39', '1'),
  ('345', '124865990', '1', '', '2013-05-24 01:17:03', '1'),
  ('346', '124865990', '5', '', '2013-05-24 01:19:16', '1'),
  ('347', '5285892', '1', '', '2013-05-24 04:34:19', '1'),
  ('348', '5285892', '5', '', '2013-05-24 04:38:26', '1'),
  ('349', '5285892', '1', '', '2013-05-24 04:38:41', '1'),
  ('350', '5285892', '5', '', '2013-05-24 04:38:45', '1'),
  ('351', '81632710', '1', '', '2013-05-24 11:05:58', '1'),
  ('352', '81632710', '5', '', '2013-05-24 11:06:43', '1'),
  ('353', '74501958', '1', '', '2013-05-24 15:50:31', '1'),
  ('354', '127860038', '1', '', '2013-05-24 15:55:55', '1'),
  ('355', '74501958', '5', '', '2013-05-24 16:08:00', '1'),
  ('356', '127860038', '5', '', '2013-05-24 16:09:03', '1'),
  ('357', '74501958', '1', '', '2013-05-24 16:11:50', '1'),
  ('358', '74501958', '5', '', '2013-05-24 16:58:10', '1'),
  ('359', '74501958', '1', '', '2013-05-24 17:01:13', '1'),
  ('360', '91400582', '1', '', '2013-05-24 17:36:29', '1'),
  ('361', '91400582', '1', '', '2013-05-24 17:39:34', '1'),
  ('362', '74501958', '5', '', '2013-05-24 17:39:40', '1'),
  ('363', '91400582', '5', '', '2013-05-24 18:01:23', '1'),
  ('364', '92289350', '1', '', '2013-05-24 19:10:37', '1'),
  ('365', '98000774', '1', '', '2013-05-24 19:16:44', '1'),
  ('366', '98000774', '1', '', '2013-05-24 19:38:20', '1'),
  ('367', '81666374', '1', '', '2013-05-24 20:07:12', '1'),
  ('368', '81666374', '1', '', '2013-05-24 20:15:37', '1'),
  ('369', '81666374', '5', '', '2013-05-24 20:17:03', '1'),
  ('370', '81666374', '1', '', '2013-05-24 20:17:12', '1'),
  ('371', '81666374', '1', '', '2013-05-24 20:27:38', '1'),
  ('372', '81666374', '5', '', '2013-05-24 20:29:55', '1'),
  ('373', '81666374', '1', '', '2013-05-24 20:30:03', '1'),
  ('374', '92289350', '5', '', '2013-05-24 20:46:24', '1'),
  ('375', '12320326', '1', '', '2013-05-24 20:59:53', '1'),
  ('376', '74501958', '1', '', '2013-05-24 23:38:53', '1'),
  ('377', '127795590', '1', '', '2013-05-25 00:25:37', '1'),
  ('378', '127795590', '5', '', '2013-05-25 00:27:57', '1'),
  ('379', '128310470', '1', '', '2013-05-25 04:38:39', '1'),
  ('380', '128310470', '5', '', '2013-05-25 04:53:51', '1'),
  ('381', '128310470', '1', '', '2013-05-25 04:55:14', '1'),
  ('382', '128310470', '5', '', '2013-05-25 05:00:07', '1'),
  ('383', '128310470', '1', '', '2013-05-25 05:01:28', '1'),
  ('384', '128310470', '5', '', '2013-05-25 05:03:33', '1'),
  ('385', '128310470', '1', '', '2013-05-25 05:16:43', '1'),
  ('386', '118527494', '1', '', '2013-05-25 10:44:09', '1'),
  ('387', '118527494', '5', '', '2013-05-25 10:58:15', '1'),
  ('388', '92289350', '1', '', '2013-05-25 12:05:45', '1'),
  ('389', '127860038', '1', '', '2013-05-25 12:07:21', '1'),
  ('390', '81666374', '1', '', '2013-05-25 12:14:15', '1'),
  ('391', '81666374', '1', '', '2013-05-25 12:18:47', '1'),
  ('392', '124569158', '1', '', '2013-05-25 12:31:45', '1'),
  ('393', '124569158', '5', '', '2013-05-25 12:33:17', '1'),
  ('394', '127860038', '5', '', '2013-05-25 12:49:31', '1'),
  ('395', '81666374', '5', '', '2013-05-25 12:49:40', '1'),
  ('396', '92289350', '5', '', '2013-05-25 12:49:44', '1'),
  ('397', '127860038', '1', '', '2013-05-25 12:52:11', '1'),
  ('398', '92289350', '1', '', '2013-05-25 12:55:31', '1'),
  ('399', '81666374', '1', '', '2013-05-25 12:56:56', '1'),
  ('400', '81666374', '5', '', '2013-05-25 13:00:28', '1'),
  ('401', '127860038', '5', '', '2013-05-25 13:05:16', '1'),
  ('402', '127860038', '1', '', '2013-05-25 13:05:38', '1'),
  ('403', '92289350', '5', '', '2013-05-25 13:16:34', '1'),
  ('404', '92289350', '1', '', '2013-05-25 13:18:28', '1'),
  ('405', '128595718', '1', '', '2013-05-25 13:20:59', '1'),
  ('406', '92289350', '5', '', '2013-05-25 13:25:39', '1'),
  ('407', '128595718', '5', '', '2013-05-25 13:25:52', '1'),
  ('408', '92289350', '1', '', '2013-05-25 13:26:58', '1'),
  ('409', '125906630', '1', '', '2013-05-25 13:56:32', '1'),
  ('410', '127860038', '5', '', '2013-05-25 14:13:21', '1'),
  ('411', '127860038', '1', '', '2013-05-25 14:14:53', '1'),
  ('412', '127860038', '5', '', '2013-05-25 14:33:04', '1'),
  ('413', '92289350', '5', '', '2013-05-25 14:34:32', '1'),
  ('414', '125906630', '5', '', '2013-05-25 14:41:28', '1'),
  ('415', '128073542', '1', '', '2013-05-25 17:33:16', '1'),
  ('416', '128073542', '5', '', '2013-05-25 17:35:04', '1'),
  ('417', '81804870', '1', '', '2013-05-25 22:48:36', '1'),
  ('418', '74501958', '1', '', '2013-05-25 22:56:34', '1'),
  ('419', '74501958', '1', '', '2013-05-25 23:23:19', '1'),
  ('420', '81804870', '5', '', '2013-05-25 23:30:12', '1'),
  ('421', '74501958', '5', '', '2013-05-25 23:30:32', '1'),
  ('422', '81666374', '1', '', '2013-05-26 01:31:11', '1'),
  ('423', '81666374', '5', '', '2013-05-26 01:34:45', '1'),
  ('424', '81666374', '1', '', '2013-05-26 01:34:50', '1'),
  ('425', '81666374', '5', '', '2013-05-26 01:37:22', '1'),
  ('426', '128552774', '1', '', '2013-05-26 06:20:16', '1'),
  ('427', '74501958', '1', '', '2013-05-26 12:45:37', '1'),
  ('428', '74501958', '5', '', '2013-05-26 12:54:48', '1'),
  ('429', '74501958', '1', '', '2013-05-26 12:59:37', '1'),
  ('430', '74501958', '5', '', '2013-05-26 14:05:11', '1'),
  ('431', '74501958', '1', '', '2013-05-26 14:32:07', '1'),
  ('432', '74501958', '5', '', '2013-05-26 15:07:40', '1'),
  ('433', '74501958', '1', '', '2013-05-26 15:28:52', '1'),
  ('434', '74501958', '5', '', '2013-05-26 15:52:14', '1'),
  ('435', '74501958', '1', '', '2013-05-26 16:51:35', '1'),
  ('436', '74501958', '5', '', '2013-05-26 17:02:00', '1'),
  ('437', '128073542', '1', '', '2013-05-26 20:41:15', '1'),
  ('438', '128073542', '5', '', '2013-05-26 20:53:14', '1'),
  ('439', '54405126', '1', '', '2013-05-26 21:41:26', '1'),
  ('440', '54405126', '5', '', '2013-05-26 21:43:02', '1'),
  ('441', '54405126', '1', '', '2013-05-26 21:43:10', '1'),
  ('442', '54405126', '1', '', '2013-05-26 21:43:51', '1'),
  ('443', '54405126', '5', '', '2013-05-26 21:45:45', '1'),
  ('444', '54405126', '1', '', '2013-05-26 21:45:51', '1'),
  ('445', '54405126', '1', '', '2013-05-26 21:58:19', '1'),
  ('446', '54405126', '5', '', '2013-05-26 21:59:38', '1'),
  ('447', '54405126', '1', '', '2013-05-26 21:59:45', '1'),
  ('448', '54405126', '1', '', '2013-05-26 22:00:37', '1'),
  ('449', '54405126', '5', '', '2013-05-26 22:03:48', '1'),
  ('450', '54405126', '1', '', '2013-05-26 22:04:02', '1'),
  ('451', '74501958', '1', '', '2013-05-26 22:05:07', '1'),
  ('452', '54405126', '5', '', '2013-05-26 22:12:07', '1'),
  ('453', '54405126', '1', '', '2013-05-26 22:12:32', '1'),
  ('454', '54405126', '1', '', '2013-05-26 22:22:56', '1'),
  ('455', '54405126', '5', '', '2013-05-26 22:25:22', '1'),
  ('456', '54405126', '1', '', '2013-05-26 22:25:31', '1'),
  ('457', '74501958', '1', '', '2013-05-26 22:43:15', '1'),
  ('458', '74501958', '5', '', '2013-05-26 22:49:34', '1'),
  ('459', '54405126', '5', '', '2013-05-26 22:56:18', '1'),
  ('460', '54405126', '1', '', '2013-05-26 22:58:31', '1'),
  ('461', '54405126', '5', '', '2013-05-26 23:06:28', '1'),
  ('462', '54405126', '1', '', '2013-05-27 00:06:48', '1'),
  ('463', '127860038', '1', '', '2013-05-27 00:12:08', '1'),
  ('464', '54405126', '5', '', '2013-05-27 00:12:24', '1'),
  ('465', '127860038', '5', '', '2013-05-27 00:15:25', '1'),
  ('466', '127860038', '1', '', '2013-05-27 00:20:44', '1'),
  ('467', '127860038', '5', '', '2013-05-27 00:24:23', '1'),
  ('468', '127860038', '1', '', '2013-05-27 00:27:08', '1'),
  ('469', '127860038', '5', '', '2013-05-27 00:27:19', '1'),
  ('470', '127860038', '1', '', '2013-05-27 00:28:48', '1'),
  ('471', '127860038', '5', '', '2013-05-27 00:33:00', '1'),
  ('472', '127860038', '1', '', '2013-05-27 00:34:00', '1'),
  ('473', '127860038', '5', '', '2013-05-27 00:42:38', '1'),
  ('474', '127860038', '1', '', '2013-05-27 00:43:56', '1'),
  ('475', '127860038', '5', '', '2013-05-27 00:55:40', '1'),
  ('476', '127860038', '1', '', '2013-05-27 01:07:10', '1'),
  ('477', '127860038', '5', '', '2013-05-27 01:17:10', '1'),
  ('478', '128574534', '1', '', '2013-05-27 16:05:54', '1'),
  ('479', '61466822', '1', '', '2013-05-27 20:00:55', '1'),
  ('480', '61469190', '1', '', '2013-05-27 20:01:31', '1'),
  ('481', '61466822', '5', '', '2013-05-27 20:10:28', '1'),
  ('482', '61466822', '1', '', '2013-05-27 20:10:41', '1'),
  ('483', '61469190', '1', '', '2013-05-27 20:12:26', '1'),
  ('484', '61469190', '1', '', '2013-05-27 20:16:00', '1'),
  ('485', '61469190', '1', '', '2013-05-27 20:17:48', '1'),
  ('486', '61469190', '1', '', '2013-05-27 20:22:07', '1'),
  ('487', '61469190', '1', '', '2013-05-27 20:26:04', '1'),
  ('488', '61469190', '1', '', '2013-05-27 20:32:46', '1'),
  ('489', '61469190', '1', '', '2013-05-27 20:34:12', '1'),
  ('490', '61466822', '5', '', '2013-05-27 20:38:58', '1'),
  ('491', '61469190', '1', '', '2013-05-27 20:44:19', '1'),
  ('492', '61469190', '5', '', '2013-05-27 21:03:41', '1'),
  ('493', '88749766', '1', '', '2013-05-27 22:45:05', '1'),
  ('494', '57845638', '1', '', '2013-05-27 22:46:55', '1'),
  ('495', '127860038', '1', '', '2013-05-27 23:00:01', '1'),
  ('496', '57845638', '1', '', '2013-05-27 23:05:36', '1'),
  ('497', '95658886', '1', '', '2013-05-27 23:52:18', '1'),
  ('498', '128399494', '1', '', '2013-05-27 23:59:00', '1'),
  ('499', '127860038', '5', '', '2013-05-28 00:17:52', '1'),
  ('500', '127860038', '1', '', '2013-05-28 00:18:49', '1'),
  ('501', '95658886', '1', '', '2013-05-28 00:20:56', '1'),
  ('502', '57845638', '5', '', '2013-05-28 00:22:23', '1'),
  ('503', '95658886', '1', '', '2013-05-28 00:23:53', '1'),
  ('504', '88749766', '5', '', '2013-05-28 00:56:53', '1'),
  ('505', '127860038', '5', '', '2013-05-28 01:09:42', '1'),
  ('506', '95658886', '5', '', '2013-05-28 01:10:08', '1'),
  ('507', '95658886', '1', '', '2013-05-28 01:16:18', '1'),
  ('508', '88749766', '1', '', '2013-05-28 01:16:53', '1'),
  ('509', '127860038', '1', '', '2013-05-28 01:17:21', '1'),
  ('510', '88749766', '1', '', '2013-05-28 01:21:07', '1'),
  ('511', '88749766', '5', '', '2013-05-28 01:25:52', '1'),
  ('512', '88749766', '1', '', '2013-05-28 01:28:11', '1'),
  ('513', '88749766', '5', '', '2013-05-28 01:31:30', '1'),
  ('514', '88749766', '1', '', '2013-05-28 01:32:34', '1'),
  ('515', '88749766', '1', '', '2013-05-28 01:53:00', '1'),
  ('516', '95658886', '1', '', '2013-05-28 01:54:28', '1'),
  ('517', '88749766', '1', '', '2013-05-28 01:58:35', '1'),
  ('518', '88749766', '5', '', '2013-05-28 01:59:47', '1'),
  ('519', '127860038', '1', '', '2013-05-28 02:39:48', '1'),
  ('520', '127860038', '1', '', '2013-05-28 02:48:19', '1'),
  ('521', '95658886', '1', '', '2013-05-28 02:56:12', '1'),
  ('522', '95658886', '1', '', '2013-05-28 03:04:40', '1'),
  ('523', '127860038', '5', '', '2013-05-28 03:18:18', '1'),
  ('524', '88749766', '1', '', '2013-05-28 09:27:08', '1'),
  ('525', '88749766', '5', '', '2013-05-28 09:29:06', '1'),
  ('526', '88749766', '1', '', '2013-05-28 09:29:46', '1'),
  ('527', '88749766', '5', '', '2013-05-28 09:46:07', '1'),
  ('528', '127860038', '1', '', '2013-05-28 21:30:14', '1'),
  ('529', '95149830', '1', '', '2013-05-28 21:35:26', '1'),
  ('530', '128303494', '1', '', '2013-05-28 21:38:04', '1'),
  ('531', '128304838', '1', '', '2013-05-28 21:38:57', '1'),
  ('532', '128303494', '1', '', '2013-05-28 21:41:40', '1'),
  ('533', '95149830', '5', '', '2013-05-28 21:47:51', '1'),
  ('534', '95149830', '1', '', '2013-05-28 21:55:19', '1'),
  ('535', '127860038', '5', '', '2013-05-28 22:02:09', '1'),
  ('536', '127860038', '1', '', '2013-05-28 22:03:44', '1'),
  ('537', '128303494', '5', '', '2013-05-28 22:15:10', '1'),
  ('538', '128304838', '5', '', '2013-05-28 22:15:14', '1'),
  ('539', '95149830', '1', '', '2013-05-28 22:23:43', '1'),
  ('540', '127860038', '5', '', '2013-05-28 22:42:45', '1'),
  ('541', '88749766', '1', '', '2013-05-29 00:24:32', '1'),
  ('542', '88749766', '5', '', '2013-05-29 00:49:41', '1'),
  ('543', '92053318', '1', '', '2013-05-29 01:16:07', '1'),
  ('544', '92053318', '1', '', '2013-05-29 01:23:49', '1'),
  ('545', '92053318', '5', '', '2013-05-29 01:37:17', '1'),
  ('546', '92053318', '1', '', '2013-05-29 02:02:15', '1'),
  ('547', '92053318', '5', '', '2013-05-29 02:31:21', '1'),
  ('548', '92053318', '1', '', '2013-05-29 13:28:53', '1'),
  ('549', '92053318', '1', '', '2013-05-29 13:52:01', '1'),
  ('550', '92053318', '1', '', '2013-05-29 13:58:03', '1'),
  ('551', '92053318', '1', '', '2013-05-29 15:13:56', '1'),
  ('552', '91400582', '1', '', '2013-05-29 15:17:25', '1'),
  ('553', '92053318', '5', '', '2013-05-29 15:18:32', '1'),
  ('554', '44794822', '1', '', '2013-05-29 21:16:22', '1'),
  ('555', '44794822', '5', '', '2013-05-29 21:17:14', '1'),
  ('556', '91400582', '1', '', '2013-05-30 10:48:53', '1'),
  ('557', '101852166', '1', '', '2013-05-30 10:52:42', '1'),
  ('558', '91400582', '1', '', '2013-05-30 10:54:02', '1'),
  ('559', '101852166', '1', '', '2013-05-30 10:59:30', '1'),
  ('560', '124081286', '1', '', '2013-05-30 12:31:12', '1'),
  ('561', '124081286', '5', '', '2013-05-30 12:32:38', '1'),
  ('562', '124081286', '1', '', '2013-05-30 15:41:30', '1'),
  ('563', '124081286', '1', '', '2013-05-30 16:00:45', '1'),
  ('564', '124081286', '5', '', '2013-05-30 16:07:29', '1'),
  ('565', '124081286', '1', '', '2013-05-30 16:59:24', '1'),
  ('566', '124081286', '5', '', '2013-05-30 17:04:20', '1'),
  ('567', '124081286', '1', '', '2013-05-30 17:04:42', '1'),
  ('568', '124081286', '1', '', '2013-05-30 17:15:24', '1'),
  ('569', '124081286', '1', '', '2013-05-30 17:20:51', '1'),
  ('570', '124081286', '1', '', '2013-05-30 17:22:42', '1'),
  ('571', '124081286', '5', '', '2013-05-30 17:25:40', '1'),
  ('572', '67378182', '1', '', '2013-05-30 17:48:57', '1'),
  ('573', '67378182', '5', '', '2013-05-30 17:50:02', '1'),
  ('574', '109130374', '1', '', '2013-05-30 18:05:09', '1'),
  ('575', '109130374', '1', '', '2013-05-30 18:15:18', '1'),
  ('576', '97020102', '1', '', '2013-05-30 18:50:36', '1'),
  ('577', '97020102', '5', '', '2013-05-30 19:04:09', '1'),
  ('578', '32166278', '1', '', '2013-05-30 21:36:31', '1'),
  ('579', '61853318', '1', '', '2013-05-30 22:50:27', '1'),
  ('580', '61853318', '5', '', '2013-05-30 23:03:53', '1'),
  ('581', '32166278', '1', '', '2013-05-30 23:10:26', '1'),
  ('582', '32166278', '5', '', '2013-05-31 00:25:04', '1'),
  ('583', '32166278', '1', '', '2013-05-31 00:51:36', '1'),
  ('584', '128399494', '1', '', '2013-05-31 00:53:59', '1'),
  ('585', '128399494', '5', '', '2013-05-31 01:01:40', '1'),
  ('586', '32166278', '5', '', '2013-05-31 02:27:05', '1'),
  ('587', '112507462', '1', '', '2013-05-31 12:13:24', '1'),
  ('588', '112507462', '5', '', '2013-05-31 12:15:53', '1'),
  ('589', '57760454', '1', '', '2013-05-31 15:26:41', '1'),
  ('590', '57760454', '1', '', '2013-05-31 15:36:03', '1'),
  ('591', '128666118', '1', '', '2013-05-31 15:37:51', '1'),
  ('592', '128666118', '1', '', '2013-05-31 15:40:56', '1'),
  ('593', '128666118', '1', '', '2013-05-31 16:19:32', '1'),
  ('594', '128666118', '1', '', '2013-05-31 16:35:26', '1'),
  ('595', '128666118', '1', '', '2013-05-31 16:40:28', '1'),
  ('596', '128666118', '1', '', '2013-05-31 16:43:19', '1'),
  ('597', '32166278', '1', '', '2013-05-31 20:27:31', '1'),
  ('598', '20265542', '1', '', '2013-05-31 20:31:42', '1'),
  ('599', '20265542', '5', '', '2013-05-31 20:32:14', '1'),
  ('600', '32166278', '5', '', '2013-05-31 21:30:36', '1'),
  ('601', '32166278', '1', '', '2013-05-31 21:43:39', '1'),
  ('602', '32166278', '5', '', '2013-05-31 22:04:05', '1'),
  ('603', '32166214', '1', '', '2013-05-31 22:20:32', '1'),
  ('604', '32166278', '1', '', '2013-05-31 22:20:32', '1'),
  ('605', '32166278', '5', '', '2013-05-31 23:05:00', '1'),
  ('606', '32166278', '1', '', '2013-05-31 23:07:10', '1'),
  ('607', '32166214', '1', '', '2013-05-31 23:12:30', '1'),
  ('608', '32166278', '1', '', '2013-05-31 23:12:52', '1'),
  ('609', '32166278', '1', '', '2013-05-31 23:20:37', '1'),
  ('610', '32166278', '1', '', '2013-05-31 23:21:59', '1'),
  ('611', '32166278', '1', '', '2013-05-31 23:25:19', '1'),
  ('612', '32166278', '1', '', '2013-05-31 23:26:46', '1'),
  ('613', '32166214', '5', '', '2013-05-31 23:45:50', '1'),
  ('614', '32166214', '1', '', '2013-05-31 23:47:52', '1'),
  ('615', '32166278', '5', '', '2013-05-31 23:55:19', '1'),
  ('616', '32166214', '5', '', '2013-05-31 23:56:04', '1'),
  ('617', '88749766', '1', '', '2013-06-02 23:26:14', '1'),
  ('618', '88749766', '5', '', '2013-06-02 23:30:00', '1'),
  ('619', '116324038', '1', '', '2013-06-03 18:04:00', '1'),
  ('620', '116324038', '5', '', '2013-06-03 18:13:36', '1'),
  ('621', '74501958', '1', '', '2013-06-03 18:58:35', '1'),
  ('622', '74501958', '5', '', '2013-06-03 19:12:14', '1'),
  ('623', '104852294', '1', '', '2013-06-04 21:03:16', '1'),
  ('624', '121875654', '1', '', '2013-06-04 21:03:35', '1'),
  ('625', '25764998', '1', '', '2013-06-04 21:06:28', '1'),
  ('626', '83424006', '1', '', '2013-06-04 21:06:28', '1'),
  ('627', '68957318', '1', '', '2013-06-04 21:06:29', '1'),
  ('628', '35298374', '1', '', '2013-06-04 21:06:29', '1'),
  ('629', '54484742', '1', '', '2013-06-04 21:06:29', '1'),
  ('630', '69403078', '1', '', '2013-06-04 21:06:30', '1'),
  ('631', '50869510', '1', '', '2013-06-04 21:06:34', '1'),
  ('632', '19507142', '1', '', '2013-06-04 21:06:36', '1'),
  ('633', '83424006', '5', '', '2013-06-04 21:06:38', '1'),
  ('634', '73581254', '1', '', '2013-06-04 21:06:43', '1'),
  ('635', '50869510', '5', '', '2013-06-04 21:06:54', '1'),
  ('636', '78754054', '1', '', '2013-06-04 21:07:01', '1'),
  ('637', '83424006', '1', '', '2013-06-04 21:07:16', '1'),
  ('638', '78754054', '5', '', '2013-06-04 21:07:40', '1'),
  ('639', '54192646', '1', '', '2013-06-04 21:07:55', '1'),
  ('640', '38292294', '1', '', '2013-06-04 21:08:03', '1'),
  ('641', '81666374', '1', '', '2013-06-04 21:08:58', '1'),
  ('642', '83424006', '5', '', '2013-06-04 21:09:05', '1'),
  ('643', '83424006', '1', '', '2013-06-04 21:10:03', '1'),
  ('644', '20254790', '1', '', '2013-06-04 21:10:26', '1'),
  ('645', '121875654', '5', '', '2013-06-04 21:11:01', '1'),
  ('646', '50869510', '1', '', '2013-06-04 21:12:13', '1'),
  ('647', '25764998', '5', '', '2013-06-04 21:12:46', '1'),
  ('648', '68957318', '5', '', '2013-06-04 21:13:03', '1'),
  ('649', '109189830', '1', '', '2013-06-04 21:13:21', '1'),
  ('650', '38292294', '5', '', '2013-06-04 21:13:22', '1'),
  ('651', '50869510', '5', '', '2013-06-04 21:13:30', '1'),
  ('652', '44844934', '1', '', '2013-06-04 21:13:59', '1'),
  ('653', '98093702', '1', '', '2013-06-04 21:14:23', '1'),
  ('654', '69403078', '5', '', '2013-06-04 21:14:27', '1'),
  ('655', '38292294', '1', '', '2013-06-04 21:14:50', '1'),
  ('656', '83424006', '5', '', '2013-06-04 21:14:51', '1'),
  ('657', '68957318', '1', '', '2013-06-04 21:15:00', '1'),
  ('658', '97010438', '1', '', '2013-06-04 21:15:08', '1'),
  ('659', '69403078', '1', '', '2013-06-04 21:16:00', '1'),
  ('660', '98093702', '5', '', '2013-06-04 21:16:27', '1'),
  ('661', '83424006', '1', '', '2013-06-04 21:16:47', '1'),
  ('662', '19507142', '5', '', '2013-06-04 21:17:53', '1'),
  ('663', '98093702', '1', '', '2013-06-04 21:18:13', '1'),
  ('664', '98093702', '5', '', '2013-06-04 21:19:11', '1'),
  ('665', '19507142', '1', '', '2013-06-04 21:20:04', '1'),
  ('666', '44844934', '5', '', '2013-06-04 21:20:07', '1'),
  ('667', '97010438', '5', '', '2013-06-04 21:20:17', '1'),
  ('668', '35298374', '1', '', '2013-06-04 21:20:48', '1'),
  ('669', '98093702', '1', '', '2013-06-04 21:21:27', '1'),
  ('670', '81666374', '5', '', '2013-06-04 21:22:04', '1'),
  ('671', '97010438', '1', '', '2013-06-04 21:22:14', '1'),
  ('672', '81666374', '1', '', '2013-06-04 21:24:01', '1'),
  ('673', '54192646', '5', '', '2013-06-04 21:24:21', '1'),
  ('674', '35298374', '5', '', '2013-06-04 21:24:32', '1'),
  ('675', '38292294', '5', '', '2013-06-04 21:24:39', '1'),
  ('676', '69403078', '5', '', '2013-06-04 21:24:41', '1'),
  ('677', '104852294', '5', '', '2013-06-04 21:24:44', '1'),
  ('678', '98093702', '5', '', '2013-06-04 21:24:49', '1'),
  ('679', '19507142', '5', '', '2013-06-04 21:25:06', '1'),
  ('680', '73581254', '5', '', '2013-06-04 21:25:12', '1'),
  ('681', '68957318', '5', '', '2013-06-04 21:25:45', '1');

-- 
-- Structure for table `log_tool`
-- 

DROP TABLE IF EXISTS `log_tool`;
CREATE TABLE IF NOT EXISTS `log_tool` (
  `id` int(11) unsigned NOT NULL AUTO_INCREMENT,
  `action` varchar(255) NOT NULL,
  `user` varchar(50) NOT NULL DEFAULT '',
  `timestamp` timestamp NOT NULL DEFAULT '0000-00-00 00:00:00' ON UPDATE CURRENT_TIMESTAMP,
  PRIMARY KEY (`id`)
) ENGINE=MyISAM AUTO_INCREMENT=320 DEFAULT CHARSET=utf8;

-- 
-- Data for table `log_tool`
-- 

INSERT INTO `log_tool` (`id`, `action`, `user`, `timestamp`) VALUES
  ('1', 'LOGIN', 'admin', '2013-05-15 00:51:36'),
  ('2', 'START SERVER', 'admin', '2013-05-15 00:51:41'),
  ('3', 'STOP SERVER', 'admin', '2013-05-15 00:54:05'),
  ('4', 'LOGIN', 'admin', '2013-05-15 00:56:06'),
  ('5', 'START SERVER', 'admin', '2013-05-15 00:57:33'),
  ('6', 'LOGIN', 'admin', '2013-05-15 09:40:22'),
  ('7', 'LOGIN', 'admin', '2013-05-15 18:09:18'),
  ('8', 'STOP SERVER', 'admin', '2013-05-15 18:11:27'),
  ('9', 'START SERVER', 'admin', '2013-05-15 18:17:55'),
  ('10', 'STOP SERVER', 'admin', '2013-05-15 18:19:14'),
  ('11', 'START SERVER', 'admin', '2013-05-15 18:21:17'),
  ('12', 'STOP SERVER', 'admin', '2013-05-15 18:21:28'),
  ('13', 'STOP SERVER', 'admin', '2013-05-15 18:21:37'),
  ('14', 'START SERVER', 'admin', '2013-05-15 18:22:53'),
  ('15', 'STOP SERVER', 'admin', '2013-05-15 18:39:45'),
  ('16', 'START SERVER', 'admin', '2013-05-15 18:40:33'),
  ('17', 'ITEMS CHECK', 'admin', '2013-05-15 19:25:16'),
  ('18', 'STOP SERVER', 'admin', '2013-05-15 19:39:29'),
  ('19', 'SPAWN VEHICLES', 'admin', '2013-05-15 19:39:38'),
  ('20', 'START SERVER', 'admin', '2013-05-15 19:40:02'),
  ('21', 'SPAWN VEHICLES', 'admin', '2013-05-15 19:57:18'),
  ('22', 'START SERVER', 'admin', '2013-05-15 19:57:53'),
  ('23', 'START SERVER', 'admin', '2013-05-15 19:58:34'),
  ('24', 'START SERVER', 'admin', '2013-05-15 19:58:54'),
  ('25', 'LOGIN', 'admin', '2013-05-15 18:11:55'),
  ('26', 'START SERVER', 'admin', '2013-05-15 18:12:03'),
  ('27', 'MANAGED USERS', 'admin', '2013-05-15 18:16:45'),
  ('28', 'REGISTERED USER ClicheUsername', 'admin', '2013-05-15 18:17:07'),
  ('29', 'REGISTERED USER dayzadmin', 'admin', '2013-05-15 18:18:09'),
  ('30', 'LOGIN', 'dayzadmin', '2013-05-15 18:21:29'),
  ('31', 'LOGIN', 'dayzadmin', '2013-05-15 18:21:50'),
  ('32', 'MANAGED USERS', 'dayzadmin', '2013-05-15 18:22:11'),
  ('33', 'DELETED USER: 2', 'dayzadmin', '2013-05-15 18:22:19'),
  ('34', 'STOP SERVER', 'admin', '2013-05-15 20:15:26'),
  ('35', 'START SERVER', 'admin', '2013-05-15 20:16:31'),
  ('36', 'STOP SERVER', 'admin', '2013-05-15 20:24:26'),
  ('37', 'START SERVER', 'admin', '2013-05-15 20:32:55'),
  ('38', 'STOP SERVER', 'admin', '2013-05-15 20:36:19'),
  ('39', 'START SERVER', 'admin', '2013-05-15 20:38:07'),
  ('40', 'LOGIN', 'admin', '2013-05-15 20:57:19'),
  ('41', 'STOP SERVER', 'admin', '2013-05-16 17:56:58'),
  ('42', 'START SERVER', 'admin', '2013-05-16 17:57:02'),
  ('43', 'RESTART SERVER', 'admin', '2013-05-16 21:57:12'),
  ('44', 'RESTART SERVER', 'admin', '2013-05-16 21:57:26'),
  ('45', 'STOP SERVER', 'admin', '2013-05-16 21:57:29'),
  ('46', 'START SERVER', 'admin', '2013-05-16 21:57:56'),
  ('47', 'LOGIN', 'dayzadmin', '2013-05-17 00:36:29'),
  ('48', 'LOGIN', 'dayzadmin', '2013-05-17 03:49:37'),
  ('49', 'ITEMS CHECK', 'dayzadmin', '2013-05-17 03:52:44'),
  ('50', 'LOGIN', 'admin', '2013-05-17 03:58:55'),
  ('51', 'STOP SERVER', 'admin', '2013-05-17 12:12:50'),
  ('52', 'START SERVER', 'admin', '2013-05-17 12:21:21'),
  ('53', 'STOP SERVER', 'admin', '2013-05-17 12:21:34'),
  ('54', 'STOP SERVER', 'admin', '2013-05-17 12:21:38'),
  ('55', 'RESTART SERVER', 'admin', '2013-05-17 12:28:12'),
  ('56', 'START SERVER', 'admin', '2013-05-17 12:28:16'),
  ('57', 'LOGIN', 'dayzadmin', '2013-05-17 12:49:44'),
  ('58', 'STOP SERVER', 'admin', '2013-05-17 13:26:47'),
  ('59', 'START SERVER', 'admin', '2013-05-17 13:30:57'),
  ('60', 'STOP SERVER', 'admin', '2013-05-17 13:46:48'),
  ('61', 'START SERVER', 'admin', '2013-05-17 13:53:59'),
  ('62', 'STOP SERVER', 'admin', '2013-05-17 14:16:01'),
  ('63', 'START SERVER', 'admin', '2013-05-17 14:16:09'),
  ('64', 'RESTART SERVER', 'admin', '2013-05-17 14:27:32'),
  ('65', 'STOP SERVER', 'admin', '2013-05-17 14:27:33'),
  ('66', 'START SERVER', 'admin', '2013-05-17 14:27:38'),
  ('67', 'STOP SERVER', 'admin', '2013-05-17 15:05:44'),
  ('68', 'START SERVER', 'admin', '2013-05-17 15:43:43'),
  ('69', 'STOP SERVER', 'admin', '2013-05-17 15:51:53'),
  ('70', 'START SERVER', 'admin', '2013-05-17 15:52:02'),
  ('71', 'STOP SERVER', 'admin', '2013-05-17 16:06:28'),
  ('72', 'START SERVER', 'admin', '2013-05-17 16:07:08'),
  ('73', 'STOP SERVER', 'admin', '2013-05-17 16:07:27'),
  ('74', 'START SERVER', 'admin', '2013-05-17 16:09:02'),
  ('75', 'STOP SERVER', 'admin', '2013-05-17 16:09:42'),
  ('76', 'START SERVER', 'admin', '2013-05-17 16:09:47'),
  ('77', 'STOP SERVER', 'admin', '2013-05-17 18:38:39'),
  ('78', 'START SERVER', 'admin', '2013-05-17 18:38:46'),
  ('79', 'LOGIN', 'dayzadmin', '2013-05-17 20:49:39'),
  ('80', 'LOGOUT', 'dayzadmin', '2013-05-17 20:50:18'),
  ('81', 'LOGIN', 'dayzadmin', '2013-05-17 20:50:51'),
  ('82', 'LOGOUT', 'dayzadmin', '2013-05-17 20:50:56'),
  ('83', 'LOGIN', 'dayzadmin', '2013-05-17 20:50:59'),
  ('84', 'STOP SERVER', 'dayzadmin', '2013-05-19 00:35:11'),
  ('85', 'START SERVER', 'dayzadmin', '2013-05-19 00:35:25'),
  ('86', 'STOP SERVER', 'dayzadmin', '2013-05-19 14:13:17'),
  ('87', 'LOGIN', 'dayzadmin', '2013-05-19 15:20:06'),
  ('88', 'START SERVER', 'dayzadmin', '2013-05-19 15:20:14'),
  ('89', 'STOP SERVER', 'dayzadmin', '2013-05-19 15:24:10'),
  ('90', 'STOP SERVER', 'dayzadmin', '2013-05-19 15:51:02'),
  ('91', 'START SERVER', 'dayzadmin', '2013-05-19 15:59:31'),
  ('92', 'RESTART SERVER', 'dayzadmin', '2013-05-19 16:02:13'),
  ('93', 'START SERVER', 'dayzadmin', '2013-05-19 16:02:16'),
  ('94', 'ITEMS CHECK', 'dayzadmin', '2013-05-19 16:06:29'),
  ('95', 'CLEAR SURVIVOR 18', 'dayzadmin', '2013-05-19 16:06:35'),
  ('96', 'ITEMS CHECK', 'dayzadmin', '2013-05-19 16:06:35'),
  ('97', 'RESTART SERVER', 'dayzadmin', '2013-05-19 16:39:42'),
  ('98', 'RESTART SERVER', 'dayzadmin', '2013-05-19 16:39:44'),
  ('99', 'STOP SERVER', 'dayzadmin', '2013-05-19 16:39:45'),
  ('100', 'START SERVER', 'dayzadmin', '2013-05-19 16:39:49'),
  ('101', 'LOGIN', 'dayzadmin', '2013-05-20 21:10:04'),
  ('102', 'ITEMS CHECK', 'dayzadmin', '2013-05-20 22:54:06'),
  ('103', 'STOP SERVER', 'dayzadmin', '2013-05-20 22:57:50'),
  ('104', 'START SERVER', 'dayzadmin', '2013-05-20 22:59:21'),
  ('105', 'STOP SERVER', 'dayzadmin', '2013-05-20 23:45:59'),
  ('106', 'STOP SERVER', 'dayzadmin', '2013-05-20 23:46:06'),
  ('107', 'KILLED SERVER', 'dayzadmin', '2013-05-20 23:46:28'),
  ('108', 'DELETE ALL VEHICLES', 'dayzadmin', '2013-05-20 23:46:36'),
  ('109', 'SPAWN VEHICLES', 'dayzadmin', '2013-05-20 23:46:39'),
  ('110', 'START SERVER', 'dayzadmin', '2013-05-20 23:46:54'),
  ('111', 'STOP SERVER', 'dayzadmin', '2013-05-21 00:19:42'),
  ('112', 'START SERVER', 'dayzadmin', '2013-05-21 00:20:16'),
  ('113', 'STOP SERVER', 'dayzadmin', '2013-05-21 00:35:32'),
  ('114', 'START SERVER', 'dayzadmin', '2013-05-21 00:36:18'),
  ('115', 'STOP SERVER', 'dayzadmin', '2013-05-21 00:41:51'),
  ('116', 'START SERVER', 'dayzadmin', '2013-05-21 00:43:16'),
  ('117', 'STOP SERVER', 'dayzadmin', '2013-05-21 00:43:31'),
  ('118', 'START SERVER', 'dayzadmin', '2013-05-21 00:44:30'),
  ('119', 'STOP SERVER', 'dayzadmin', '2013-05-21 09:24:26'),
  ('120', 'START SERVER', 'dayzadmin', '2013-05-21 09:25:10'),
  ('121', 'STOP SERVER', 'dayzadmin', '2013-05-21 15:17:34'),
  ('122', 'START SERVER', 'dayzadmin', '2013-05-21 15:17:51'),
  ('123', 'STOP SERVER', 'dayzadmin', '2013-05-21 15:18:13'),
  ('124', 'START SERVER', 'dayzadmin', '2013-05-21 15:18:34'),
  ('125', 'STOP SERVER', 'dayzadmin', '2013-05-23 00:09:43'),
  ('126', 'LOGIN', 'dayzadmin', '2013-05-23 00:14:06'),
  ('127', 'START SERVER', 'dayzadmin', '2013-05-23 00:57:17'),
  ('128', 'LOGIN', 'dayzadmin', '2013-05-23 21:31:08'),
  ('129', 'MANAGED USERS', 'dayzadmin', '2013-05-23 21:31:36'),
  ('130', 'LOGIN', 'dayzadmin', '2013-05-23 21:31:53'),
  ('131', 'STOP SERVER', 'dayzadmin', '2013-05-23 21:47:20'),
  ('132', 'START SERVER', 'dayzadmin', '2013-05-23 21:48:32'),
  ('133', 'RESTART SERVER', 'dayzadmin', '2013-05-23 22:16:47'),
  ('134', 'RESTART SERVER', 'dayzadmin', '2013-05-23 22:16:53'),
  ('135', 'STOP SERVER', 'dayzadmin', '2013-05-23 22:17:01'),
  ('136', 'START SERVER', 'dayzadmin', '2013-05-23 22:17:06'),
  ('137', 'STOP SERVER', 'dayzadmin', '2013-05-23 22:43:19'),
  ('138', 'START SERVER', 'dayzadmin', '2013-05-23 22:43:50'),
  ('139', 'LOGIN', 'dayzadmin', '2013-05-23 22:44:00'),
  ('140', 'ITEMS CHECK', 'dayzadmin', '2013-05-23 22:51:43'),
  ('141', 'ITEMS CHECK', 'dayzadmin', '2013-05-23 22:52:33'),
  ('142', 'LOGIN', 'dayzadmin', '2013-05-24 03:38:24'),
  ('143', 'LOGIN', 'dayzadmin', '2013-05-24 15:35:46'),
  ('144', 'LOGIN', 'dayzadmin', '2013-05-24 15:55:59'),
  ('145', 'LOGIN', 'dayzadmin', '2013-05-24 15:58:26'),
  ('146', 'MANAGED USERS', 'dayzadmin', '2013-05-24 16:02:13'),
  ('147', 'LOGIN', 'dayzadmin', '2013-05-24 18:46:44'),
  ('148', 'STOP SERVER', 'dayzadmin', '2013-05-24 18:46:49'),
  ('149', 'RESTART SERVER', 'dayzadmin', '2013-05-24 18:46:53'),
  ('150', 'START SERVER', 'dayzadmin', '2013-05-24 18:46:55'),
  ('151', 'LOGIN', 'dayzadmin', '2013-05-24 19:26:09'),
  ('152', 'LOGIN', 'dayzadmin', '2013-05-25 11:54:01'),
  ('153', 'LOGIN', 'dayzadmin', '2013-05-25 12:11:31'),
  ('154', 'LOGIN', 'dayzadmin', '2013-05-27 00:03:48'),
  ('155', 'LOGOUT', 'dayzadmin', '2013-05-27 00:25:04'),
  ('156', 'LOGIN', 'dayzadmin', '2013-05-27 00:25:08'),
  ('157', 'LOGIN', 'dayzadmin', '2013-05-27 00:56:01'),
  ('158', 'LOGIN', 'dayzadmin', '2013-05-27 22:42:44'),
  ('159', 'STOP SERVER', 'dayzadmin', '2013-05-27 22:42:53'),
  ('160', 'START SERVER', 'dayzadmin', '2013-05-27 22:43:00'),
  ('161', 'LOGIN', 'dayzadmin', '2013-05-27 22:54:22'),
  ('162', 'LOGIN', 'dayzadmin', '2013-05-28 00:09:55'),
  ('163', 'RESTART SERVER', 'dayzadmin', '2013-05-28 01:12:05'),
  ('164', 'STOP SERVER', 'dayzadmin', '2013-05-28 01:12:09'),
  ('165', 'START SERVER', 'dayzadmin', '2013-05-28 01:12:13'),
  ('166', 'LOGIN', 'dayzadmin', '2013-05-28 01:18:22'),
  ('167', 'LOGIN', 'dayzadmin', '2013-05-28 02:50:28'),
  ('168', 'LOGIN', 'dayzadmin', '2013-05-28 09:21:40'),
  ('169', 'STOP SERVER', 'dayzadmin', '2013-05-28 09:21:48'),
  ('170', 'RESPAWN ALL VEHICLES', 'dayzadmin', '2013-05-28 09:22:13'),
  ('171', 'SPAWN VEHICLES', 'dayzadmin', '2013-05-28 09:22:16'),
  ('172', 'SPAWN VEHICLES', 'dayzadmin', '2013-05-28 09:22:28'),
  ('173', 'RESPAWN ALL VEHICLES', 'dayzadmin', '2013-05-28 09:22:42'),
  ('174', 'START SERVER', 'dayzadmin', '2013-05-28 09:23:11'),
  ('175', 'STOP SERVER', 'dayzadmin', '2013-05-28 16:26:17'),
  ('176', 'START SERVER', 'dayzadmin', '2013-05-28 17:09:01'),
  ('177', 'KILLED SERVER', 'dayzadmin', '2013-05-28 17:09:11'),
  ('178', 'START SERVER', 'dayzadmin', '2013-05-28 17:10:34'),
  ('179', 'LOGIN', 'dayzadmin', '2013-05-28 19:13:00'),
  ('180', 'LOGIN', 'dayzadmin', '2013-05-28 21:18:38'),
  ('181', 'STOP SERVER', 'dayzadmin', '2013-05-29 00:08:49'),
  ('182', 'START SERVER', 'dayzadmin', '2013-05-29 00:08:55'),
  ('183', 'RESTART SERVER', 'dayzadmin', '2013-05-29 00:09:22'),
  ('184', 'START SERVER', 'dayzadmin', '2013-05-29 00:09:27'),
  ('185', 'LOGIN', 'dayzadmin', '2013-05-29 00:11:59'),
  ('186', 'DELET SURVIVOR 155', 'dayzadmin', '2013-05-29 00:12:10'),
  ('187', 'STOP SERVER', 'dayzadmin', '2013-05-29 00:17:28'),
  ('188', 'RESPAWN ALL VEHICLES', 'dayzadmin', '2013-05-29 00:17:48'),
  ('189', 'SPAWN VEHICLES', 'dayzadmin', '2013-05-29 00:17:51'),
  ('190', 'START SERVER', 'dayzadmin', '2013-05-29 00:18:10'),
  ('191', 'LOGIN', 'dayzadmin', '2013-05-29 19:43:46'),
  ('192', 'KILLED SERVER', 'dayzadmin', '2013-06-01 14:48:48'),
  ('193', 'START SERVER', 'dayzadmin', '2013-06-01 22:51:19'),
  ('194', 'START SERVER', 'dayzadmin', '2013-06-02 16:37:35'),
  ('195', 'STOP SERVER', 'dayzadmin', '2013-06-02 16:52:14'),
  ('196', 'START SERVER', 'dayzadmin', '2013-06-02 16:52:19'),
  ('197', 'STOP SERVER', 'dayzadmin', '2013-06-02 17:01:44'),
  ('198', 'START SERVER', 'dayzadmin', '2013-06-02 17:01:48'),
  ('199', 'STOP SERVER', 'dayzadmin', '2013-06-02 17:18:10'),
  ('200', 'START SERVER', 'dayzadmin', '2013-06-02 17:18:14'),
  ('201', 'STOP SERVER', 'dayzadmin', '2013-06-02 17:31:10'),
  ('202', 'START SERVER', 'dayzadmin', '2013-06-02 17:31:16'),
  ('203', 'RESTART SERVER', 'dayzadmin', '2013-06-02 18:07:57'),
  ('204', 'STOP SERVER', 'dayzadmin', '2013-06-02 18:07:59'),
  ('205', 'START SERVER', 'dayzadmin', '2013-06-02 18:08:11'),
  ('206', 'STOP SERVER', 'dayzadmin', '2013-06-02 19:20:02'),
  ('207', 'START SERVER', 'dayzadmin', '2013-06-02 19:20:08'),
  ('208', 'STOP SERVER', 'dayzadmin', '2013-06-02 19:30:14'),
  ('209', 'START SERVER', 'dayzadmin', '2013-06-02 19:30:17'),
  ('210', 'STOP SERVER', 'dayzadmin', '2013-06-02 19:35:46'),
  ('211', 'START SERVER', 'dayzadmin', '2013-06-02 19:35:51'),
  ('212', 'STOP SERVER', 'dayzadmin', '2013-06-02 19:42:50'),
  ('213', 'START SERVER', 'dayzadmin', '2013-06-02 19:42:59'),
  ('214', 'STOP SERVER', 'dayzadmin', '2013-06-02 19:45:17'),
  ('215', 'START SERVER', 'dayzadmin', '2013-06-02 19:54:19'),
  ('216', 'STOP SERVER', 'dayzadmin', '2013-06-02 20:03:23'),
  ('217', 'START SERVER', 'dayzadmin', '2013-06-02 20:03:28'),
  ('218', 'STOP SERVER', 'dayzadmin', '2013-06-02 20:10:36'),
  ('219', 'START SERVER', 'dayzadmin', '2013-06-02 20:11:10'),
  ('220', 'STOP SERVER', 'dayzadmin', '2013-06-02 20:20:35'),
  ('221', 'START SERVER', 'dayzadmin', '2013-06-02 20:20:55'),
  ('222', 'MANAGED USERS', 'dayzadmin', '2013-06-02 20:30:09'),
  ('223', 'LOGIN', 'admin', '2013-06-02 20:30:22'),
  ('224', 'REGISTERED USER civ', 'dayzadmin', '2013-06-02 20:30:23'),
  ('225', 'STOP SERVER', 'admin', '2013-06-02 20:30:27'),
  ('226', 'START SERVER', 'admin', '2013-06-02 20:34:28'),
  ('227', 'STOP SERVER', 'admin', '2013-06-02 20:37:34'),
  ('228', 'START SERVER', 'admin', '2013-06-02 20:39:35'),
  ('229', 'STOP SERVER', 'admin', '2013-06-02 20:47:28'),
  ('230', 'START SERVER', 'admin', '2013-06-02 20:54:33'),
  ('231', 'STOP SERVER', 'admin', '2013-06-02 20:56:20'),
  ('232', 'START SERVER', 'admin', '2013-06-02 21:02:17'),
  ('233', 'STOP SERVER', 'admin', '2013-06-02 21:08:40'),
  ('234', 'START SERVER', 'admin', '2013-06-02 21:19:30'),
  ('235', 'STOP SERVER', 'admin', '2013-06-02 21:21:43'),
  ('236', 'START SERVER', 'dayzadmin', '2013-06-02 23:23:53'),
  ('237', 'LOGIN', 'admin', '2013-06-03 18:49:54'),
  ('238', 'START SERVER', 'admin', '2013-06-03 18:49:59'),
  ('239', 'STOP SERVER', 'admin', '2013-06-03 18:52:34'),
  ('240', 'START SERVER', 'admin', '2013-06-03 18:52:40'),
  ('241', 'KILLED SERVER', 'admin', '2013-06-03 18:54:08'),
  ('242', 'START SERVER', 'admin', '2013-06-03 18:54:14'),
  ('243', 'KILLED SERVER', 'admin', '2013-06-03 18:58:34'),
  ('244', 'START SERVER', 'admin', '2013-06-03 18:58:40'),
  ('245', 'STOP SERVER', 'dayzadmin', '2013-06-03 19:14:33'),
  ('246', 'START SERVER', 'dayzadmin', '2013-06-03 19:14:39'),
  ('247', 'START SERVER', 'admin', '2013-06-03 20:35:05'),
  ('248', 'KILLED SERVER', 'admin', '2013-06-03 20:35:14'),
  ('249', 'START SERVER', 'admin', '2013-06-03 20:36:53'),
  ('250', 'KILLED SERVER', 'admin', '2013-06-03 20:41:44'),
  ('251', 'START SERVER', 'admin', '2013-06-03 20:41:58'),
  ('252', 'STOP SERVER', 'dayzadmin', '2013-06-03 20:43:08'),
  ('253', 'START SERVER', 'dayzadmin', '2013-06-03 20:43:20'),
  ('254', 'KILLED SERVER', 'admin', '2013-06-03 20:44:12'),
  ('255', 'START SERVER', 'admin', '2013-06-03 21:05:19'),
  ('256', 'STOP SERVER', 'admin', '2013-06-03 21:28:14'),
  ('257', 'START SERVER', 'admin', '2013-06-03 21:28:39'),
  ('258', 'KILLED SERVER', 'admin', '2013-06-03 21:34:21'),
  ('259', 'MANAGED USERS', 'admin', '2013-06-04 00:39:11'),
  ('260', 'LOGOUT', 'admin', '2013-06-04 00:40:02'),
  ('261', 'LOGIN', 'admin', '2013-06-04 00:40:07'),
  ('262', 'START SERVER', 'admin', '2013-06-04 00:40:13'),
  ('263', 'LOGOUT', 'admin', '2013-06-04 00:40:32'),
  ('264', 'LOGIN', 'admin', '2013-06-04 00:40:43'),
  ('265', 'LOGOUT', 'admin', '2013-06-04 00:44:01'),
  ('266', 'LOGIN', 'admin', '2013-06-04 00:44:06'),
  ('267', 'STOP SERVER', 'admin', '2013-06-04 00:44:10'),
  ('268', 'START SERVER', 'admin', '2013-06-04 00:44:14'),
  ('269', 'STOP SERVER', 'admin', '2013-06-04 00:47:10'),
  ('270', 'START SERVER', 'admin', '2013-06-04 00:47:16'),
  ('271', 'LOGOUT', 'admin', '2013-06-04 00:47:22'),
  ('272', 'LOGIN', 'admin', '2013-06-04 00:47:29'),
  ('273', 'START SERVER', 'admin', '2013-06-04 00:47:33'),
  ('274', 'LOGOUT', 'admin', '2013-06-04 00:48:59'),
  ('275', 'LOGIN', 'admin', '2013-06-04 00:49:04'),
  ('276', 'STOP SERVER', 'admin', '2013-06-04 00:49:07'),
  ('277', 'LOGOUT', 'admin', '2013-06-04 00:49:12'),
  ('278', 'LOGIN', 'admin', '2013-06-04 00:49:18'),
  ('279', 'KILLED SERVER', 'admin', '2013-06-04 00:49:28'),
  ('280', 'START SERVER', 'admin', '2013-06-04 00:49:31'),
  ('281', 'LOGIN', 'admin', '2013-06-04 19:11:24'),
  ('282', 'DELETE VEHICLE 424', 'admin', '2013-06-04 19:12:11'),
  ('283', 'DELETE VEHICLE 425', 'admin', '2013-06-04 19:12:15'),
  ('284', 'DELETE VEHICLE 426', 'admin', '2013-06-04 19:12:18'),
  ('285', 'DELETE VEHICLE 427', 'admin', '2013-06-04 19:12:21'),
  ('286', 'DELETE VEHICLE 421', 'admin', '2013-06-04 19:12:47'),
  ('287', 'DELETE VEHICLE 422', 'admin', '2013-06-04 19:12:51'),
  ('288', 'DELETE VEHICLE 423', 'admin', '2013-06-04 19:12:53'),
  ('289', 'DELETE VEHICLE 419', 'admin', '2013-06-04 19:12:56'),
  ('290', 'DELETE VEHICLE 418', 'admin', '2013-06-04 19:13:00'),
  ('291', 'STOP SERVER', 'admin', '2013-06-04 20:02:51'),
  ('292', 'STOP SERVER', 'dayzadmin', '2013-06-04 20:05:31'),
  ('293', 'START SERVER', 'admin', '2013-06-04 20:55:28'),
  ('294', 'STOP SERVER', 'admin', '2013-06-04 20:55:40'),
  ('295', 'LOGOUT', 'admin', '2013-06-04 20:56:20'),
  ('296', 'LOGIN', 'admin', '2013-06-04 20:56:30'),
  ('297', 'STOP SERVER', 'dayzadmin', '2013-06-04 20:57:23'),
  ('298', 'STOP SERVER', 'admin', '2013-06-04 20:57:24'),
  ('299', 'START SERVER', 'admin', '2013-06-04 20:57:37'),
  ('300', 'KILLED SERVER', 'admin', '2013-06-04 20:59:22'),
  ('301', 'START SERVER', 'admin', '2013-06-04 21:00:16'),
  ('302', 'LOGIN', 'dayzadmin', '2013-06-04 21:03:28'),
  ('303', 'DELET SURVIVOR 211', 'dayzadmin', '2013-06-04 21:15:10'),
  ('304', 'DELET SURVIVOR 222', 'dayzadmin', '2013-06-04 21:19:21'),
  ('305', 'STOP SERVER', 'admin', '2013-06-04 21:25:47'),
  ('306', 'START SERVER', 'admin', '2013-06-04 21:28:04'),
  ('307', 'KILLED SERVER', 'admin', '2013-06-04 21:33:13'),
  ('308', 'START SERVER', 'admin', '2013-06-04 21:33:20'),
  ('309', 'STOP SERVER', 'admin', '2013-06-04 21:36:49'),
  ('310', 'START SERVER', 'admin', '2013-06-04 21:37:03'),
  ('311', 'STOP SERVER', 'admin', '2013-06-04 21:37:49'),
  ('312', 'START SERVER', 'admin', '2013-06-04 21:38:07'),
  ('313', 'STOP SERVER', 'admin', '2013-06-04 21:42:02'),
  ('314', 'START SERVER', 'admin', '2013-06-04 21:42:38'),
  ('315', 'START SERVER', 'dayzadmin', '2013-06-04 21:43:40'),
  ('316', 'STOP SERVER', 'admin', '2013-06-04 21:50:10'),
  ('317', 'START SERVER', 'admin', '2013-06-04 21:50:52'),
  ('318', 'KILLED SERVER', 'admin', '2013-06-04 21:55:37'),
  ('319', 'START SERVER', 'admin', '2013-06-04 21:55:58');

-- 
-- Structure for table `migration_schema_log`
-- 

DROP TABLE IF EXISTS `migration_schema_log`;
CREATE TABLE IF NOT EXISTS `migration_schema_log` (
  `id` int(11) unsigned NOT NULL AUTO_INCREMENT,
  `schema_name` varchar(255) NOT NULL,
  `event_time` timestamp NOT NULL DEFAULT CURRENT_TIMESTAMP,
  `old_version` varchar(255) NOT NULL,
  `new_version` varchar(255) NOT NULL,
  PRIMARY KEY (`id`)
) ENGINE=InnoDB AUTO_INCREMENT=57 DEFAULT CHARSET=utf8;

-- 
-- Data for table `migration_schema_log`
-- 

INSERT INTO `migration_schema_log` (`id`, `schema_name`, `event_time`, `old_version`, `new_version`) VALUES
  ('1', 'Bliss', '2013-05-15 00:50:31', '0', '0.01'),
  ('2', 'Bliss', '2013-05-15 00:50:31', '0.01', '0.02'),
  ('3', 'Bliss', '2013-05-15 00:50:31', '0.02', '0.03'),
  ('4', 'Bliss', '2013-05-15 00:50:31', '0.03', '0.04'),
  ('5', 'Bliss', '2013-05-15 00:50:31', '0.04', '0.05'),
  ('6', 'Bliss', '2013-05-15 00:50:32', '0.05', '0.06'),
  ('7', 'Bliss', '2013-05-15 00:50:32', '0.06', '0.07'),
  ('8', 'Bliss', '2013-05-15 00:50:32', '0.07', '0.08'),
  ('9', 'Bliss', '2013-05-15 00:50:32', '0.08', '0.09'),
  ('10', 'Bliss', '2013-05-15 00:50:32', '0.09', '0.1'),
  ('11', 'Bliss', '2013-05-15 00:50:32', '0.1', '0.11'),
  ('12', 'Bliss', '2013-05-15 00:50:32', '0.11', '0.12'),
  ('13', 'Bliss', '2013-05-15 00:50:32', '0.12', '0.13'),
  ('14', 'Bliss', '2013-05-15 00:50:32', '0.13', '0.14'),
  ('15', 'Bliss', '2013-05-15 00:50:32', '0.14', '0.15'),
  ('16', 'Bliss', '2013-05-15 00:50:32', '0.15', '0.16'),
  ('17', 'Bliss', '2013-05-15 00:50:32', '0.16', '0.17'),
  ('18', 'Bliss', '2013-05-15 00:50:32', '0.17', '0.18'),
  ('19', 'Bliss', '2013-05-15 00:50:32', '0.18', '0.19'),
  ('20', 'Bliss', '2013-05-15 00:50:32', '0.19', '0.2'),
  ('21', 'Bliss', '2013-05-15 00:50:32', '0.2', '0.21'),
  ('22', 'Bliss', '2013-05-15 00:50:32', '0.21', '0.22'),
  ('23', 'Bliss', '2013-05-15 00:50:32', '0.22', '0.23'),
  ('24', 'Bliss', '2013-05-15 00:50:32', '0.23', '0.24'),
  ('25', 'Bliss', '2013-05-15 00:50:32', '0.24', '0.25'),
  ('26', 'Bliss', '2013-05-15 00:50:32', '0.25', '0.26'),
  ('27', 'Bliss', '2013-05-15 00:50:32', '0.26', '0.27'),
  ('28', 'Bliss', '2013-05-15 00:50:32', '0.27', '0.28'),
  ('29', 'Bliss', '2013-05-15 00:50:32', '0.28', '0.29'),
  ('30', 'Bliss', '2013-05-15 00:50:32', '0.29', '0.3'),
  ('31', 'Bliss', '2013-05-15 00:50:32', '0.3', '0.31'),
  ('32', 'Bliss', '2013-05-15 00:50:32', '0.31', '0.32'),
  ('33', 'Bliss', '2013-05-15 00:50:32', '0.32', '0.33'),
  ('34', 'Bliss', '2013-05-15 00:50:32', '0.33', '0.34'),
  ('35', 'Bliss', '2013-05-15 00:50:32', '0.34', '0.35'),
  ('36', 'Bliss', '2013-05-15 00:50:32', '0.35', '0.36'),
  ('37', 'Bliss', '2013-05-15 00:50:32', '0.36', '0.37'),
  ('38', 'Bliss', '2013-05-15 00:50:32', '0.37', '0.39'),
  ('39', 'BlissBuildings', '2013-05-15 00:50:32', '0', '0.01'),
  ('40', 'BlissInvCust', '2013-05-15 00:50:32', '0', '0.01'),
  ('41', 'BlissInvCust', '2013-05-15 00:50:32', '0.01', '0.02'),
  ('42', 'BlissCustom', '2013-05-15 00:50:32', '0', '0.01'),
  ('43', 'BlissCustom', '2013-05-15 00:50:32', '0.01', '0.02'),
  ('44', 'Controlcenter', '2013-05-15 00:50:32', '0', '0.01'),
  ('45', 'Controlcenter', '2013-05-15 00:50:32', '0.01', '0.02'),
  ('46', 'Controlcenter', '2013-05-15 00:50:32', '0.02', '0.03'),
  ('47', 'Controlcenter', '2013-05-15 00:50:32', '0.03', '0.04'),
  ('48', 'Controlcenter', '2013-05-15 00:50:32', '0.04', '0.05'),
  ('49', 'Controlcenter', '2013-05-15 00:50:32', '0.05', '0.06'),
  ('50', 'Controlcenter', '2013-05-15 00:50:32', '0.06', '0.07'),
  ('51', 'Controlcenter', '2013-05-15 00:50:32', '0.07', '0.08'),
  ('52', 'Controlcenter', '2013-05-15 00:50:32', '0.08', '0.09'),
  ('53', 'Controlcenter', '2013-05-15 00:50:32', '0.09', '0.1'),
  ('54', 'Controlcenter', '2013-05-15 00:50:32', '0.1', '0.11'),
  ('55', 'Controlcenter', '2013-05-15 00:50:32', '0.11', '0.12'),
  ('56', 'Controlcenter', '2013-05-15 00:50:32', '0.12', '0.13');

-- 
-- Structure for table `migration_schema_version`
-- 

DROP TABLE IF EXISTS `migration_schema_version`;
CREATE TABLE IF NOT EXISTS `migration_schema_version` (
  `name` varchar(255) NOT NULL,
  `version` varchar(255) NOT NULL,
  PRIMARY KEY (`name`)
) ENGINE=InnoDB DEFAULT CHARSET=utf8;

-- 
-- Data for table `migration_schema_version`
-- 

INSERT INTO `migration_schema_version` (`name`, `version`) VALUES
  ('Bliss', '0.39'),
  ('BlissBuildings', '0.01'),
  ('BlissCustom', '0.02'),
  ('BlissInvCust', '0.02'),
  ('Controlcenter', '0.13');

-- 
-- Structure for table `profile`
-- 

DROP TABLE IF EXISTS `profile`;
CREATE TABLE IF NOT EXISTS `profile` (
  `id` int(11) unsigned NOT NULL AUTO_INCREMENT,
  `unique_id` varchar(128) NOT NULL,
  `name` varchar(64) NOT NULL DEFAULT '',
  `humanity` int(6) NOT NULL DEFAULT '2500',
  `survival_attempts` int(3) unsigned NOT NULL DEFAULT '1',
  `total_survival_time` int(5) unsigned NOT NULL DEFAULT '0',
  `total_survivor_kills` int(4) unsigned NOT NULL DEFAULT '0',
  `total_bandit_kills` int(4) unsigned NOT NULL DEFAULT '0',
  `total_zombie_kills` int(5) unsigned NOT NULL DEFAULT '0',
  `total_headshots` int(5) unsigned NOT NULL DEFAULT '0',
  PRIMARY KEY (`id`),
  UNIQUE KEY `uq_profile` (`unique_id`)
) ENGINE=InnoDB AUTO_INCREMENT=86 DEFAULT CHARSET=utf8;

-- 
-- Data for table `profile`
-- 

INSERT INTO `profile` (`id`, `unique_id`, `name`, `humanity`, `survival_attempts`, `total_survival_time`, `total_survivor_kills`, `total_bandit_kills`, `total_zombie_kills`, `total_headshots`) VALUES
  ('1', '1751298', 'WM Pegz', '2500', '1', '0', '0', '0', '0', '0'),
  ('2', '88749766', 'Andrew', '1845', '27', '630', '5', '0', '191', '42'),
  ('3', '127239558', 'Killertofu', '2500', '1', '0', '0', '0', '0', '0'),
  ('4', '106771014', 'David', '2500', '1', '0', '0', '0', '0', '0'),
  ('5', '81666374', 'HULK HOGAN', '1695', '24', '416', '9', '5', '235', '102'),
  ('6', '23259910', 'Drew Santos', '2500', '1', '0', '0', '0', '0', '0'),
  ('7', '91400582', '[HaB] Justin', '3010', '8', '113', '0', '3', '27', '17'),
  ('8', '12320326', 'Time_Glitch', '2570', '5', '306', '1', '0', '40', '26'),
  ('9', '54405126', 'Dexter Jackson', '700', '5', '66', '3', '0', '3', '3'),
  ('10', '38269894', 'Coolmandude', '2500', '5', '27', '0', '0', '4', '3'),
  ('11', '40370886', 'Logan Collier', '2500', '2', '25', '0', '0', '21', '7'),
  ('12', '22406022', 'CryptidManiac', '2500', '1', '0', '0', '0', '0', '0'),
  ('13', '66770374', 'Allen', '2500', '1', '0', '0', '0', '0', '0'),
  ('14', '113794374', 'Scooter', '2500', '2', '44', '0', '0', '5', '5'),
  ('15', '111180102', 'frankieonpc1080p', '2500', '1', '0', '0', '0', '0', '0'),
  ('16', '109820102', 'Jacob', '2500', '2', '5', '0', '0', '3', '1'),
  ('17', '126304710', 'Benjamin', '2500', '2', '9', '0', '0', '7', '6'),
  ('18', '127860038', 'DerpDerpPotato', '2840', '20', '780', '12', '8', '301', '68'),
  ('19', '120778758', 'Disher', '2500', '1', '0', '0', '0', '0', '0'),
  ('20', '95149830', 'Redseasplitter', '2490', '4', '114', '2', '0', '11', '5'),
  ('21', '7004032', 'Thomas', '2500', '3', '37', '0', '0', '16', '13'),
  ('22', '120609798', 'Adam', '2500', '1', '0', '0', '0', '0', '0'),
  ('23', '128067654', 'Rtrenary23', '2500', '2', '12', '0', '0', '0', '0'),
  ('24', '46605766', 'EeeeeeaWalrus', '2500', '1', '0', '0', '0', '0', '0'),
  ('25', '88338566', 'TaylorTorment', '2500', '1', '0', '0', '0', '0', '0'),
  ('26', '102098886', 'Hightower', '2050', '1', '0', '0', '0', '0', '0'),
  ('27', '94738758', 'Aaron', '1925', '1', '0', '0', '0', '0', '0'),
  ('28', '109130374', 'sethenator', '1950', '2', '77', '2', '0', '5', '0'),
  ('29', '124865990', '[ARK] XTXS', '2500', '1', '0', '0', '0', '0', '0'),
  ('30', '5285892', 'amaset', '2500', '1', '0', '0', '0', '0', '0'),
  ('31', '81632710', 'User', '2500', '1', '0', '0', '0', '0', '0'),
  ('32', '74501958', 'Mr. Papagiorgio', '2500', '4', '351', '6', '0', '116', '63'),
  ('33', '92289350', '-DGU-GrenadierGreg', '2395', '1', '0', '0', '0', '0', '0'),
  ('34', '98000774', 'Jack_Of_All_Trades', '825', '3', '33', '6', '0', '27', '18'),
  ('35', '127795590', 'Yoku', '2500', '1', '0', '0', '0', '0', '0'),
  ('36', '128310470', 'STRYKER', '2500', '1', '0', '0', '0', '0', '0'),
  ('37', '118527494', 'NINJA PICKBOY', '2500', '1', '0', '0', '0', '0', '0'),
  ('38', '124569158', 'George', '2500', '1', '0', '0', '0', '0', '0'),
  ('39', '128595718', 'PVT.MICHAEL', '2500', '1', '0', '0', '0', '0', '0'),
  ('40', '125906630', 'jackthecow', '2500', '1', '0', '0', '0', '0', '0'),
  ('41', '128073542', 'Roofy', '2500', '1', '0', '0', '0', '0', '0'),
  ('42', '81804870', 'Mathew', '2500', '1', '0', '0', '0', '0', '0'),
  ('43', '128552774', 'd3m0n', '1800', '2', '19', '1', '0', '0', '0'),
  ('44', '128574534', 'RoyaleXAory', '2500', '2', '25', '0', '0', '2', '0'),
  ('45', '61466822', 'JasonRally', '-2500', '1', '0', '0', '0', '0', '0'),
  ('46', '61469190', 'FreddyReverend', '2525', '9', '35', '0', '0', '4', '1'),
  ('47', '57845638', 'Clark', '2500', '2', '18', '0', '0', '0', '0'),
  ('48', '95658886', 'Holidayyy', '370', '7', '148', '14', '7', '57', '41'),
  ('49', '128399494', 'Donaldo', '2500', '2', '40', '0', '0', '6', '4'),
  ('50', '128303494', 'Sausages', '2500', '2', '3', '0', '0', '0', '0'),
  ('51', '128304838', 'VCobe', '2500', '1', '0', '0', '0', '0', '0'),
  ('52', '92053318', 'Bambi Sniper', '2125', '5', '150', '2', '3', '6', '6'),
  ('53', '44794822', 'Alex', '2500', '1', '0', '0', '0', '0', '0'),
  ('54', '101852166', 'Owner', '3055', '3', '31', '0', '1', '13', '13'),
  ('55', '124081286', 'Ace', '1910', '5', '45', '2', '3', '12', '5'),
  ('56', '67378182', 'JAYISGONE', '2500', '1', '0', '0', '0', '0', '0'),
  ('57', '97020102', 'dlehrkamp', '2500', '1', '0', '0', '0', '0', '0'),
  ('58', '32166278', 'Motorhead', '625', '7', '404', '16', '3', '158', '46'),
  ('59', '61853318', 'PHBattle', '2500', '1', '0', '0', '0', '0', '0'),
  ('60', '112507462', 'jack', '2500', '1', '0', '0', '0', '0', '0'),
  ('61', '57760454', 'KenKeasy', '3070', '2', '91', '0', '0', '26', '21'),
  ('62', '128666118', 'FalconPunch', '1970', '7', '70', '2', '1', '21', '18'),
  ('63', '20265542', 'Spleen', '2500', '1', '0', '0', '0', '0', '0'),
  ('64', '32166214', '=BAMF=Shamwow', '2500', '2', '51', '4', '3', '7', '4'),
  ('65', '17303110', 'Romkka', '2500', '1', '0', '0', '0', '0', '0'),
  ('66', '116324038', 'Nico', '2500', '1', '0', '0', '0', '0', '0'),
  ('67', '25764998', 'Cubbieshater', '2500', '1', '0', '0', '0', '0', '0'),
  ('68', '19507142', 'Holdank', '2500', '2', '5', '0', '0', '0', '0'),
  ('69', '73581254', 'Ledus', '2500', '1', '0', '0', '0', '0', '0'),
  ('70', '104852294', 'The Eye', '2500', '1', '0', '0', '0', '0', '0'),
  ('71', '121875654', 'Nipple Breath', '2500', '1', '0', '0', '0', '0', '0'),
  ('72', '50869510', '[~NR~] Nigglet King', '2500', '1', '0', '0', '0', '0', '0'),
  ('73', '83424006', 'poody', '2500', '1', '0', '0', '0', '0', '0'),
  ('74', '54484742', '[TS]Frankthetank', '2500', '1', '0', '0', '0', '0', '0'),
  ('75', '69403078', 'Dirty Jones |KoS|', '2500', '3', '6', '0', '0', '10', '8'),
  ('76', '68957318', 'Ashy Larry |KoS|', '2500', '1', '0', '0', '0', '0', '0'),
  ('77', '35298374', 'Guttorm', '2500', '2', '4', '0', '0', '5', '4'),
  ('78', '78754054', '[BFF]Grazool', '2500', '1', '0', '0', '0', '0', '0'),
  ('79', '54192646', 'Vebis', '2500', '1', '0', '0', '0', '0', '0'),
  ('80', '38292294', 'Pieter Dragunov', '2500', '2', '2', '0', '0', '0', '0'),
  ('81', '20254790', 'DiddleDaddle', '2500', '1', '0', '0', '0', '0', '0'),
  ('82', '109189830', 'Matt', '650', '1', '0', '0', '0', '0', '0'),
  ('83', '44844934', 'deasill', '2500', '1', '0', '0', '0', '0', '0'),
  ('84', '98093702', 'bobby', '2500', '1', '0', '0', '0', '0', '0'),
  ('85', '97010438', 'Zach', '2500', '1', '0', '0', '0', '0', '0');

-- 
-- Structure for table `survivor`
-- 

DROP TABLE IF EXISTS `survivor`;
CREATE TABLE IF NOT EXISTS `survivor` (
  `id` int(8) unsigned NOT NULL AUTO_INCREMENT,
  `unique_id` varchar(128) NOT NULL,
  `world_id` smallint(5) unsigned NOT NULL DEFAULT '1',
  `worldspace` varchar(60) NOT NULL DEFAULT '[]',
  `inventory` varchar(2048) NOT NULL DEFAULT '[]',
  `backpack` varchar(2048) NOT NULL DEFAULT '[]',
  `medical` varchar(255) NOT NULL DEFAULT '[false,false,false,false,false,false,false,12000,[],[0,0],0]',
  `is_dead` tinyint(3) unsigned NOT NULL DEFAULT '0',
  `model` varchar(128) NOT NULL DEFAULT 'Survivor2_DZ',
  `state` varchar(128) NOT NULL DEFAULT '["","aidlpercmstpsnonwnondnon_player_idlesteady04",36]',
  `survivor_kills` int(3) unsigned NOT NULL DEFAULT '0',
  `bandit_kills` int(3) unsigned NOT NULL DEFAULT '0',
  `zombie_kills` int(4) unsigned NOT NULL DEFAULT '0',
  `headshots` int(4) unsigned NOT NULL DEFAULT '0',
  `last_ate` int(3) unsigned NOT NULL DEFAULT '0',
  `last_drank` int(3) unsigned NOT NULL DEFAULT '0',
  `survival_time` int(3) unsigned NOT NULL DEFAULT '0',
  `last_updated` timestamp NOT NULL DEFAULT CURRENT_TIMESTAMP ON UPDATE CURRENT_TIMESTAMP,
  `start_time` datetime NOT NULL,
  PRIMARY KEY (`id`),
  KEY `idx1_main` (`unique_id`)
) ENGINE=InnoDB AUTO_INCREMENT=230 DEFAULT CHARSET=utf8;

-- 
-- Data for table `survivor`
-- 

INSERT INTO `survivor` (`id`, `unique_id`, `world_id`, `worldspace`, `inventory`, `backpack`, `medical`, `is_dead`, `model`, `state`, `survivor_kills`, `bandit_kills`, `zombie_kills`, `headshots`, `last_ate`, `last_drank`, `survival_time`, `last_updated`, `start_time`) VALUES
  ('9', '81666374', '1', '[257,[5114.3,9756.11,0]]', '[[\"m16a4_acg\",\"Binocular\",\"Binocular_Vector\",\"glock17_EP1\",\"ItemGPS\",\"ItemCompass\",\"ItemWatch\",\"ItemFlashlightRed\",\"ItemKnife\",\"ItemMatchbox\",\"ItemToolbox\",\"ItemMap\",\"ItemHatchet\"],[[\"30Rnd_556x45_Stanag\",29],\"30Rnd_556x45_Stanag\",\"30Rnd_556x45_Stanag\",\"30Rnd_556x45_Stanag\",\"30Rnd_556x45_Stanag\",\"ItemPainkiller\",\"FoodMRE\",\"ItemBloodbag\",\"HandGrenade_West\",\"HandGrenade_West\",\"ItemMorphine\",\"ItemWaterbottleUnfilled\",\"17Rnd_9x19_glock17\",\"17Rnd_9x19_glock17\",\"17Rnd_9x19_glock17\",\"17Rnd_9x19_glock17\",\"17Rnd_9x19_glock17\",\"ItemBandage\",\"ItemBandage\",\"17Rnd_9x19_glock17\"]]', '[\"DZ_Backpack_EP1\",[[\"M16A2GL\"],[1]],[[\"30Rnd_556x45_Stanag\"],[2]]]', '[false,false,false,false,false,false,false,12000,[],[0,0],0,[44.11,327.209]]', '1', 'Camo1_DZ', '[\"\",\"\",42]', '0', '0', '0', '0', '0', '0', '99', '2013-05-17 17:26:20', '2013-05-17 12:42:19'),
  ('57', '127860038', '1', '[125,[6830.75,2383.33,4.22]]', '[[\"Makarov\",\"ItemCompass\",\"ItemMap\",\"ItemKnife\",\"ItemMatchbox\",\"ItemToolbox\",\"ItemWatch\",\"LeeEnfield\",\"Binocular\"],[\"FoodCanBakedBeans\",\"ItemSodaPepsi\",\"ItemSodaPepsi\",\"FoodCanBakedBeans\",\"ItemPainkiller\",\"ItemPainkiller\",\"ItemPainkiller\",\"ItemSodaPepsi\",\"ItemBandage\",\"17Rnd_9x19_glock17\",\"ItemBandage\",\"6Rnd_45ACP\",\"6Rnd_45ACP\",\"ItemBandage\",\"6Rnd_45ACP\",\"ItemBandage\"]]', '[\"DZ_Assault_Pack_EP1\",[[],[]],[[\"ItemPainkiller\",\"30Rnd_762x39_AK47\"],[1,1]]]', '[false,false,false,false,false,false,true,5475.7,[],[0.787,0],0,[241.746,137.783]]', '1', 'Survivor2_DZ', '[\"LeeEnfield\",\"amovpknlmstpsraswrfldnon_gear\",42]', '0', '0', '59', '7', '0', '0', '59', '2013-05-21 01:52:57', '2013-05-21 00:09:44'),
  ('84', '127860038', '1', '[180,[4771.83,10247,0.001]]', '[[\"ItemCompass\",\"ItemMap\",\"ItemToolbox\",\"ItemKnife\",\"M9SD\",\"ItemRadio\",\"ItemHatchet\",\"M4A3_CCO_EP1\"],[\"FoodCanBakedBeans\",\"HandRoadFlare\",\"100Rnd_762x51_M240\",\"ItemWaterbottle\",\"FoodCanBakedBeans\",\"ItemSodaCoke\",[\"30Rnd_556x45_Stanag\",23],\"30Rnd_556x45_Stanag\",[\"30Rnd_556x45_Stanag\",28],\"ItemSodaCoke\",\"FoodCanBakedBeans\",\"ItemBandage\",\"ItemBandage\",\"15Rnd_9x19_M9SD\",\"ItemBandage\",\"ItemBandage\"]]', '[\"DZ_British_ACU\",[[\"SVD_CAMO\"],[1]],[[\"200Rnd_556x45_M249\",\"FoodCanBakedBeans\",\"ItemSodaPepsi\"],[1,1,1]]]', '[false,true,false,true,true,false,true,7814.46,[\"Pelvis\",\"aimpoint\",\"relbow\",\"pilot\"],[0.374,0],34,[298.329,211.276]]', '1', 'Survivor2_DZ', '[\"M4A3_CCO_EP1\",\"\",41]', '0', '0', '33', '9', '0', '0', '109', '2013-05-23 02:56:48', '2013-05-23 01:07:15'),
  ('85', '88749766', '1', '[259,[8957.47,2372.84,0.001]]', '[[\"ItemCompass\",\"ItemMap\",\"Makarov\"],[\"FoodCanBakedBeans\",\"FoodCanBakedBeans\",\"ItemSodaPepsi\",\"ItemSodaPepsi\",\"ItemSodaPepsi\",\"FoodCanBakedBeans\",\"ItemBandage\",\"ItemBandage\",\"ItemBandage\",\"8Rnd_9x18_Makarov\",\"8Rnd_9x18_Makarov\",\"8Rnd_9x18_Makarov\",\"8Rnd_9x18_Makarov\",\"ItemBandage\"]]', '[\"DZ_Patrol_Pack_EP1\",[[],[]],[[],[]]]', '[false,true,false,true,true,false,true,12000,[\"Pelvis\",\"aimpoint\",\"neck\"],[0.008,0],56,[193.93,200.522]]', '1', 'Survivor2_DZ', '[\"Makarov\",\"\",41]', '0', '0', '0', '0', '0', '0', '6', '2013-05-23 01:19:07', '2013-05-23 01:12:04'),
  ('86', '88749766', '1', '[76,[4589.96,10146.6,0]]', '[[\"ItemCompass\",\"ItemMap\",\"Makarov\",\"ItemKnife\",\"LeeEnfield\"],[[\"10x_303\",2],[\"10x_303\",2],\"PartWheel\",\"HandChemGreen\",\"ItemSodaCoke\",\"ItemBandage\",\"ItemBandage\",\"ItemBandage\",\"ItemBandage\",\"8Rnd_9x18_Makarov\",\"8Rnd_9x18_Makarov\",\"ItemBandage\",\"ItemBandage\"]]', '[\"DZ_Patrol_Pack_EP1\",[[],[]],[[],[]]]', '[false,false,false,false,true,false,true,11087.7,[],[0.951,0],0,[189.185,111.076]]', '1', 'Survivor2_DZ', '[\"\",\"\",41]', '3', '0', '23', '3', '0', '0', '93', '2013-05-23 02:52:38', '2013-05-23 01:19:27'),
  ('87', '12320326', '1', '[184,[3435.25,6327.33,0.002]]', '[[\"ItemCompass\",\"ItemMap\",\"ItemWatch\",\"ItemMatchbox\",\"ItemHatchet\",\"Binocular\",\"Colt1911\",\"ItemKnife\",\"ItemToolbox\",\"LeeEnfield\"],[\"HandGrenade_West\",[\"10x_303\",7],\"10x_303\",\"10x_303\",\"10x_303\",\"ItemWaterbottle\",\"ItemBandage\",\"ItemBandage\",\"ItemBandage\",\"7Rnd_45ACP_1911\",\"7Rnd_45ACP_1911\",[\"7Rnd_45ACP_1911\",2],\"6Rnd_45ACP\",[\"6Rnd_45ACP\",1]]]', '[\"DZ_ALICE_Pack_EP1\",[[],[]],[[\"ItemWaterbottle\",\"FoodNutmix\"],[1,2]]]', '[false,false,false,true,false,false,true,8733.36,[\"Pelvis\",\"aimpoint\",\"lelbow\"],[0.263,0],0,[784.219,1001.76]]', '1', 'Survivor2_DZ', '[\"LeeEnfield\",\"amovpercmrunsraswrfldr\",42]', '0', '0', '30', '22', '0', '0', '137', '2013-05-24 21:41:02', '2013-05-23 01:37:42'),
  ('88', '88749766', '1', '[146,[2944.8,1993.54,0]]', '[[\"ItemCompass\",\"ItemMap\",\"Makarov\"],[\"FoodCanBakedBeans\",\"FoodCanBakedBeans\",\"ItemSodaPepsi\",\"ItemSodaPepsi\",\"ItemSodaPepsi\",\"FoodCanBakedBeans\",\"ItemBandage\",\"ItemBandage\",\"ItemBandage\",\"8Rnd_9x18_Makarov\",\"8Rnd_9x18_Makarov\",\"8Rnd_9x18_Makarov\",\"8Rnd_9x18_Makarov\",\"ItemBandage\"]]', '[\"DZ_Patrol_Pack_EP1\",[[],[]],[[],[]]]', '[false,false,false,false,false,false,false,12000,[],[0,0],0]', '1', 'Survivor2_DZ', '[\"\",\"\",38]', '0', '0', '0', '0', '0', '0', '1', '2013-05-23 02:55:27', '2013-05-23 02:53:25'),
  ('89', '88749766', '1', '[22,[7399.32,3488.93,0.001]]', '[[\"ItemCompass\",\"ItemMap\",\"Makarov\"],[\"FoodCanBakedBeans\",\"FoodCanBakedBeans\",\"ItemSodaPepsi\",\"ItemSodaPepsi\",\"ItemSodaPepsi\",\"FoodCanBakedBeans\",\"ItemBandage\",\"ItemBandage\",\"ItemBandage\",\"8Rnd_9x18_Makarov\",\"8Rnd_9x18_Makarov\",\"8Rnd_9x18_Makarov\",\"8Rnd_9x18_Makarov\",\"ItemBandage\"]]', '[\"DZ_Patrol_Pack_EP1\",[[],[]],[[],[]]]', '[false,false,false,false,false,false,false,12000,[],[0,0],0,[4.39,3.362]]', '1', 'Survivor2_DZ', '[\"\",\"amovpercmstpsraswpstdnon_turnr\",38]', '0', '0', '0', '0', '0', '0', '3', '2013-05-23 22:33:35', '2013-05-23 02:55:56'),
  ('90', '95149830', '1', '[272,[10354,2244.65,8.998]]', '[[\"Makarov\",\"ItemCompass\",\"ItemMap\",\"MR43\",\"ItemHatchet\"],[\"ItemSodaPepsi\",\"ItemHeatPack\",\"FoodSteakCooked\",\"FoodCanBakedBeans\",\"HandChemBlue\",\"ItemBandage\",[\"8Rnd_9x18_Makarov\",4],[\"8Rnd_9x18_Makarov\",5],[\"8Rnd_9x18_Makarov\",4],\"ItemBandage\"]]', '[\"DZ_ALICE_Pack_EP1\",[[],[]],[[\"ItemEpinephrine\",\"ItemPainkiller\",\"ItemMorphine\",\"ItemBloodbag\"],[1,1,1,1]]]', '[false,false,false,false,false,false,true,11064.7,[],[0.073,0],0,[562.367,504.915]]', '1', 'Survivor2_DZ', '[\"Makarov\",\"amovpercmstpsraswpstdnon\",42]', '0', '0', '5', '3', '0', '0', '51', '2013-05-28 22:23:09', '2013-05-23 13:19:11'),
  ('91', '127860038', '1', '[248,[13511.6,6268.71,0.021]]', '[[\"ItemCompass\",\"ItemMap\",\"Makarov\"],[\"FoodCanBakedBeans\",\"FoodCanBakedBeans\",\"ItemBandage\",\"ItemBandage\",\"ItemBandage\",\"8Rnd_9x18_Makarov\",\"8Rnd_9x18_Makarov\",\"8Rnd_9x18_Makarov\",\"8Rnd_9x18_Makarov\",\"ItemBandage\",\"ItemSodaPepsi\",\"ItemSodaPepsi\",\"ItemSodaPepsi\",\"FoodCanBakedBeans\"]]', '[\"DZ_Patrol_Pack_EP1\",[[],[]],[[],[]]]', '[false,true,false,true,true,false,true,430.102,[\"aimpoint\",\"neck\",\"pilot\"],[0.751,0],92,[171.51,124.346]]', '1', 'Survivor2_DZ', '[\"\",\"\",41]', '0', '0', '1', '0', '0', '0', '4', '2013-05-23 22:10:51', '2013-05-23 22:05:14'),
  ('92', '127860038', '1', '[103,[8369.72,2520.25,-9.346e-05]]', '[[\"Makarov\",\"ItemCompass\",\"ItemMap\"],[\"FoodCanBakedBeans\",\"FoodCanBakedBeans\",\"ItemSodaPepsi\",\"ItemSodaPepsi\",\"ItemSodaPepsi\",\"FoodCanBakedBeans\",\"ItemBandage\",\"ItemBandage\",\"ItemBandage\",\"ItemBandage\"]]', '[\"DZ_Patrol_Pack_EP1\",[[],[]],[[],[]]]', '[false,false,false,true,true,false,true,9020.18,[\"aimpoint\",\"lelbow\",\"LeftFoot\",\"neck\"],[1.859,0],0,[245.234,197.675]]', '1', 'Survivor2_DZ', '[\"Makarov\",\"amovppnemstpsraswpstdnon_amovppnemevaslowwpstdl\",41]', '0', '0', '1', '0', '0', '0', '11', '2013-05-23 22:29:59', '2013-05-23 22:11:46'),
  ('93', '127860038', '1', '[337,[7740.98,3243.32,0.001]]', '[[\"ItemCompass\",\"ItemMap\",\"Makarov\"],[\"FoodCanBakedBeans\",\"FoodCanBakedBeans\",\"ItemBandage\",\"ItemBandage\",\"ItemBandage\",\"8Rnd_9x18_Makarov\",\"8Rnd_9x18_Makarov\",\"8Rnd_9x18_Makarov\",\"8Rnd_9x18_Makarov\",\"ItemBandage\",\"ItemSodaPepsi\",\"ItemSodaPepsi\",\"ItemSodaPepsi\",\"FoodCanBakedBeans\"]]', '[\"DZ_Patrol_Pack_EP1\",[[],[]],[[],[]]]', '[false,false,false,false,false,false,false,12000,[],[0,0],0]', '1', 'Survivor2_DZ', '[\"Makarov\",\"amovpercmrunsraswpstdl\",41]', '0', '0', '0', '0', '0', '0', '9', '2013-05-23 22:40:22', '2013-05-23 22:30:26'),
  ('94', '88749766', '1', '[320,[7065.84,3282.85,0.001]]', '[[\"Makarov\",\"ItemCompass\",\"ItemMap\"],[\"FoodCanBakedBeans\",\"FoodCanBakedBeans\",\"ItemSodaPepsi\",\"ItemSodaPepsi\",\"ItemSodaPepsi\",\"FoodCanBakedBeans\",\"ItemBandage\",[\"8Rnd_9x18_Makarov\",1],[\"8Rnd_9x18_Makarov\",2],[\"8Rnd_9x18_Makarov\",3],\"ItemBandage\",\"ItemBandage\"]]', '[\"DZ_Patrol_Pack_EP1\",[[],[]],[[],[]]]', '[false,true,false,true,true,false,true,3080.15,[\"aimpoint\",\"neck\",\"pilot\"],[0.749,0],37,[232.599,199.594]]', '1', 'Survivor2_DZ', '[\"Makarov\",\"aidlpercmstpsraswpstdnon_player_idlesteady01\",42]', '0', '0', '2', '1', '0', '0', '11', '2013-05-23 22:48:12', '2013-05-23 22:33:53'),
  ('95', '127860038', '1', '[275,[8777.04,2887.4,0.002]]', '[[\"ItemCompass\",\"ItemMap\",\"Makarov\"],[\"FoodCanBakedBeans\",\"FoodCanBakedBeans\",\"ItemSodaPepsi\",\"ItemSodaPepsi\",\"ItemSodaPepsi\",\"FoodCanBakedBeans\",\"ItemBandage\",\"ItemBandage\",\"8Rnd_9x18_Makarov\",\"8Rnd_9x18_Makarov\",\"8Rnd_9x18_Makarov\",\"8Rnd_9x18_Makarov\",\"ItemBandage\"]]', '[\"DZ_Patrol_Pack_EP1\",[[],[]],[[],[]]]', '[false,false,false,false,true,false,true,10089.2,[],[0.632,0],0,[151.519,139.532]]', '1', 'Survivor2_DZ', '[\"Makarov\",\"amovpercmrunsraswpstdf\",42]', '0', '0', '0', '0', '0', '0', '8', '2013-05-23 22:54:58', '2013-05-23 22:41:03'),
  ('96', '88749766', '1', '[311,[4313.54,2559.8,0.002]]', '[[\"ItemCompass\",\"ItemMap\",\"Makarov\"],[\"FoodCanBakedBeans\",\"FoodCanBakedBeans\",\"ItemSodaPepsi\",\"ItemSodaPepsi\",\"ItemSodaPepsi\",\"FoodCanBakedBeans\",\"PartEngine\",\"ItemBandage\",\"ItemBandage\",\"ItemBandage\",\"8Rnd_9x18_Makarov\",\"ItemBandage\"]]', '[\"DZ_Patrol_Pack_EP1\",[[],[]],[[],[]]]', '[false,false,false,true,true,false,true,1718.54,[\"aimpoint\"],[0.748,0],0,[328.189,280.691]]', '1', 'Survivor2_DZ', '[\"Makarov\",\"aidlpercmstpsraswpstdnon_player_idlesteady02\",41]', '0', '0', '0', '0', '0', '0', '22', '2013-05-23 23:11:03', '2013-05-23 22:48:27'),
  ('97', '127860038', '1', '[135,[6616.29,2961.48,0.001]]', '[[\"ItemCompass\",\"ItemMap\",\"Makarov\",\"ItemKnife\",\"ItemHatchet\",\"LeeEnfield\"],[\"FoodCanBakedBeans\",\"ItemSodaPepsi\",\"FoodCanBakedBeans\",\"ItemMorphine\",\"ItemSodaCoke\",\"ItemJerrycanEmpty\",\"ItemJerrycanEmpty\",\"ItemBandage\",\"ItemBandage\",\"ItemBandage\",\"ItemBandage\"]]', '[\"DZ_Patrol_Pack_EP1\",[[],[]],[[\"ItemBandage\",\"ItemBloodbag\",\"30Rnd_556x45_Stanag\"],[2,2,2]]]', '[false,false,false,false,true,false,true,8005.6,[],[0,0],0,[281.464,288.197]]', '1', 'Survivor2_DZ', '[\"Makarov\",\"amovpercmrunsraswpstdf\",41]', '2', '0', '28', '4', '0', '0', '53', '2013-05-23 23:49:14', '2013-05-23 22:55:19'),
  ('98', '88749766', '1', '[43,[6303.1,2681.32,0.001]]', '[[\"ItemCompass\",\"ItemMap\",\"Makarov\"],[\"FoodCanBakedBeans\",\"FoodCanBakedBeans\",\"ItemSodaPepsi\",\"ItemSodaPepsi\",\"ItemSodaPepsi\",\"FoodCanBakedBeans\",\"ItemBandage\",[\"8Rnd_9x18_Makarov\",3],\"8Rnd_9x18_Makarov\",\"ItemBandage\"]]', '[\"DZ_Patrol_Pack_EP1\",[[],[]],[[],[]]]', '[false,false,false,true,false,false,true,5151.52,[\"Pelvis\",\"aimpoint\",\"relbow\"],[0.07,0],0,[309.993,291.921]]', '1', 'Survivor2_DZ', '[\"Makarov\",\"aidlpercmstpsraswpstdnon_player_idlesteady03\",41]', '0', '0', '0', '0', '0', '0', '13', '2013-05-23 23:42:13', '2013-05-23 23:28:03'),
  ('99', '109130374', '1', '[229,[6982.97,2771.55,0.001]]', '[[\"ItemCompass\",\"ItemMap\",\"Makarov\",\"ItemHatchet\",\"M4A3_CCO_EP1\"],[\"ItemSodaPepsi\",\"ItemSodaPepsi\",\"ItemSodaPepsi\",\"FoodCanBakedBeans\",\"PartWoodPile\",\"ItemSodaCoke\",\"ItemTankTrap\",[\"30Rnd_556x45_Stanag\",5],\"ItemBandage\",\"ItemBandage\",\"ItemBandage\",[\"8Rnd_9x18_Makarov\",7],\"8Rnd_9x18_Makarov\",\"8Rnd_9x18_Makarov\",\"8Rnd_9x18_Makarov\",\"ItemBandage\"]]', '[\"DZ_Patrol_Pack_EP1\",[[],[]],[[\"ItemBandage\"],[1]]]', '[false,true,false,true,true,false,true,3619.87,[\"Pelvis\",\"aimpoint\",\"lelbow\",\"relbow\",\"RightFoot\",\"LeftFoot\",\"neck\"],[3.088,0],141,[184.556,129.295]]', '1', 'Survivor2_DZ', '[\"Makarov\",\"\",41]', '2', '0', '5', '0', '0', '0', '77', '2013-05-30 18:14:35', '2013-05-23 23:28:42'),
  ('100', '88749766', '1', '[359,[11348.5,6641.81,5.754]]', '[[\"ItemCompass\",\"ItemMap\",\"Makarov\",\"ItemToolbox\",\"ItemKnife\"],[\"FoodCanBakedBeans\",\"FoodCanBakedBeans\",\"ItemSodaPepsi\",\"ItemSodaPepsi\",\"ItemSodaPepsi\",\"FoodCanBakedBeans\",\"FoodCanPasta\",\"FoodCanBakedBeans\",\"ItemBandage\",\"ItemBandage\",\"ItemBandage\",\"8Rnd_9x18_Makarov\",\"8Rnd_9x18_Makarov\",\"8Rnd_9x18_Makarov\",\"8Rnd_9x18_Makarov\",\"ItemBandage\"]]', '[\"DZ_Assault_Pack_EP1\",[[],[]],[[],[]]]', '[false,false,false,false,false,false,false,12000,[],[0,0],0]', '1', 'Survivor2_DZ', '[\"Makarov\",\"aidlpercmstpsraswpstdnon_player_idlesteady02\",41]', '0', '0', '0', '0', '0', '0', '13', '2013-05-23 23:56:09', '2013-05-23 23:42:36'),
  ('101', '127860038', '1', '[294,[6809.02,2756.77,0.001]]', '[[\"M4A1_AIM_SD_camo\",\"revolver_EP1\",\"ItemMap\",\"ItemGPS\",\"ItemCompass\",\"ItemToolbox\",\"Binocular\",\"NVGoggles\",\"ItemMatchbox\",\"ItemKnife\",\"ItemEtool\",\"ItemHatchet\",\"ItemWatch\",\"ItemRadio\"],[\"FoodbaconCooked\",[\"30Rnd_556x45_StanagSD\",8],[\"30Rnd_556x45_StanagSD\",9],[\"30Rnd_556x45_StanagSD\",3],\"ItemEpinephrine\",\"ItemPainkiller\",\"ItemBloodbag\",\"ItemBloodbag\",[\"30Rnd_556x45_StanagSD\",3],[\"6Rnd_45ACP\",2],[\"6Rnd_45ACP\",2],[\"6Rnd_45ACP\",1],\"ItemBandage\",\"ItemBandage\",\"ItemBandage\",\"6Rnd_45ACP\"]]', '[\"DZ_Backpack_EP1\",[[],[]],[[\"FoodSteakCooked\",\"ItemPainkiller\",\"ItemWaterbottle\",\"6Rnd_45ACP\",\"30Rnd_556x45_StanagSD\",\"ItemBandage\",\"ItemMorphine\",\"ItemAntibiotic\",\"ItemBloodbag\",\"ItemSodaCoke\"],[2,4,1,3,3,2,2,2,3,2]]]', '[false,false,false,false,false,false,false,12000,[],[0.453,0],0,[6.16,0.467]]', '1', 'Sniper1_DZ', '[\"M4A1_AIM_SD_camo\",\"amovpercmrunsraswrfldf\",42]', '10', '8', '163', '42', '0', '0', '445', '2013-05-28 02:38:42', '2013-05-23 23:50:06'),
  ('102', '88749766', '1', '[]', '[[\"ItemCompass\",\"ItemMap\",\"Makarov\"],[\"FoodCanBakedBeans\",\"FoodCanBakedBeans\",\"ItemBandage\",\"ItemBandage\",\"ItemBandage\",\"8Rnd_9x18_Makarov\",\"8Rnd_9x18_Makarov\",\"8Rnd_9x18_Makarov\",\"8Rnd_9x18_Makarov\",\"ItemBandage\",\"ItemSodaPepsi\",\"ItemSodaPepsi\",\"ItemSodaPepsi\",\"FoodCanBakedBeans\"]]', '[\"DZ_Patrol_Pack_EP1\",[[],[]],[[],[]]]', '[false,true,false,true,true,false,true,1246.04,[\"aimpoint\",\"neck\"],[0.831,0],26,[22.9,9.584]]', '1', 'Survivor2_DZ', '[\"\",\"aidlpercmstpsraswpstdnon_player_idlesteady02\",36]', '0', '0', '0', '0', '0', '0', '1', '2013-05-23 23:58:25', '2013-05-23 23:56:35'),
  ('103', '88749766', '1', '[357,[12871.2,5621.94,0.001]]', '[[\"ItemCompass\",\"ItemMap\",\"Makarov\"],[\"FoodCanBakedBeans\",\"FoodCanBakedBeans\",\"ItemSodaPepsi\",\"ItemSodaPepsi\",\"ItemSodaPepsi\",\"FoodCanBakedBeans\",\"ItemBandage\",\"ItemBandage\",\"ItemBandage\",\"8Rnd_9x18_Makarov\",\"8Rnd_9x18_Makarov\",\"8Rnd_9x18_Makarov\",\"8Rnd_9x18_Makarov\",\"ItemBandage\"]]', '[\"DZ_Patrol_Pack_EP1\",[[],[]],[[],[]]]', '[false,false,false,true,true,false,true,2895.88,[\"aimpoint\",\"pilot\"],[0.487,0],0,[48.587,37.702]]', '1', 'Survivor2_DZ', '[\"Makarov\",\"aidlpercmstpsraswpstdnon_player_idlesteady02\",36]', '0', '0', '0', '0', '0', '0', '4', '2013-05-24 00:18:07', '2013-05-24 00:13:28'),
  ('104', '88749766', '1', '[38,[4821.19,2797.49,0.001]]', '[[\"M4A1_AIM_SD_camo\",\"revolver_EP1\",\"ItemMap\",\"ItemGPS\",\"ItemCompass\",\"ItemToolbox\"],[[\"30Rnd_556x45_StanagSD\",4],[\"30Rnd_556x45_StanagSD\",4],[\"30Rnd_556x45_StanagSD\",1],[\"30Rnd_556x45_StanagSD\",3],[\"30Rnd_556x45_StanagSD\",2],\"ItemSodaCoke\",\"ItemSodaCoke\",\"ItemSodaCoke\",\"ItemTrashToiletpaper\",\"ItemTrashToiletpaper\",[\"6Rnd_45ACP\",3],\"6Rnd_45ACP\",\"6Rnd_45ACP\",\"ItemBandage\",\"ItemBandage\"]]', '[\"DZ_Backpack_EP1\",[[],[]],[[\"FoodSteakCooked\",\"ItemBloodbag\",\"ItemPainkiller\",\"ItemWaterbottle\",\"6Rnd_45ACP\"],[2,3,3,1,3]]]', '[false,false,false,false,false,false,true,11796.5,[],[0.213,0],0,[706.973,364.663]]', '1', 'Survivor2_DZ', '[\"M4A1_AIM_SD_camo\",\"amovpercmrunsraswrfldf\",42]', '2', '0', '76', '10', '0', '0', '181', '2013-05-28 01:20:40', '2013-05-24 00:18:28'),
  ('105', '124865990', '1', '[153,[3271.31,3120.59,0.002]]', '[[\"ItemCompass\",\"ItemMap\",\"Makarov\"],[\"FoodCanBakedBeans\",\"FoodCanBakedBeans\",\"ItemBandage\",\"ItemBandage\",\"ItemBandage\",\"8Rnd_9x18_Makarov\",\"8Rnd_9x18_Makarov\",\"8Rnd_9x18_Makarov\",\"8Rnd_9x18_Makarov\",\"ItemBandage\",\"ItemSodaPepsi\",\"ItemSodaPepsi\",\"ItemSodaPepsi\",\"FoodCanBakedBeans\"]]', '[\"DZ_Patrol_Pack_EP1\",[[],[]],[[],[]]]', '[false,false,false,false,false,false,false,12000,[],[0,0],0,[37.47,34.554]]', '0', 'Survivor2_DZ', '[\"Makarov\",\"aidlpercmstpsraswpstdnon_player_idlesteady02\",36]', '0', '0', '0', '0', '0', '0', '2', '2013-05-24 01:19:16', '2013-05-24 01:16:59'),
  ('106', '5285892', '1', '[88,[9669.43,2167.22,0.002]]', '[[\"ItemCompass\",\"ItemMap\",\"Makarov\"],[\"FoodCanBakedBeans\",\"FoodCanBakedBeans\",\"ItemSodaPepsi\",\"ItemSodaPepsi\",\"ItemSodaPepsi\",\"FoodCanBakedBeans\",\"ItemBandage\",\"ItemBandage\",\"ItemBandage\",\"8Rnd_9x18_Makarov\",\"8Rnd_9x18_Makarov\",\"8Rnd_9x18_Makarov\",\"8Rnd_9x18_Makarov\",\"ItemBandage\"]]', '[\"DZ_Patrol_Pack_EP1\",[[],[]],[[],[]]]', '[false,false,false,false,false,false,false,12000,[],[0,0],0,[48.88,41.616]]', '0', 'Survivor2_DZ', '[\"\",\"aidlpercmstpsraswpstdnon_player_idlesteady03\",36]', '0', '0', '0', '0', '0', '0', '4', '2013-05-24 04:38:45', '2013-05-24 04:33:52'),
  ('107', '81632710', '1', '[351,[2154.93,2567.34,0.001]]', '[[\"ItemCompass\",\"ItemMap\",\"Makarov\"],[\"FoodCanBakedBeans\",\"FoodCanBakedBeans\",\"ItemBandage\",\"ItemBandage\",\"ItemBandage\",\"8Rnd_9x18_Makarov\",\"8Rnd_9x18_Makarov\",\"8Rnd_9x18_Makarov\",\"8Rnd_9x18_Makarov\",\"ItemBandage\",\"ItemSodaPepsi\",\"ItemSodaPepsi\",\"ItemSodaPepsi\",\"FoodCanBakedBeans\"]]', '[\"DZ_Patrol_Pack_EP1\",[[],[]],[[],[]]]', '[false,false,false,false,false,false,false,12000,[],[0,0],0,[4.24,3.195]]', '0', 'Survivor2_DZ', '[\"\",\"aidlpercmstpsraswpstdnon_player_0s\",36]', '0', '0', '0', '0', '0', '0', '1', '2013-05-24 11:06:43', '2013-05-24 11:05:43'),
  ('108', '74501958', '1', '[249,[4091.57,9016.45,0.001]]', '[[\"Binocular\",\"Colt1911\",\"ItemCompass\",\"ItemMap\",\"ItemFlashlightRed\",\"ItemMatchbox\",\"ItemKnife\",\"ItemCrowbar\",\"ItemHatchet\",\"DMR\",\"ItemWatch\"],[\"ItemPainkiller\",\"ItemJerrycan\",\"20Rnd_762x51_DMR\",\"5Rnd_762x51_M24\",\"5Rnd_762x51_M24\",\"5Rnd_762x51_M24\",\"5Rnd_762x51_M24\",\"5Rnd_762x51_M24\",\"20Rnd_762x51_DMR\",\"20Rnd_762x51_DMR\",\"ItemBandage\",\"ItemBandage\",\"7Rnd_45ACP_1911\",\"7Rnd_45ACP_1911\",\"7Rnd_45ACP_1911\",[\"7Rnd_45ACP_1911\",5],\"ItemBandage\",\"ItemBandage\"]]', '[\"DZ_British_ACU\",[[\"M24\"],[1]],[[\"FoodCanSardines\",\"ItemSodaPepsi\",\"ItemAntibiotic\",\"FoodSteakCooked\",\"FoodMRE\",\"20Rnd_762x51_DMR\",\"ItemMorphine\"],[1,1,1,1,1,2,1]]]', '[false,false,false,true,false,false,true,9956.43,[\"Pelvis\",\"aimpoint\",\"lelbow\"],[0.765,0],0,[201.366,164.481]]', '1', 'Sniper1_DZ', '[\"DMR\",\"amovppnemrunslowwrfldb\",42]', '1', '0', '37', '24', '0', '0', '138', '2013-05-25 00:35:48', '2013-05-24 15:50:15'),
  ('109', '91400582', '1', '[79,[3575.73,2177.5,7.737]]', '[[\"ItemCompass\",\"ItemMap\",\"Makarov\"],[\"FoodCanBakedBeans\",\"FoodCanBakedBeans\",\"ItemBandage\",\"ItemBandage\",\"ItemBandage\",\"8Rnd_9x18_Makarov\",\"8Rnd_9x18_Makarov\",\"8Rnd_9x18_Makarov\",\"8Rnd_9x18_Makarov\",\"ItemBandage\",\"ItemSodaPepsi\",\"ItemSodaPepsi\",\"ItemSodaPepsi\",\"FoodCanBakedBeans\"]]', '[\"DZ_Patrol_Pack_EP1\",[[],[]],[[],[]]]', '[false,false,false,false,false,false,false,12000,[],[0,0],0]', '1', 'Survivor2_DZ', '[\"Makarov\",\"aidlpercmstpsraswpstdnon_player_idlesteady01\",38]', '0', '0', '0', '0', '0', '0', '2', '2013-05-24 17:38:58', '2013-05-24 17:36:10'),
  ('110', '91400582', '1', '[317,[9422.46,3176.64,0.001]]', '[[\"ItemCompass\",\"ItemMap\",\"Makarov\"],[\"FoodCanBakedBeans\",\"FoodCanBakedBeans\",\"ItemBandage\",\"ItemBandage\",\"ItemBandage\",\"8Rnd_9x18_Makarov\",\"8Rnd_9x18_Makarov\",\"8Rnd_9x18_Makarov\",\"8Rnd_9x18_Makarov\",\"ItemBandage\",\"ItemSodaPepsi\",\"ItemSodaPepsi\",\"ItemSodaPepsi\",\"FoodCanBakedBeans\"]]', '[\"DZ_Patrol_Pack_EP1\",[[],[]],[[],[]]]', '[false,false,false,false,false,false,false,12000,[],[0,0],0,[165.36,132.457]]', '1', 'Survivor2_DZ', '[\"Makarov\",\"aidlpercmstpsraswpstdnon_player_idlesteady03\",41]', '0', '0', '0', '0', '0', '0', '23', '2013-05-29 15:20:01', '2013-05-24 17:39:27'),
  ('111', '92289350', '1', '[39,[4214.06,10735.7,0.001]]', '[[\"ItemCompass\",\"ItemMap\",\"Makarov\",\"Binocular\",\"ItemEtool\",\"ItemRadio\",\"ItemKnife\",\"ItemToolbox\",\"AK_47_M\",\"ItemHatchet\"],[\"ItemAntibiotic\",[\"30Rnd_762x39_AK47\",26],\"ItemBloodbag\",\"FoodCanFrankBeans\",\"ItemPainkiller\",\"ItemJerrycan\",\"ItemJerrycan\",\"ItemBandage\",\"ItemBandage\",\"ItemBandage\",\"ItemBandage\",\"ItemBandage\",\"15Rnd_9x19_M9SD\",\"ItemBandage\"]]', '[\"DZ_British_ACU\",[[],[]],[[\"FoodchickenRaw\",\"ItemJerrycan\"],[2,3]]]', '[false,false,false,false,false,false,true,12000,[],[0.508,0],0,[851.283,228.322]]', '0', 'Survivor2_DZ', '[\"AK_47_M\",\"amovpercmstpsraswpstdnon_amovpercmstpsraswrfldnon_end\",42]', '5', '0', '49', '27', '0', '0', '235', '2013-05-25 14:34:32', '2013-05-24 19:07:21'),
  ('112', '98000774', '1', '[1,[6046.57,2100.62,0.001]]', '[[\"ItemCompass\",\"ItemMap\",\"Makarov\",\"M16A2\"],[\"FoodCanBakedBeans\",\"ItemSodaPepsi\",\"ItemSodaPepsi\",\"FoodCanBakedBeans\",\"FoodCanBakedBeans\",\"ItemSodaCoke\",\"ItemBandage\",\"ItemBandage\",\"ItemBandage\",\"ItemBandage\"]]', '[\"DZ_Patrol_Pack_EP1\",[[],[]],[[],[]]]', '[false,true,false,true,true,false,true,10116.1,[\"aimpoint\",\"lelbow\",\"pilot\"],[0.325,0],43,[145.67,154.792]]', '1', 'Survivor2_DZ', '[\"Makarov\",\"\",41]', '2', '0', '13', '7', '0', '0', '21', '2013-05-24 19:37:57', '2013-05-24 19:16:29'),
  ('113', '98000774', '1', '[119,[10557,2413.66,0.003]]', '[[\"ItemCompass\",\"ItemMap\",\"ItemWatch\",\"ItemFlashlight\",\"Makarov\",\"M4A3_CCO_EP1\",\"ItemRadio\",\"Binocular\"],[\"FoodCanBakedBeans\",\"FoodCanBakedBeans\",\"ItemSodaPepsi\",\"ItemSodaPepsi\",\"ItemSodaPepsi\",\"FoodCanBakedBeans\",\"ItemBandage\",\"ItemBandage\",\"ItemBandage\",[\"8Rnd_9x18_Makarov\",1],\"8Rnd_9x18_Makarov\",\"8Rnd_9x18_Makarov\",\"8Rnd_9x18_Makarov\",\"8Rnd_9x18_Makarov\"]]', '[\"DZ_TK_Assault_Pack_EP1\",[[],[]],[[\"8Rnd_9x18_Makarov\"],[2]]]', '[false,false,false,false,false,false,true,11612.5,[],[0.329,0],0,[206.749,200.3]]', '1', 'Survivor2_DZ', '[\"Makarov\",\"amovpercmevasraswpstdf\",41]', '4', '0', '14', '11', '0', '0', '12', '2013-05-24 19:50:32', '2013-05-24 19:38:16'),
  ('114', '81666374', '1', '[237,[6701.25,3005.72,0.001]]', '[[\"ItemCompass\",\"ItemMap\",\"Makarov\",\"M249_DZ\"],[\"FoodCanBakedBeans\",\"ItemSodaPepsi\",\"FoodCanBakedBeans\",[\"200Rnd_556x45_M249\",198],\"200Rnd_556x45_M249\",\"200Rnd_556x45_M249\",\"200Rnd_556x45_M249\",\"ItemBandage\",\"ItemBandage\",\"ItemBandage\",\"8Rnd_9x18_Makarov\",\"8Rnd_9x18_Makarov\",\"8Rnd_9x18_Makarov\",\"8Rnd_9x18_Makarov\",\"ItemBandage\"]]', '[\"DZ_Backpack_EP1\",[[],[]],[[],[]]]', '[false,false,false,false,false,false,false,12000,[],[0,0],0,[6.035,0]]', '1', 'Soldier1_DZ', '[\"M249_DZ\",\"amovpercmstpsraswrfldnon_amovpercmstpsnonwnondnon\",100]', '0', '0', '1', '0', '0', '0', '1', '2013-05-24 20:15:15', '2013-05-24 20:06:56'),
  ('115', '81666374', '1', '[274,[10442.4,2589.74,6.319]]', '[[\"ItemCompass\",\"ItemMap\",\"Makarov\",\"DMR\",\"Colt1911\",\"ItemHatchet\",\"ItemKnife\",\"ItemMatchbox\",\"ItemEtool\",\"ItemToolbox\",\"ItemGPS\",\"Binocular_Vector\",\"NVGoggles\"],[[\"20Rnd_762x51_DMR\",9],\"20Rnd_762x51_DMR\",\"20Rnd_762x51_DMR\",\"20Rnd_762x51_DMR\",\"ItemMorphine\",\"ItemEpinephrine\",\"ItemBloodbag\",\"ItemWaterbottleUnfilled\",\"ItemBandage\",\"ItemBandage\",\"8Rnd_9x18_Makarov\",\"8Rnd_9x18_Makarov\",\"8Rnd_9x18_Makarov\",\"8Rnd_9x18_Makarov\",\"ItemBandage\",\"7Rnd_45ACP_1911\"]]', '[\"DZ_Backpack_EP1\",[[],[]],[[],[]]]', '[false,false,false,false,false,false,true,12000,[],[0,0],0,[4.875,13.125]]', '1', 'Survivor2_DZ', '[\"DMR\",\"amovpknlmstpslowwrfldnon_amovpercmstpsraswrfldnon\",42]', '0', '0', '15', '5', '0', '0', '8', '2013-05-24 20:27:17', '2013-05-24 20:15:34'),
  ('116', '81666374', '1', '[205,[13514.7,6931.19,26.094]]', '[[\"ItemCompass\",\"ItemMap\",\"Makarov\"],[\"FoodCanBakedBeans\",\"FoodCanBakedBeans\",\"ItemSodaPepsi\",\"ItemSodaPepsi\",\"ItemSodaPepsi\",\"FoodCanBakedBeans\",\"ItemBandage\",\"ItemBandage\",\"ItemBandage\",\"8Rnd_9x18_Makarov\",\"8Rnd_9x18_Makarov\",\"8Rnd_9x18_Makarov\",\"8Rnd_9x18_Makarov\",\"ItemBandage\"]]', '[\"DZ_Patrol_Pack_EP1\",[[],[]],[[],[]]]', '[false,false,false,false,false,false,false,12000,[],[0,0],0,[0,0]]', '1', 'Survivor2_DZ', '[\"\",\"aswmpercmstpsnonwnondnon\",36]', '0', '0', '0', '0', '0', '0', '2', '2013-05-24 20:35:53', '2013-05-24 20:27:37'),
  ('117', '127795590', '1', '[303,[9467.88,1901.49,0.002]]', '[[\"ItemCompass\",\"ItemMap\",\"Makarov\"],[\"FoodCanBakedBeans\",\"FoodCanBakedBeans\",\"ItemSodaPepsi\",\"ItemSodaPepsi\",\"ItemSodaPepsi\",\"FoodCanBakedBeans\",\"ItemBandage\",\"ItemBandage\",\"8Rnd_9x18_Makarov\",\"8Rnd_9x18_Makarov\",\"8Rnd_9x18_Makarov\",\"8Rnd_9x18_Makarov\",\"ItemBandage\"]]', '[\"DZ_Patrol_Pack_EP1\",[[],[]],[[],[]]]', '[false,false,false,false,false,false,true,11032.6,[],[0,0],0,[29.189,25.61]]', '0', 'Survivor2_DZ', '[\"\",\"amovpercmrunsraswpstdf\",36]', '0', '0', '0', '0', '0', '0', '2', '2013-05-25 00:27:57', '2013-05-25 00:25:26'),
  ('118', '128310470', '1', '[127,[11883.9,3467.1,0]]', '[[\"Makarov\",\"ItemCompass\",\"ItemMap\"],[\"FoodCanBakedBeans\",\"FoodCanBakedBeans\",\"ItemSodaPepsi\",\"ItemSodaPepsi\",\"ItemSodaPepsi\",\"FoodCanBakedBeans\",\"ItemHeatPack\",\"PartGeneric\",\"8Rnd_9x18_Makarov\",\"8Rnd_9x18_Makarov\",\"8Rnd_9x18_Makarov\",\"8Rnd_9x18_Makarov\",\"ItemBandage\",\"8Rnd_9x18_Makarov\",\"8Rnd_9x18_Makarov\",\"ItemBandage\"]]', '[\"DZ_Patrol_Pack_EP1\",[[],[]],[[],[]]]', '[false,false,false,false,false,false,true,10868.7,[],[0,0],0,[400.052,340.534]]', '0', 'Survivor2_DZ', '[\"\",\"\",42]', '0', '0', '0', '0', '0', '0', '23', '2013-05-25 05:18:51', '2013-05-25 04:38:27'),
  ('119', '118527494', '1', '[357,[10280.7,1907.05,0.14]]', '[[\"Makarov\",\"ItemCompass\",\"ItemMap\",\"ItemKnife\"],[\"FoodCanBakedBeans\",\"FoodCanBakedBeans\",\"ItemSodaPepsi\",\"ItemSodaPepsi\",\"ItemSodaPepsi\",\"FoodCanBakedBeans\",\"SmokeShell\",\"ItemBandage\",[\"8Rnd_9x18_Makarov\",3],\"ItemBandage\",\"1Rnd_Smoke_M203\",\"1Rnd_Smoke_M203\",\"ItemBandage\"]]', '[\"DZ_Patrol_Pack_EP1\",[[],[]],[[],[]]]', '[false,false,false,false,false,false,true,8367.23,[],[0.618,0],0,[363.874,309.312]]', '0', 'Survivor2_DZ', '[\"Makarov\",\"aidlpknlmstpsraswpstdnon_player_idlesteady01\",41]', '0', '0', '5', '4', '0', '0', '14', '2013-05-25 10:58:15', '2013-05-25 10:43:46'),
  ('120', '81666374', '1', '[26,[13380.9,5263.44,0.001]]', '[[\"ItemCompass\",\"ItemMap\",\"ItemWatch\",\"ItemToolbox\",\"ItemRadio\",\"ItemGPS\",\"ItemHatchet\",\"ItemKnife\",\"glock17_EP1\",\"ItemMatchbox\",\"ItemEtool\",\"Binocular\",\"Winchester1866\"],[\"FoodCanBakedBeans\",\"FoodCanBakedBeans\",\"ItemSodaPepsi\",\"ItemSodaPepsi\",\"ItemSodaPepsi\",\"FoodCanBakedBeans\",\"15Rnd_W1866_Slug\",\"15Rnd_W1866_Slug\",\"15Rnd_W1866_Slug\",\"15Rnd_W1866_Slug\",\"15Rnd_W1866_Slug\",\"15Rnd_W1866_Slug\",\"ItemBandage\",\"ItemBandage\",\"ItemBandage\",\"ItemBandage\",\"17Rnd_9x19_glock17\",\"17Rnd_9x19_glock17\",\"17Rnd_9x19_glock17\",\"17Rnd_9x19_glock17\"]]', '[\"DZ_Backpack_EP1\",[[],[]],[[],[]]]', '[false,false,false,false,false,false,false,12000,[],[0,0],0]', '1', 'Survivor2_DZ', '[\"Winchester1866\",\"amovpknlmstpsraswrfldnon\",36]', '0', '0', '0', '0', '0', '0', '4', '2013-05-25 12:18:25', '2013-05-25 12:14:06'),
  ('121', '81666374', '1', '[140,[5305.32,8615.08,0.001]]', '[[\"M4A3_CCO_EP1\",\"Binocular\",\"NVGoggles\",\"Colt1911\",\"ItemCompass\",\"ItemMap\",\"ItemMatchbox\",\"ItemEtool\",\"ItemGPS\",\"ItemHatchet\",\"ItemKnife\",\"ItemRadio\",\"ItemToolbox\",\"ItemWatch\"],[\"ItemSodaPepsi\",\"FoodCanBakedBeans\",\"20Rnd_762x51_DMR\",\"ItemMorphine\",\"ItemEpinephrine\",\"ItemPainkiller\",[\"30Rnd_556x45_Stanag\",10],\"30Rnd_556x45_Stanag\",\"ItemMorphine\",\"ItemBandage\",\"ItemBandage\",\"ItemBandage\",\"7Rnd_45ACP_1911\",[\"7Rnd_45ACP_1911\",5]]]', '[\"DZ_Backpack_EP1\",[[],[]],[[],[]]]', '[false,false,false,false,false,false,true,11341,[],[0.04,0],0,[396.288,213.819]]', '0', 'Survivor2_DZ', '[\"M4A3_CCO_EP1\",\"amovpercmrunsraswrfldfl\",42]', '2', '0', '26', '9', '0', '0', '44', '2013-06-04 21:25:24', '2013-05-25 12:18:40'),
  ('122', '124569158', '1', '[166,[1740.28,3235.23,3.333]]', '[[\"ItemCompass\",\"ItemMap\",\"Makarov\"],[\"FoodCanBakedBeans\",\"FoodCanBakedBeans\",\"ItemSodaPepsi\",\"ItemSodaPepsi\",\"ItemSodaPepsi\",\"FoodCanBakedBeans\",\"ItemBandage\",\"ItemBandage\",\"ItemBandage\",\"8Rnd_9x18_Makarov\",\"8Rnd_9x18_Makarov\",\"8Rnd_9x18_Makarov\",\"8Rnd_9x18_Makarov\",\"ItemBandage\"]]', '[\"DZ_Patrol_Pack_EP1\",[[],[]],[[],[]]]', '[false,false,false,false,false,false,false,12000,[],[0,0],0,[18.78,16.859]]', '0', 'Survivor2_DZ', '[\"Makarov\",\"aidlpercmstpsraswpstdnon_player_idlesteady03\",37]', '0', '0', '0', '0', '0', '0', '1', '2013-05-25 12:33:17', '2013-05-25 12:31:43'),
  ('123', '128595718', '1', '[344,[13440.4,5007.59,0.001]]', '[[\"ItemCompass\",\"ItemMap\",\"Makarov\"],[\"FoodCanBakedBeans\",\"FoodCanBakedBeans\",\"ItemSodaPepsi\",\"ItemSodaPepsi\",\"ItemSodaPepsi\",\"FoodCanBakedBeans\",\"ItemBandage\",\"ItemBandage\",\"ItemBandage\",\"8Rnd_9x18_Makarov\",\"8Rnd_9x18_Makarov\",\"8Rnd_9x18_Makarov\",\"8Rnd_9x18_Makarov\",\"ItemBandage\"]]', '[\"DZ_Patrol_Pack_EP1\",[[],[]],[[],[]]]', '[false,false,false,false,false,false,false,12000,[],[0,0],0,[69.77,62.16]]', '0', 'Survivor2_DZ', '[\"\",\"aidlpknlmstpsraswpstdnon_player_idlesteady01\",37]', '0', '0', '0', '0', '0', '0', '4', '2013-05-25 13:25:52', '2013-05-25 13:20:57'),
  ('124', '125906630', '1', '[10,[12525.4,13023.7,0.001]]', '[[\"ItemCompass\",\"ItemMap\",\"Makarov\",\"LeeEnfield\",\"ItemHatchet\",\"Binocular\",\"ItemMatchbox\"],[\"FoodCanBakedBeans\",\"ItemSodaPepsi\",\"ItemSodaPepsi\",\"FoodCanBakedBeans\",\"FoodCanBakedBeans\",\"FoodSteakCooked\",\"ItemBandage\",\"ItemBandage\",\"ItemBandage\",\"8Rnd_9x18_Makarov\",\"8Rnd_9x18_Makarov\",\"8Rnd_9x18_Makarov\",\"8Rnd_9x18_Makarov\",\"ItemBandage\"]]', '[\"DZ_Patrol_Pack_EP1\",[[],[]],[[\"PartVRotor\"],[1]]]', '[false,false,false,false,false,false,false,12000,[],[0,0],0,[121.965,69.474]]', '0', 'Survivor2_DZ', '[\"Makarov\",\"aidlpknlmstpsraswpstdnon_player_idlesteady01\",41]', '0', '0', '0', '0', '0', '0', '45', '2013-05-25 14:41:28', '2013-05-25 13:56:16'),
  ('125', '128073542', '1', '[11,[13502.6,6262.61,0.002]]', '[[\"Makarov\",\"ItemCompass\",\"ItemMap\",\"ItemToolbox\"],[\"FoodCanBakedBeans\",\"FoodCanBakedBeans\",\"ItemSodaPepsi\",\"ItemSodaPepsi\",\"ItemSodaPepsi\",\"FoodCanBakedBeans\",\"ItemTrashRazor\",\"ItemBandage\",\"ItemBandage\",\"ItemBandage\",[\"8Rnd_9x18_Makarov\",1],[\"8Rnd_9x18_Makarov\",3],\"ItemBandage\"]]', '[\"DZ_Patrol_Pack_EP1\",[[],[]],[[],[]]]', '[false,false,false,true,false,false,true,11600.9,[\"aimpoint\"],[0.534,0],0,[216.815,168.669]]', '0', 'Survivor2_DZ', '[\"Makarov\",\"aidlpercmstpsraswpstdnon_player_idlesteady03\",41]', '0', '0', '5', '5', '0', '0', '14', '2013-05-26 20:53:14', '2013-05-25 17:32:52'),
  ('126', '81804870', '1', '[15,[4456.33,2271.43,0.001]]', '[[\"Makarov\",\"ItemCompass\",\"ItemMap\",\"ItemToolbox\",\"ItemWatch\",\"ItemHatchet\"],[\"FoodCanBakedBeans\",\"FoodCanBakedBeans\",\"ItemSodaPepsi\",\"ItemSodaPepsi\",\"FoodCanBakedBeans\",\"HandRoadFlare\",\"HandRoadFlare\",\"ItemJerrycan\",\"HandChemGreen\",\"ItemSodaPepsi\",\"ItemBandage\",\"ItemBandage\",\"ItemBandage\",\"FlareWhite_M203\",\"8Rnd_9x18_Makarov\",\"8Rnd_9x18_Makarov\"]]', '[\"DZ_Patrol_Pack_EP1\",[[],[]],[[],[]]]', '[false,false,false,false,true,false,true,8273.55,[],[0.634,0],0,[1233.65,1223.71]]', '0', 'Survivor2_DZ', '[\"Makarov\",\"aidlpercmstpsraswpstdnon_player_idlesteady03\",41]', '0', '0', '14', '5', '0', '0', '41', '2013-05-25 23:30:12', '2013-05-25 22:48:08'),
  ('127', '74501958', '1', '[33,[6093.42,2367.56,0.002]]', '[[\"ItemCompass\",\"ItemMap\",\"Makarov\",\"ItemKnife\",\"ItemToolbox\",\"M1014\",\"Binocular\",\"ItemFlashlight\"],[\"ItemSodaPepsi\",\"ItemSodaPepsi\",\"FoodCanBakedBeans\",\"ItemSodaCoke\",\"30Rnd_9x19_MP5\",\"30Rnd_9x19_MP5\",\"ItemPainkiller\",\"8Rnd_B_Beneli_74Slug\",\"ItemMorphine\",\"ItemBandage\",\"8Rnd_9x18_Makarov\",\"8Rnd_9x18_Makarov\",\"8Rnd_9x18_Makarov\",\"8Rnd_9x18_Makarov\",\"6Rnd_45ACP\",\"6Rnd_45ACP\"]]', '[\"DZ_Assault_Pack_EP1\",[[],[]],[[\"100Rnd_762x51_M240\",\"20Rnd_762x51_DMR\",\"FoodCanPasta\",\"ItemSodaPepsi\",\"ItemBandage\",\"8Rnd_9x18_Makarov\"],[1,2,1,1,1,2]]]', '[false,false,false,false,false,false,true,11177.6,[],[0.022,0],0,[0.973,148.05]]', '1', 'Survivor2_DZ', '[\"M1014\",\"amovpknlmstpsraswrfldnon_amovpknlmrunslowwrfldf\",41]', '3', '0', '0', '0', '0', '0', '26', '2013-05-25 23:22:44', '2013-05-25 22:56:02'),
  ('128', '74501958', '1', '[27,[4667.25,9593.2,0.269]]', '[[\"M4A3_CCO_EP1\",\"NVGoggles\",\"M9\",\"ItemCompass\",\"ItemMap\",\"ItemHatchet\",\"ItemMatchbox\",\"ItemKnife\",\"ItemToolbox\",\"ItemRadio\",\"Binocular\"],[[\"30Rnd_556x45_Stanag\",28],\"FoodCanBakedBeans\",\"FoodPistachio\",\"ItemSodaCoke\",\"ItemSodaCoke\",\"10x_303\",\"10x_303\",\"10x_303\",\"10x_303\",\"ItemBandage\",\"ItemBandage\",\"ItemBandage\"]]', '[\"DZ_British_ACU\",[[],[]],[[\"ItemAntibiotic\",\"ItemSodaCoke\",\"FoodCanPasta\"],[1,1,1]]]', '[false,false,false,false,false,false,true,7538.4,[],[1.703,0],0,[767.539,681.914]]', '1', 'Survivor2_DZ', '[\"glock17_EP1\",\"aidlpknlmstpsraswpstdnon_player_idlesteady02\",42]', '2', '0', '79', '39', '0', '0', '187', '2013-05-26 22:42:33', '2013-05-25 23:23:13'),
  ('129', '128552774', '1', '[293,[3637.01,2487.25,0.496]]', '[[\"Makarov\",\"ItemCompass\",\"ItemMap\",\"LeeEnfield\",\"ItemWatch\"],[\"FoodCanBakedBeans\",\"FoodCanBakedBeans\",\"ItemSodaPepsi\",\"ItemSodaPepsi\",\"ItemSodaPepsi\",\"FoodCanBakedBeans\",\"FoodCanBakedBeans\",\"ItemPainkiller\",\"ItemBandage\",\"ItemBandage\",\"8Rnd_9x18_Makarov\"]]', '[\"DZ_Patrol_Pack_EP1\",[[],[]],[[],[]]]', '[false,true,false,false,true,false,true,1532.59,[],[0.489,0],48,[412.729,341.487]]', '1', 'Survivor2_DZ', '[\"Makarov\",\"\",38]', '1', '0', '0', '0', '0', '0', '19', '2013-05-26 06:40:03', '2013-05-26 06:19:54'),
  ('130', '54405126', '1', '[245,[4338.61,1060.57,100.99]]', '[[\"ItemCompass\",\"ItemMap\",\"Makarov\"],[\"FoodCanBakedBeans\",\"FoodCanBakedBeans\",\"ItemBandage\",\"ItemBandage\",\"ItemBandage\",\"8Rnd_9x18_Makarov\",\"8Rnd_9x18_Makarov\",\"8Rnd_9x18_Makarov\",\"8Rnd_9x18_Makarov\",\"ItemBandage\",\"ItemSodaPepsi\",\"ItemSodaPepsi\",\"ItemSodaPepsi\",\"FoodCanBakedBeans\"]]', '[\"DZ_Patrol_Pack_EP1\",[[],[]],[[],[]]]', '[false,false,false,false,false,false,false,12000,[],[0,0],0,[12.82,9.527]]', '1', 'Survivor2_DZ', '[\"\",\"aidlpercmstpslowwrfldnon_player_0s\",100]', '0', '0', '0', '0', '0', '0', '1', '2013-05-26 21:43:12', '2013-05-26 21:41:08'),
  ('131', '54405126', '1', '[305,[4340,1061,111.868]]', '[[\"ItemCompass\",\"ItemMap\",\"Makarov\"],[\"FoodCanBakedBeans\",\"FoodCanBakedBeans\",\"ItemBandage\",\"ItemBandage\",\"ItemBandage\",\"8Rnd_9x18_Makarov\",\"8Rnd_9x18_Makarov\",\"8Rnd_9x18_Makarov\",\"8Rnd_9x18_Makarov\",\"ItemBandage\",\"ItemSodaPepsi\",\"ItemSodaPepsi\",\"ItemSodaPepsi\",\"FoodCanBakedBeans\"]]', '[\"DZ_Patrol_Pack_EP1\",[[],[]],[[],[]]]', '[false,false,false,false,false,false,false,12000,[],[0,0],0,[40.18,24.32]]', '1', 'Survivor2_DZ', '[\"\",\"amovpercmstpsnonwnondnon\",28]', '0', '0', '0', '0', '0', '0', '12', '2013-05-26 21:59:48', '2013-05-26 21:43:48'),
  ('132', '54405126', '1', '[182,[4069.27,12521.1,9.308e-04]]', '[[\"ItemCompass\",\"ItemMap\",\"Makarov\",\"M16A2\",\"ItemRadio\"],[\"FoodCanBakedBeans\",\"FoodCanBakedBeans\",\"ItemSodaPepsi\",\"ItemSodaPepsi\",\"ItemSodaPepsi\",\"FoodCanBakedBeans\",\"ItemSodaCoke\",[\"30Rnd_556x45_Stanag\",29],\"ItemSodaCoke\",\"30Rnd_556x45_Stanag\",[\"30Rnd_556x45_Stanag\",29],\"FoodCanBakedBeans\",\"ItemBandage\",\"ItemBandage\",\"ItemBandage\",[\"8Rnd_9x18_Makarov\",3],[\"8Rnd_9x18_Makarov\",2],\"ItemBandage\"]]', '[\"DZ_Patrol_Pack_EP1\",[[],[]],[[],[]]]', '[false,false,false,false,false,false,true,12000,[],[0.08,0],0,[221.282,224.211]]', '1', 'Survivor2_DZ', '[\"M16A2\",\"aidlpercmstpsraswrfldnon_idlesteady02\",42]', '3', '0', '3', '3', '0', '0', '19', '2013-05-26 22:21:12', '2013-05-26 22:00:16'),
  ('133', '54405126', '1', '[155,[4665.44,9821,0.001]]', '[[\"ItemCompass\",\"ItemMap\",\"UZI_EP1\",\"NVGoggles\",\"ItemRadio\",\"ItemToolbox\",\"ItemKnife\",\"ItemHatchet\",\"ItemMatchbox\",\"Binocular\",\"M4A3_CCO_EP1\"],[\"FoodCanBakedBeans\",\"FoodCanBakedBeans\",\"ItemSodaPepsi\",\"ItemSodaPepsi\",\"ItemSodaPepsi\",\"FoodCanBakedBeans\",[\"30Rnd_556x45_Stanag\",22],\"20Rnd_762x51_DMR\",\"ItemBandage\",\"30Rnd_9x19_UZI\",\"30Rnd_9x19_UZI\",\"ItemBandage\"]]', '[\"DZ_British_ACU\",[[],[]],[[],[]]]', '[false,false,false,false,true,false,true,5934.1,[],[1.1,0],0,[980.665,730.093]]', '0', 'Survivor2_DZ', '[\"M4A3_CCO_EP1\",\"aidlpercmstpsraswrfldnon_aiming01\",42]', '4', '0', '53', '9', '0', '0', '44', '2013-05-27 00:12:24', '2013-05-26 22:22:53'),
  ('134', '74501958', '1', '[12,[10199.9,1970.69,0.001]]', '[[\"ItemCompass\",\"ItemMap\",\"Makarov\",\"AKS_74_U\",\"ItemMatchbox\",\"ItemKnife\",\"ItemToolbox\",\"ItemHatchet\"],[\"FoodCanBakedBeans\",[\"30Rnd_545x39_AK\",15],\"30Rnd_545x39_AK\",\"ItemSodaPepsi\",\"ItemSodaPepsi\",\"ItemPainkiller\",\"PartWheel\",\"ItemBandage\",\"ItemBandage\",\"8Rnd_9x18_Makarov\",\"8Rnd_9x18_Makarov\",\"ItemBandage\",\"8Rnd_9x18_Makarov\",\"8Rnd_9x18_Makarov\",\"ItemBandage\"]]', '[\"DZ_British_ACU\",[[],[]],[[\"FoodCanSardines\",\"FoodCanBakedBeans\",\"5Rnd_762x51_M24\",\"ItemTent\",\"ItemSodaPepsi\",\"ItemAntibiotic\",\"ItemMorphine\",\"ItemBloodbag\"],[3,1,1,1,2,2,2,4]]]', '[false,false,false,false,false,false,true,10518.9,[],[0.046,0],0,[34.714,34.883]]', '0', 'Survivor2_DZ', '[\"AKS_74_U\",\"amovpercmrunsraswrfldf\",42]', '0', '0', '5', '3', '0', '0', '20', '2013-06-03 19:12:14', '2013-05-26 22:43:08'),
  ('135', '128574534', '1', '[14,[13046,7819.81,0.001]]', '[[\"Makarov\",\"ItemCompass\",\"ItemMap\",\"ItemKnife\"],[\"FoodCanBakedBeans\",\"FoodCanBakedBeans\",\"ItemSodaPepsi\",\"ItemSodaPepsi\",\"ItemSodaPepsi\",\"FoodCanBakedBeans\",\"HandRoadFlare\",\"HandRoadFlare\",\"HandChemBlue\",\"ItemBandage\",\"ItemBandage\",\"ItemBandage\",\"ItemBandage\"]]', '[\"DZ_Patrol_Pack_EP1\",[[],[]],[[\"ItemBandage\",\"ItemPainkiller\"],[2,2]]]', '[false,true,false,true,false,false,true,278.983,[\"Pelvis\",\"aimpoint\",\"lelbow\",\"RightFoot\"],[1.526,0],12,[519.698,457.366]]', '1', 'Survivor2_DZ', '[\"Makarov\",\"aidlpercmstpsraswpstdnon_player_idlesteady03\",41]', '0', '0', '2', '0', '0', '0', '25', '2013-05-27 16:31:38', '2013-05-27 16:05:40'),
  ('136', '61466822', '1', '[196,[10446.7,2651.83,0.001]]', '[[\"ItemCompass\",\"ItemMap\",\"glock17_EP1\",\"M4A3_CCO_EP1\",\"ItemRadio\"],[\"FoodCanBakedBeans\",\"FoodCanBakedBeans\",\"ItemSodaPepsi\",\"ItemSodaPepsi\",\"ItemSodaPepsi\",\"FoodCanBakedBeans\",\"FoodCanBakedBeans\",[\"30Rnd_556x45_Stanag\",8],[\"30Rnd_556x45_Stanag\",19],[\"30Rnd_556x45_Stanag\",16],\"ItemBandage\",\"ItemBandage\",\"ItemBandage\",\"ItemBandage\",[\"17Rnd_9x19_glock17\",16]]]', '[\"DZ_Patrol_Pack_EP1\",[[\"revolver_EP1\"],[1]],[[\"6Rnd_45ACP\"],[1]]]', '[false,false,false,false,true,false,true,8210.17,[],[0,0],0,[579.006,449.67]]', '0', 'Bandit1_DZ', '[\"M4A3_CCO_EP1\",\"aidlpercmstpsraswrfldnon_idlesteady04\",100]', '6', '0', '3', '1', '0', '0', '31', '2013-05-27 20:38:58', '2013-05-27 19:59:45'),
  ('137', '61469190', '1', '[311,[10429.3,2565.27,12.791]]', '[[\"ItemCompass\",\"ItemMap\",\"Makarov\",\"Binocular\",\"Remington870_lamp\"],[\"FoodCanBakedBeans\",\"FoodCanBakedBeans\",\"ItemSodaPepsi\",\"ItemSodaPepsi\",\"ItemSodaPepsi\",\"FoodCanBakedBeans\",\"8Rnd_B_Beneli_Pellets\",\"8Rnd_B_Beneli_Pellets\",\"ItemBandage\",\"ItemBandage\",[\"8Rnd_9x18_Makarov\",6],[\"8Rnd_9x18_Makarov\",6],\"8Rnd_9x18_Makarov\",\"8Rnd_9x18_Makarov\",\"ItemBandage\",\"ItemBandage\"]]', '[\"DZ_Patrol_Pack_EP1\",[[\"Makarov\"],[1]],[[\"8Rnd_9x18_Makarov\"],[3]]]', '[false,false,false,false,false,false,false,12000,[],[0,0],0]', '1', 'Survivor2_DZ', '[\"Remington870_lamp\",\"amovpercmwlksraswrfldfl\",41]', '0', '0', '2', '1', '0', '0', '9', '2013-05-27 20:11:02', '2013-05-27 20:01:13'),
  ('138', '61469190', '1', '[146,[6540.94,2841.29,0.001]]', '[[\"ItemCompass\",\"ItemMap\",\"Makarov\"],[\"FoodCanBakedBeans\",\"FoodCanBakedBeans\",\"ItemBandage\",\"ItemBandage\",\"ItemBandage\",\"8Rnd_9x18_Makarov\",\"8Rnd_9x18_Makarov\",\"8Rnd_9x18_Makarov\",\"8Rnd_9x18_Makarov\",\"ItemBandage\",\"ItemSodaPepsi\",\"ItemSodaPepsi\",\"ItemSodaPepsi\",\"FoodCanBakedBeans\"]]', '[\"DZ_Patrol_Pack_EP1\",[[],[]],[[],[]]]', '[false,true,false,true,true,false,true,1636.69,[\"aimpoint\",\"neck\",\"pilot\"],[0.575,0],61409,[70.75,66.736]]', '1', 'Survivor2_DZ', '[\"Makarov\",\"aidlpercmstpsraswpstdnon_player_idlesteady01\",37]', '0', '0', '0', '0', '0', '0', '3', '2013-05-27 20:15:33', '2013-05-27 20:12:17'),
  ('139', '61469190', '1', '[318,[1854.04,2269,0.001]]', '[[\"ItemCompass\",\"ItemMap\",\"Makarov\"],[\"FoodCanBakedBeans\",\"FoodCanBakedBeans\",\"ItemBandage\",\"ItemBandage\",\"ItemBandage\",\"8Rnd_9x18_Makarov\",\"8Rnd_9x18_Makarov\",\"8Rnd_9x18_Makarov\",\"8Rnd_9x18_Makarov\",\"ItemBandage\",\"ItemSodaPepsi\",\"ItemSodaPepsi\",\"ItemSodaPepsi\",\"FoodCanBakedBeans\"]]', '[\"DZ_Patrol_Pack_EP1\",[[],[]],[[],[]]]', '[false,false,false,true,true,false,true,4081.28,[\"aimpoint\"],[0.707,0],0,[29.466,27.549]]', '1', 'Survivor2_DZ', '[\"Makarov\",\"aidlpercmstpsraswpstdnon_player_idlesteady03\",36]', '0', '0', '0', '0', '0', '0', '1', '2013-05-27 20:17:18', '2013-05-27 20:15:57'),
  ('140', '61469190', '1', '[239,[8685.14,2414.59,0.002]]', '[[\"ItemCompass\",\"ItemMap\",\"Makarov\"],[\"FoodCanBakedBeans\",\"FoodCanBakedBeans\",\"ItemBandage\",\"ItemBandage\",\"ItemBandage\",\"8Rnd_9x18_Makarov\",\"8Rnd_9x18_Makarov\",\"8Rnd_9x18_Makarov\",\"8Rnd_9x18_Makarov\",\"ItemBandage\",\"ItemSodaPepsi\",\"ItemSodaPepsi\",\"ItemSodaPepsi\",\"FoodCanBakedBeans\"]]', '[\"DZ_Patrol_Pack_EP1\",[[],[]],[[],[]]]', '[false,true,false,true,true,false,true,4083.89,[\"aimpoint\",\"pilot\"],[0.346,0],24,[90.247,83.514]]', '1', 'Survivor2_DZ', '[\"Makarov\",\"aidlpercmstpsraswpstdnon_player_idlesteady02\",38]', '0', '0', '0', '0', '0', '0', '3', '2013-05-27 20:21:43', '2013-05-27 20:17:46'),
  ('141', '61469190', '1', '[136,[8875.26,2522.29,0.002]]', '[[\"ItemCompass\",\"ItemMap\",\"Makarov\"],[\"FoodCanBakedBeans\",\"FoodCanBakedBeans\",\"ItemSodaPepsi\",\"ItemSodaPepsi\",\"ItemSodaPepsi\",\"FoodCanBakedBeans\",\"ItemBandage\",\"ItemBandage\",\"ItemBandage\",\"8Rnd_9x18_Makarov\",\"8Rnd_9x18_Makarov\",\"8Rnd_9x18_Makarov\",\"8Rnd_9x18_Makarov\",\"ItemBandage\"]]', '[\"DZ_Patrol_Pack_EP1\",[[],[]],[[],[]]]', '[false,false,false,true,true,false,true,10723.7,[\"aimpoint\",\"relbow\"],[0.005,0],0,[99.89,96.217]]', '1', 'Survivor2_DZ', '[\"Makarov\",\"amovpercmwlksraswpstdf\",38]', '0', '0', '0', '0', '0', '0', '3', '2013-05-27 20:25:44', '2013-05-27 20:22:06'),
  ('142', '61469190', '1', '[188,[10430.1,2568.03,4.772]]', '[[\"ItemCompass\",\"ItemMap\",\"Makarov\"],[\"FoodCanBakedBeans\",\"FoodCanBakedBeans\",\"ItemBandage\",\"ItemBandage\",\"ItemBandage\",\"8Rnd_9x18_Makarov\",\"8Rnd_9x18_Makarov\",\"8Rnd_9x18_Makarov\",\"8Rnd_9x18_Makarov\",\"ItemBandage\",\"ItemSodaPepsi\",\"ItemSodaPepsi\",\"ItemSodaPepsi\",\"FoodCanBakedBeans\"]]', '[\"DZ_Patrol_Pack_EP1\",[[],[]],[[],[]]]', '[false,false,false,false,false,false,false,12000,[],[0,0],0]', '1', 'Survivor2_DZ', '[\"\",\"aidlpercmstpsraswpstdnon_player_idlesteady02\",40]', '0', '0', '0', '0', '0', '0', '6', '2013-05-27 20:32:16', '2013-05-27 20:26:02'),
  ('143', '61469190', '1', '[22,[7527.84,3057.49,0.002]]', '[[\"ItemCompass\",\"ItemMap\",\"Makarov\"],[\"FoodCanBakedBeans\",\"FoodCanBakedBeans\",\"ItemBandage\",\"ItemBandage\",\"ItemBandage\",\"8Rnd_9x18_Makarov\",\"8Rnd_9x18_Makarov\",\"8Rnd_9x18_Makarov\",\"8Rnd_9x18_Makarov\",\"ItemBandage\",\"ItemSodaPepsi\",\"ItemSodaPepsi\",\"ItemSodaPepsi\",\"FoodCanBakedBeans\"]]', '[\"DZ_Patrol_Pack_EP1\",[[],[]],[[],[]]]', '[false,false,false,false,false,false,false,12000,[],[0,0],0]', '1', 'Survivor2_DZ', '[\"\",\"amovpercmevasraswpstdf\",36]', '0', '0', '0', '0', '0', '0', '1', '2013-05-27 20:33:55', '2013-05-27 20:32:41'),
  ('144', '61469190', '1', '[81,[3481.59,2536,0.002]]', '[[\"ItemCompass\",\"ItemMap\",\"Makarov\",\"MR43\"],[\"FoodCanBakedBeans\",\"FoodCanBakedBeans\",\"ItemSodaPepsi\",\"ItemSodaPepsi\",\"ItemSodaPepsi\",\"FoodCanBakedBeans\",\"ItemWaterbottleUnfilled\",\"ItemWaterbottleUnfilled\",\"2Rnd_shotgun_74Slug\",\"2Rnd_shotgun_74Slug\",\"2Rnd_shotgun_74Slug\",\"2Rnd_shotgun_74Slug\",\"ItemBandage\",\"ItemBandage\",\"ItemBandage\",\"8Rnd_9x18_Makarov\",\"8Rnd_9x18_Makarov\",\"8Rnd_9x18_Makarov\",\"ItemBandage\"]]', '[\"DZ_Patrol_Pack_EP1\",[[],[]],[[],[]]]', '[false,false,false,true,true,false,true,577.005,[\"aimpoint\",\"pilot\"],[0.979,0],0,[248.952,228.734]]', '1', 'Survivor2_DZ', '[\"Makarov\",\"amovppnemstpsnonwnondnon_healed\",41]', '0', '0', '2', '0', '0', '0', '9', '2013-05-27 20:43:57', '2013-05-27 20:34:10'),
  ('145', '61469190', '1', '[81,[10321.2,1790.88,0.001]]', '[[\"ItemCompass\",\"ItemMap\",\"Colt1911\",\"ItemMatchbox\"],[\"ItemBandage\",\"ItemBandage\",\"ItemBandage\",\"7Rnd_45ACP_1911\",\"7Rnd_45ACP_1911\",\"7Rnd_45ACP_1911\",\"7Rnd_45ACP_1911\",[\"7Rnd_45ACP_1911\",2]]]', '[\"DZ_ALICE_Pack_EP1\",[[],[]],[[],[]]]', '[false,false,false,false,true,false,true,7959.19,[],[0.808,0],0,[287.531,280.701]]', '0', 'Survivor2_DZ', '[\"Colt1911\",\"aidlpercmstpsraswpstdnon_player_idlesteady02\",41]', '0', '0', '10', '5', '0', '0', '19', '2013-05-27 21:03:41', '2013-05-27 20:44:14'),
  ('146', '57845638', '1', '[349,[6585.99,2402.38,0]]', '[[\"ItemCompass\",\"ItemMap\",\"Makarov\",\"ItemFlashlightRed\",\"Binocular\",\"M16A2\"],[\"FoodCanBakedBeans\",\"FoodCanBakedBeans\",\"ItemSodaPepsi\",\"ItemSodaPepsi\",\"ItemSodaPepsi\",\"FoodCanBakedBeans\",[\"30Rnd_556x45_Stanag\",29],\"30Rnd_556x45_Stanag\",\"ItemSodaCoke\",\"ItemSodaPepsi\",\"ItemSodaPepsi\",\"30Rnd_556x45_Stanag\",\"ItemBandage\",\"ItemBandage\",\"ItemBandage\",\"8Rnd_9x18_Makarov\",\"8Rnd_9x18_Makarov\",\"8Rnd_9x18_Makarov\",\"8Rnd_9x18_Makarov\",\"8Rnd_9x18_Makarov\"]]', '[\"DZ_ALICE_Pack_EP1\",[[],[]],[[],[]]]', '[false,false,false,false,false,false,false,12000,[],[0,0],0]', '1', 'Survivor2_DZ', '[\"M16A2\",\"\",41]', '0', '0', '0', '0', '0', '0', '18', '2013-05-27 23:04:47', '2013-05-27 22:46:36'),
  ('147', '57845638', '1', '[74,[6883.34,11432.4,0.001]]', '[[\"ItemCompass\",\"ItemMap\",\"Makarov\",\"ItemWatch\",\"ItemKnife\",\"ItemEtool\",\"ItemToolbox\",\"DMR\"],[\"FoodCanBakedBeans\",\"FoodCanBakedBeans\",\"ItemSodaPepsi\",\"ItemSodaPepsi\",\"FoodCanBakedBeans\",\"ItemSodaPepsi\",\"ItemBandage\",\"ItemBandage\",\"ItemBandage\",\"ItemBandage\"]]', '[\"DZ_British_ACU\",[[\"Sa58V_EP1\"],[1]],[[],[]]]', '[false,false,false,false,false,false,true,10971.3,[],[0,0],0,[893.829,761.78]]', '0', 'Survivor2_DZ', '[\"DMR\",\"aidlpercmstpsraswrfldnon_idlesteady01\",41]', '1', '0', '16', '4', '0', '0', '77', '2013-05-28 00:22:23', '2013-05-27 23:05:21'),
  ('148', '95658886', '1', '[94,[6004.73,2443.26,0.002]]', '[[\"ItemCompass\",\"ItemMap\",\"Makarov\",\"AK_74\",\"ItemFlashlightRed\"],[\"FoodCanBakedBeans\",\"FoodCanBakedBeans\",\"ItemSodaPepsi\",\"ItemSodaPepsi\",\"ItemSodaPepsi\",\"FoodCanBakedBeans\",\"ItemPainkiller\",\"ItemBandage\",[\"8Rnd_9x18_Makarov\",4],\"ItemBandage\"]]', '[\"DZ_Patrol_Pack_EP1\",[[],[]],[[],[]]]', '[false,false,false,false,false,false,true,8984.15,[],[0.291,0],0,[734.181,765.398]]', '1', 'Survivor2_DZ', '[\"Makarov\",\"amovpercmrunsraswpstdfr\",41]', '2', '0', '7', '7', '0', '0', '28', '2013-05-28 00:20:21', '2013-05-27 23:51:43'),
  ('149', '128399494', '1', '[167,[10175.6,1818.93,6.097]]', '[[\"ItemCompass\",\"ItemMap\",\"Makarov\",\"ItemKnife\"],[\"ItemSodaPepsi\",\"ItemSodaPepsi\",\"FoodCanBakedBeans\",\"FoodCanBakedBeans\",\"ItemBandage\",\"ItemBandage\",[\"8Rnd_9x18_Makarov\",3],\"ItemBandage\"]]', '[\"DZ_Patrol_Pack_EP1\",[[],[]],[[\"HandChemGreen\"],[2]]]', '[false,false,false,false,false,false,true,10724.7,[],[0,0],0,[357.236,0.933]]', '1', 'Survivor2_DZ', '[\"Makarov\",\"aidlpercmstpsraswpstdnon_player_idlesteady02\",41]', '0', '0', '6', '4', '0', '0', '40', '2013-05-28 00:39:36', '2013-05-27 23:58:33'),
  ('150', '95658886', '1', '[159,[12920,5611.99,6.497]]', '[[\"ItemCompass\",\"ItemMap\",\"Makarov\"],[\"FoodCanBakedBeans\",\"FoodCanBakedBeans\",\"ItemBandage\",\"ItemBandage\",\"ItemBandage\",\"8Rnd_9x18_Makarov\",\"8Rnd_9x18_Makarov\",\"8Rnd_9x18_Makarov\",\"8Rnd_9x18_Makarov\",\"ItemBandage\",\"ItemSodaPepsi\",\"ItemSodaPepsi\",\"ItemSodaPepsi\",\"FoodCanBakedBeans\"]]', '[\"DZ_Patrol_Pack_EP1\",[[],[]],[[],[]]]', '[false,false,false,true,true,false,true,10744,[\"aimpoint\",\"lelbow\",\"relbow\",\"RightFoot\",\"LeftFoot\",\"pilot\"],[1.831,0],43,[46.707,43.762]]', '1', 'Survivor2_DZ', '[\"Makarov\",\"amovppnemstpsnonwnondnon_amovppnemstpsraswpstdnon\",38]', '0', '0', '1', '1', '0', '0', '2', '2013-05-28 00:23:30', '2013-05-28 00:20:51'),
  ('151', '95658886', '1', '[243,[6570.64,2909.85,0.002]]', '[[\"M4A3_CCO_EP1\",\"Makarov\",\"ItemCompass\",\"ItemMap\",\"ItemWatch\",\"ItemMatchbox\",\"ItemKnife\",\"ItemEtool\",\"ItemRadio\",\"ItemToolbox\",\"ItemGPS\"],[\"ItemSodaPepsi\",\"FoodCanBakedBeans\",[\"30Rnd_556x45_StanagSD\",12],[\"30Rnd_556x45_StanagSD\",7],\"ItemSodaCoke\",[\"30Rnd_556x45_Stanag\",21],\"ItemMorphine\",\"ItemBloodbag\",[\"8Rnd_9x18_Makarov\",7],\"8Rnd_9x18_Makarov\",\"8Rnd_9x18_Makarov\",\"ItemBandage\",\"ItemBandage\"]]', '[\"DZ_CivilBackpack_EP1\",[[],[]],[[\"ItemAntibiotic\",\"FoodCanBakedBeans\",\"ItemSodaCoke\",\"ItemSodaPepsi\",\"ItemBloodbag\",\"ItemMorphine\",\"ItemPainkiller\",\"ItemEpinephrine\",\"20Rnd_762x51_DMR\"],[1,1,2,1,1,1,1,1,3]]]', '[false,false,false,false,false,false,true,12000,[],[0,0],0,[97.089,49.039]]', '1', 'Survivor2_DZ', '[\"M4A3_CCO_EP1\",\"aidlpercmstpsraswrfldnon_idlesteady02\",42]', '1', '3', '40', '28', '0', '0', '83', '2013-05-28 01:53:58', '2013-05-28 00:23:48'),
  ('152', '88749766', '1', '[299,[6541.07,2886.43,0]]', '[[\"ItemCompass\",\"ItemMap\",\"Makarov\",\"ItemToolbox\",\"AK_74\"],[\"FoodCanBakedBeans\",\"ItemSodaPepsi\",\"FoodCanBakedBeans\",\"ItemMorphine\",\"ItemJerrycan\",[\"ItemJerrycan\",0],[\"ItemJerrycan\",0],\"ItemPainkiller\",\"ItemAntibiotic\",\"ItemBandage\",\"ItemBandage\",\"8Rnd_9x18_Makarov\",\"8Rnd_9x18_Makarov\",\"8Rnd_9x18_Makarov\",\"ItemBandage\"]]', '[\"DZ_Patrol_Pack_EP1\",[[],[]],[[],[]]]', '[false,false,false,true,true,false,true,11242.1,[\"Pelvis\",\"aimpoint\"],[0.005,0],0,[90.659,123.512]]', '1', 'Survivor2_DZ', '[\"\",\"\",42]', '0', '0', '1', '1', '0', '0', '26', '2013-05-28 01:52:29', '2013-05-28 01:21:04'),
  ('153', '88749766', '1', '[228,[10129.8,3062.11,8.602e-04]]', '[[\"ItemCompass\",\"ItemMap\",\"Makarov\"],[\"FoodCanBakedBeans\",\"FoodCanBakedBeans\",\"ItemSodaPepsi\",\"ItemSodaPepsi\",\"ItemSodaPepsi\",\"FoodCanBakedBeans\",\"ItemBandage\",\"ItemBandage\",\"ItemBandage\",\"8Rnd_9x18_Makarov\",\"8Rnd_9x18_Makarov\",\"8Rnd_9x18_Makarov\",\"8Rnd_9x18_Makarov\",\"ItemBandage\"]]', '[\"DZ_Patrol_Pack_EP1\",[[],[]],[[],[]]]', '[false,false,false,true,true,false,true,2551.83,[\"Pelvis\",\"aimpoint\",\"lelbow\",\"relbow\",\"neck\"],[0.151,0],0,[69.961,61.971]]', '1', 'Survivor2_DZ', '[\"Makarov\",\"amovpercmstpsraswpstdnon_turnl\",39]', '0', '0', '0', '0', '0', '0', '5', '2013-05-28 01:58:14', '2013-05-28 01:52:59'),
  ('154', '95658886', '1', '[196,[4716.13,2598.8,9.014]]', '[[\"ItemCompass\",\"ItemMap\",\"Makarov\",\"ItemToolbox\",\"ItemKnife\",\"ItemGPS\",\"ItemEtool\",\"ItemRadio\",\"ItemWatch\",\"ItemMatchbox\",\"huntingrifle\"],[\"ItemSodaPepsi\",\"ItemSodaPepsi\",\"FoodCanBakedBeans\",\"FoodCanBakedBeans\",[\"5x_22_LR_17_HMR\",4],\"ItemPainkiller\",[\"8Rnd_9x18_Makarov\",4],\"ItemBandage\"]]', '[\"DZ_CivilBackpack_EP1\",[[\"M4A3_CCO_EP1\"],[1]],[[\"ItemSodaCoke\",\"ItemSodaPepsi\",\"ItemBloodbag\",\"ItemEpinephrine\",\"20Rnd_762x51_DMR\",\"FoodCanBakedBeans\",\"ItemMorphine\"],[1,1,1,1,3,1,1]]]', '[false,true,false,true,true,false,true,-128.425,[\"Pelvis\",\"aimpoint\",\"lelbow\",\"RightFoot\",\"LeftFoot\",\"neck\",\"pilot\"],[0.511,0],11,[189.671,126.233]]', '1', 'Sniper1_DZ', '[\"huntingrifle\",\"\",100]', '9', '4', '5', '2', '0', '0', '17', '2013-05-28 02:55:38', '2013-05-28 01:54:23'),
  ('156', '127860038', '1', '[168,[4997.11,2240.87,0]]', '[[\"ItemCompass\",\"ItemMap\",\"Makarov\"],[\"FoodCanBakedBeans\",\"FoodCanBakedBeans\",\"ItemSodaPepsi\",\"ItemSodaPepsi\",\"ItemSodaPepsi\",\"FoodCanBakedBeans\",\"10x_303\",\"10x_303\",\"FoodNutmix\",\"FoodNutmix\",\"FoodNutmix\",\"ItemBandage\",\"ItemBandage\",[\"8Rnd_9x18_Makarov\",2],\"ItemBandage\"]]', '[\"DZ_Patrol_Pack_EP1\",[[],[]],[[],[]]]', '[false,false,false,false,true,false,true,9441.08,[],[0.519,0],0,[71.743,67.018]]', '1', 'Survivor2_DZ', '[\"\",\"\",41]', '0', '0', '3', '1', '0', '0', '7', '2013-05-28 02:47:22', '2013-05-28 02:39:44'),
  ('157', '127860038', '1', '[60,[6828.94,11396.8,0.001]]', '[[\"glock17_EP1\",\"ItemCompass\",\"ItemMap\",\"ItemKnife\",\"ItemToolbox\",\"ItemMatchbox\",\"ItemHatchet\",\"ItemGPS\",\"M4A3_CCO_EP1\"],[\"FoodCanBakedBeans\",\"ItemSodaPepsi\",\"ItemSodaPepsi\",\"ItemEpinephrine\",\"ItemSodaCoke\",\"ItemPainkiller\",[\"30Rnd_556x45_Stanag\",13],\"30Rnd_556x45_Stanag\",\"ItemBandage\",[\"17Rnd_9x19_glock17\",4],[\"17Rnd_9x19_glock17\",10],[\"17Rnd_9x19_glock17\",7],[\"17Rnd_9x19_glock17\",12],\"17Rnd_9x19_glock17\",\"ItemBandage\",\"ItemBandage\"]]', '[\"DZ_Backpack_EP1\",[[],[]],[[\"ItemBandage\",\"ItemBloodbag\",\"ItemEpinephrine\",\"ItemMorphine\",\"ItemPainkiller\",\"ItemSodaCoke\",\"20Rnd_762x51_DMR\"],[3,8,1,4,4,1,2]]]', '[false,false,false,false,false,false,true,11485.6,[],[0,0],0,[1233.05,560.332]]', '0', 'Sniper1_DZ', '[\"M4A3_CCO_EP1\",\"aidlpercmstpsraswrfldnon_idlesteady02\",42]', '0', '4', '16', '3', '0', '0', '101', '2013-05-28 22:42:45', '2013-05-28 02:48:17'),
  ('158', '95658886', '1', '[190,[10464.7,2353.46,3.565]]', '[[\"ItemCompass\",\"ItemMap\",\"Makarov\"],[\"FoodCanBakedBeans\",\"FoodCanBakedBeans\",\"ItemBandage\",\"ItemBandage\",\"ItemBandage\",\"8Rnd_9x18_Makarov\",\"8Rnd_9x18_Makarov\",\"8Rnd_9x18_Makarov\",\"8Rnd_9x18_Makarov\",\"ItemBandage\",\"ItemSodaPepsi\",\"ItemSodaPepsi\",\"ItemSodaPepsi\",\"FoodCanBakedBeans\"]]', '[\"DZ_Patrol_Pack_EP1\",[[],[]],[[],[]]]', '[false,true,false,true,true,false,true,4650.03,[\"aimpoint\",\"neck\"],[1.567,0],40,[198.286,202.054]]', '1', 'Survivor2_DZ', '[\"Makarov\",\"aidlpercmstpsraswpstdnon_player_0s\",41]', '0', '0', '0', '0', '0', '0', '7', '2013-05-28 03:04:11', '2013-05-28 02:56:08'),
  ('159', '95658886', '1', '[268,[4844.84,2569.31,0.001]]', '[[\"ItemCompass\",\"ItemMap\",\"Makarov\",\"huntingrifle\",\"ItemMatchbox\",\"ItemEtool\",\"ItemGPS\",\"ItemKnife\",\"ItemRadio\",\"ItemToolbox\",\"ItemWatch\"],[\"ItemSodaPepsi\",\"ItemSodaPepsi\",\"ItemSodaPepsi\",[\"5x_22_LR_17_HMR\",4],\"FoodCanBakedBeans\",\"ItemBandage\",\"ItemBandage\",[\"8Rnd_9x18_Makarov\",1],\"8Rnd_9x18_Makarov\",\"8Rnd_9x18_Makarov\",\"ItemBandage\"]]', '[\"DZ_CivilBackpack_EP1\",[[\"M4A3_CCO_EP1\"],[1]],[[\"ItemSodaCoke\",\"ItemSodaPepsi\",\"ItemBloodbag\",\"ItemEpinephrine\",\"20Rnd_762x51_DMR\",\"FoodCanBakedBeans\",\"ItemMorphine\"],[1,1,1,1,3,4,1]]]', '[false,false,false,true,true,false,true,4851.11,[\"Pelvis\",\"aimpoint\",\"relbow\"],[0.573,0],0,[264.804,265.393]]', '1', 'Survivor2_DZ', '[\"Makarov\",\"amovpercmstpsraswrfldnon_amovpercmstpsraswpstdnon_end\",41]', '2', '0', '4', '3', '0', '0', '11', '2013-05-28 03:16:09', '2013-05-28 03:04:36'),
  ('160', '128303494', '1', '[193,[3577.24,2172.59,8.245]]', '[[\"ItemCompass\",\"ItemMap\",\"Makarov\",\"MeleeHatchet\"],[\"FoodCanBakedBeans\",\"FoodCanBakedBeans\",\"ItemSodaPepsi\",\"ItemSodaPepsi\",\"ItemSodaPepsi\",\"FoodCanBakedBeans\",\"ItemSodaPepsi\",\"ItemBandage\",\"ItemBandage\",\"ItemBandage\",\"8Rnd_9x18_Makarov\",\"8Rnd_9x18_Makarov\",\"8Rnd_9x18_Makarov\",\"8Rnd_9x18_Makarov\",\"ItemBandage\"]]', '[\"DZ_Patrol_Pack_EP1\",[[],[]],[[],[]]]', '[false,false,false,false,false,false,false,12000,[],[0,0],0]', '1', 'Survivor2_DZ', '[\"Makarov\",\"aidlpknlmstpsraswpstdnon_player_idlesteady03\",40]', '0', '0', '0', '0', '0', '0', '3', '2013-05-28 21:41:15', '2013-05-28 21:38:01'),
  ('161', '128304838', '1', '[327,[6352.77,2526.99,0]]', '[[\"ItemCompass\",\"ItemMap\",\"Makarov\"],[\"FoodCanBakedBeans\",\"FoodCanBakedBeans\",\"ItemSodaPepsi\",\"ItemSodaPepsi\",\"ItemSodaPepsi\",\"FoodCanBakedBeans\",\"FoodCanSardines\",\"FoodCanSardines\",\"ItemBandage\",\"ItemBandage\",\"8Rnd_9x18_Makarov\",\"8Rnd_9x18_Makarov\",\"8Rnd_9x18_Makarov\",\"ItemBandage\"]]', '[\"DZ_Patrol_Pack_EP1\",[[],[]],[[],[]]]', '[false,false,false,false,false,false,true,10893.7,[],[0.103,0],0,[543.611,451.461]]', '0', 'Survivor2_DZ', '[\"\",\"\",41]', '0', '0', '1', '1', '0', '0', '36', '2013-05-28 22:15:14', '2013-05-28 21:38:53'),
  ('162', '128303494', '1', '[329,[6352.75,2526.99,0]]', '[[\"ItemCompass\",\"ItemMap\",\"Makarov\",\"ItemMatchbox\",\"ItemHatchet\",\"M16A2\"],[\"FoodCanBakedBeans\",\"ItemSodaPepsi\",\"ItemSodaPepsi\",\"FoodCanBakedBeans\",\"ItemBloodbag\",\"ItemMorphine\",\"30Rnd_556x45_Stanag\",\"30Rnd_556x45_Stanag\",\"ItemBandage\",\"ItemBandage\",\"ItemBandage\",\"8Rnd_9x18_Makarov\",\"8Rnd_9x18_Makarov\",\"8Rnd_9x18_Makarov\",\"8Rnd_9x18_Makarov\",\"ItemBandage\"]]', '[\"DZ_TK_Assault_Pack_EP1\",[[],[]],[[\"ItemAntibiotic\",\"ItemPainkiller\",\"ItemBloodbag\",\"ItemMorphine\"],[2,1,3,2]]]', '[false,false,false,false,false,false,true,11798.6,[],[0.178,0],0,[366.841,363.008]]', '0', 'Survivor2_DZ', '[\"\",\"\",41]', '0', '0', '0', '0', '0', '0', '33', '2013-05-28 22:15:10', '2013-05-28 21:41:36'),
  ('163', '95149830', '1', '[63,[6850.27,11454.1,0.001]]', '[[\"ItemCompass\",\"ItemMap\",\"Makarov\"],[\"FoodCanBakedBeans\",\"FoodCanBakedBeans\",\"ItemSodaPepsi\",\"ItemSodaPepsi\",\"ItemSodaPepsi\",\"FoodCanBakedBeans\",\"ItemBandage\",\"ItemBandage\",\"ItemBandage\",\"ItemBandage\"]]', '[\"DZ_Patrol_Pack_EP1\",[[],[]],[[],[]]]', '[false,false,false,false,false,false,false,12000,[],[0,0],0]', '1', 'Survivor2_DZ', '[\"Makarov\",\"amovpercmstpsraswpstdnon_gear\",41]', '0', '0', '0', '0', '0', '0', '18', '2013-05-28 22:41:44', '2013-05-28 22:23:41'),
  ('164', '88749766', '1', '[264,[1470.72,2858.59,0.001]]', '[[\"Makarov\",\"ItemCompass\",\"ItemMap\"],[\"FoodCanBakedBeans\",\"FoodCanBakedBeans\",\"ItemSodaPepsi\",\"ItemSodaPepsi\",\"ItemSodaPepsi\",\"FoodCanBakedBeans\",\"ItemBandage\",\"ItemBandage\",\"ItemBandage\",\"8Rnd_9x18_Makarov\",\"8Rnd_9x18_Makarov\",\"8Rnd_9x18_Makarov\",\"8Rnd_9x18_Makarov\",\"ItemBandage\"]]', '[\"DZ_Patrol_Pack_EP1\",[[],[]],[[],[]]]', '[false,false,false,false,false,false,false,12000,[],[0,0],0,[301.11,241.746]]', '0', 'Survivor2_DZ', '[\"Makarov\",\"aidlpercmstpsraswpstdnon_player_idlesteady03\",42]', '0', '0', '0', '0', '0', '0', '29', '2013-06-02 23:30:00', '2013-05-29 00:24:16'),
  ('165', '92053318', '1', '[318,[4814.25,2559.21,0.142]]', '[[\"ItemCompass\",\"ItemMap\",\"Makarov\",\"ItemFlashlightRed\"],[\"FoodCanBakedBeans\",\"FoodCanBakedBeans\",\"ItemSodaPepsi\",\"ItemSodaPepsi\",\"ItemSodaPepsi\",\"FoodCanBakedBeans\",\"ItemSodaCoke\",\"ItemWaterbottleUnfilled\",\"30Rnd_556x45_Stanag\",\"30Rnd_556x45_Stanag\",\"ItemBandage\",\"ItemBandage\",\"ItemBandage\",\"8Rnd_9x18_Makarov\",\"8Rnd_9x18_Makarov\",\"8Rnd_9x18_Makarov\",\"8Rnd_9x18_Makarov\",\"ItemBandage\"]]', '[\"DZ_Patrol_Pack_EP1\",[[],[]],[[],[]]]', '[false,true,false,true,true,false,true,3003.88,[\"aimpoint\",\"neck\",\"pilot\"],[0.937,0],48,[155.013,153.239]]', '1', 'Survivor2_DZ', '[\"Makarov\",\"\",41]', '0', '0', '3', '3', '0', '0', '7', '2013-05-29 01:23:31', '2013-05-29 01:15:54'),
  ('166', '92053318', '1', '[316,[10157.7,2651.75,0.001]]', '[[\"Binocular\",\"ItemCompass\",\"ItemMap\",\"ItemEtool\",\"ItemWatch\",\"ItemRadio\",\"AK_74\",\"Colt1911\"],[\"ItemWaterbottleUnfilled\",\"ItemSodaPepsi\",\"ItemSodaCoke\",\"FoodCanFrankBeans\",\"ItemSodaPepsi\",\"FoodCanBakedBeans\",\"30Rnd_545x39_AK\",\"ItemSodaCoke\",\"ItemSodaCoke\",\"HandRoadFlare\",\"30Rnd_545x39_AK\",\"30Rnd_545x39_AK\",\"ItemBandage\",\"ItemBandage\",\"ItemBandage\",\"ItemBandage\",\"7Rnd_45ACP_1911\",\"7Rnd_45ACP_1911\",[\"7Rnd_45ACP_1911\",5]]]', '[\"DZ_British_ACU\",[[\"SVD_CAMO\"],[1]],[[\"ItemWaterbottleUnfilled\",\"FoodNutmix\",\"ItemPainkiller\",\"ItemSodaCoke\",\"ItemSodaPepsi\",\"10Rnd_762x54_SVD\"],[1,1,2,1,1,2]]]', '[false,false,false,false,false,false,true,10483.9,[],[0.862,0],0,[173.439,141.4]]', '1', 'Survivor2_DZ', '[\"AK_74\",\"amovpercmevasraswrfldf\",42]', '1', '3', '1', '1', '0', '0', '64', '2013-05-29 13:51:36', '2013-05-29 01:23:46'),
  ('167', '92053318', '1', '[259,[8579.11,2800.7,0.002]]', '[[\"ItemCompass\",\"ItemMap\",\"Makarov\"],[\"FoodCanBakedBeans\",\"FoodCanBakedBeans\",\"ItemBandage\",\"ItemBandage\",\"ItemBandage\",\"8Rnd_9x18_Makarov\",\"8Rnd_9x18_Makarov\",\"8Rnd_9x18_Makarov\",\"8Rnd_9x18_Makarov\",\"ItemBandage\",\"ItemSodaPepsi\",\"ItemSodaPepsi\",\"ItemSodaPepsi\",\"FoodCanBakedBeans\"]]', '[\"DZ_Patrol_Pack_EP1\",[[],[]],[[],[]]]', '[false,false,false,true,false,false,true,11127.4,[\"aimpoint\",\"lelbow\"],[0.067,0],0,[131.599,129.272]]', '1', 'Survivor2_DZ', '[\"Makarov\",\"aidlpknlmstpsraswpstdnon_player_idlesteady02\",41]', '0', '0', '0', '0', '0', '0', '5', '2013-05-29 13:57:39', '2013-05-29 13:51:59'),
  ('168', '92053318', '1', '[345,[4746.13,2958.69,0.002]]', '[[\"ItemCompass\",\"ItemMap\",\"M9\",\"ItemMatchbox\",\"ItemKnife\",\"ItemWatch\",\"LeeEnfield\",\"ItemEtool\"],[\"ItemWaterbottle\",\"ItemSodaCoke\",\"FoodCanFrankBeans\",\"ItemSodaCoke\",[\"10x_303\",7],\"10x_303\",\"FoodCanBakedBeans\",\"ItemMorphine\",\"ItemBandage\",[\"15Rnd_9x19_M9\",5],\"15Rnd_9x19_M9\",\"ItemBandage\",\"15Rnd_9x19_M9\",\"15Rnd_9x19_M9\"]]', '[\"DZ_ALICE_Pack_EP1\",[[],[]],[[\"ItemBandage\",\"15Rnd_9x19_M9\",\"SmokeShellRed\"],[1,1,1]]]', '[false,true,false,false,true,false,true,2655.69,[],[0.55,0],26821,[1145.86,1122.25]]', '1', 'Survivor2_DZ', '[\"M9\",\"\",41]', '1', '0', '2', '2', '0', '0', '75', '2013-05-29 15:13:12', '2013-05-29 13:58:02'),
  ('169', '92053318', '1', '[12,[4733.24,3016.41,0.002]]', '[[\"ItemCompass\",\"ItemMap\",\"LeeEnfield\",\"M9\",\"ItemKnife\",\"ItemEtool\",\"ItemMatchbox\",\"ItemWatch\"],[\"FoodCanBakedBeans\",\"FoodCanBakedBeans\",\"ItemSodaPepsi\",\"ItemSodaPepsi\",\"ItemSodaPepsi\",\"FoodCanBakedBeans\",[\"10x_303\",7],\"10x_303\",\"FoodCanBakedBeans\",\"FoodCanFrankBeans\",\"ItemWaterbottle\",\"ItemSodaCoke\",\"ItemBandage\",\"ItemBandage\",\"ItemBandage\",\"ItemBandage\",[\"15Rnd_9x19_M9\",5],\"15Rnd_9x19_M9\",\"15Rnd_9x19_M9\",\"15Rnd_9x19_M9\"]]', '[\"DZ_ALICE_Pack_EP1\",[[],[]],[[\"ItemBandage\",\"15Rnd_9x19_M9\",\"SmokeShellRed\",\"ItemMorphine\",\"ItemSodaCoke\"],[3,1,1,1,1]]]', '[false,false,false,false,false,false,false,12000,[],[0,0],0,[117.07,114.664]]', '0', 'Survivor2_DZ', '[\"LeeEnfield\",\"amovppnemstpsraswrfldnon\",41]', '0', '0', '0', '0', '0', '0', '4', '2013-05-29 15:18:32', '2013-05-29 15:13:55'),
  ('170', '44794822', '1', '[179,[5030.29,3176.71,0.001]]', '[[\"ItemCompass\",\"ItemMap\",\"Makarov\"],[\"FoodCanBakedBeans\",\"FoodCanBakedBeans\",\"ItemBandage\",\"ItemBandage\",\"ItemBandage\",\"8Rnd_9x18_Makarov\",\"8Rnd_9x18_Makarov\",\"8Rnd_9x18_Makarov\",\"8Rnd_9x18_Makarov\",\"ItemBandage\",\"ItemSodaPepsi\",\"ItemSodaPepsi\",\"ItemSodaPepsi\",\"FoodCanBakedBeans\"]]', '[\"DZ_Patrol_Pack_EP1\",[[],[]],[[],[]]]', '[false,false,false,false,false,false,false,12000,[],[0,0],0,[8.78,3.359]]', '0', 'Survivor2_DZ', '[\"Makarov\",\"aidlpknlmstpsraswpstdnon_player_idlesteady02\",36]', '0', '0', '0', '0', '0', '0', '1', '2013-05-29 21:17:14', '2013-05-29 21:16:04'),
  ('171', '91400582', '1', '[219,[2106.86,2922.1,0.001]]', '[[\"ItemCompass\",\"ItemMap\",\"Makarov\"],[\"FoodCanBakedBeans\",\"FoodCanBakedBeans\",\"ItemBandage\",\"ItemBandage\",\"ItemBandage\",\"8Rnd_9x18_Makarov\",\"8Rnd_9x18_Makarov\",\"8Rnd_9x18_Makarov\",\"8Rnd_9x18_Makarov\",\"ItemBandage\",\"ItemSodaPepsi\",\"ItemSodaPepsi\",\"ItemSodaPepsi\",\"FoodCanBakedBeans\"]]', '[\"DZ_Patrol_Pack_EP1\",[[],[]],[[],[]]]', '[false,true,false,true,true,false,true,151.37,[\"aimpoint\",\"pilot\"],[1.156,0],31006,[118.9,71.217]]', '1', 'Survivor2_DZ', '[\"Makarov\",\"aidlpercmstpsraswpstdnon_player_idlesteady02\",39]', '0', '0', '1', '1', '0', '0', '4', '2013-05-30 10:53:41', '2013-05-30 10:48:34'),
  ('172', '101852166', '1', '[28,[2944.77,1992.69,1.204]]', '[[\"ItemCompass\",\"ItemMap\",\"Makarov\"],[\"FoodCanBakedBeans\",\"FoodCanBakedBeans\",\"ItemSodaPepsi\",\"ItemSodaPepsi\",\"ItemSodaPepsi\",\"FoodCanBakedBeans\",\"ItemBandage\",\"ItemBandage\",\"ItemBandage\",[\"8Rnd_9x18_Makarov\",7],[\"8Rnd_9x18_Makarov\",7],[\"8Rnd_9x18_Makarov\",6],[\"8Rnd_9x18_Makarov\",7],\"ItemBandage\"]]', '[\"DZ_Patrol_Pack_EP1\",[[],[]],[[],[]]]', '[false,false,false,true,true,false,true,7161.91,[\"Pelvis\",\"aimpoint\",\"lelbow\",\"LeftFoot\",\"neck\"],[1.676,0],0,[106.699,99.615]]', '1', 'Survivor2_DZ', '[\"\",\"amovppnemstpsnonwnondnon_amovpknlmstpsnonwnondnon\",41]', '0', '0', '1', '1', '0', '0', '6', '2013-05-30 10:59:04', '2013-05-30 10:52:30'),
  ('173', '91400582', '1', '[148,[8841.11,2283.07,0.001]]', '[[\"ItemCompass\",\"ItemMap\",\"Colt1911\",\"M4A1_Aim\",\"NVGoggles\",\"ItemRadio\"],[\"FoodCanBakedBeans\",\"FoodCanBakedBeans\",\"ItemSodaPepsi\",\"ItemSodaPepsi\",\"ItemSodaPepsi\",\"FoodCanBakedBeans\",\"ItemBloodbag\",\"ItemBloodbag\",\"ItemBloodbag\",[\"30Rnd_556x45_Stanag\",16],\"ItemBandage\",\"ItemBandage\",[\"7Rnd_45ACP_1911\",3],\"7Rnd_45ACP_1911\",[\"7Rnd_45ACP_1911\",5]]]', '[\"DZ_Patrol_Pack_EP1\",[[],[]],[[],[]]]', '[false,true,false,true,true,false,true,429.566,[\"Pelvis\",\"aimpoint\",\"lelbow\",\"pilot\"],[0.672,0],253,[699.724,630.351]]', '1', 'Survivor2_DZ', '[\"M4A1_Aim\",\"\",41]', '0', '3', '4', '3', '0', '0', '31', '2013-05-30 11:24:59', '2013-05-30 10:53:55'),
  ('174', '101852166', '1', '[155,[8841.73,2283.65,0.001]]', '[[\"ItemCompass\",\"ItemMap\",\"Makarov\",\"M4A3_CCO_EP1\"],[\"FoodCanBakedBeans\",\"FoodCanBakedBeans\",\"ItemSodaPepsi\",\"ItemSodaPepsi\",\"ItemSodaPepsi\",\"FoodCanBakedBeans\",\"ItemMorphine\",\"ItemMorphine\",\"FoodMRE\",\"ItemSodaCoke\",[\"30Rnd_556x45_Stanag\",18],\"ItemBloodbag\",\"ItemBandage\",\"ItemBandage\",[\"8Rnd_9x18_Makarov\",3],[\"8Rnd_9x18_Makarov\",3],\"ItemBandage\",\"ItemBandage\"]]', '[\"DZ_British_ACU\",[[],[]],[[\"ItemSodaCoke\"],[2]]]', '[false,true,false,true,true,false,true,994.793,[\"Pelvis\",\"aimpoint\",\"lelbow\",\"relbow\",\"neck\"],[0.83,0],273,[759.316,573.001]]', '1', 'Survivor2_DZ', '[\"M4A3_CCO_EP1\",\"\",41]', '0', '1', '12', '12', '0', '0', '25', '2013-05-30 11:25:03', '2013-05-30 10:59:21'),
  ('175', '124081286', '1', '[111,[10427.9,2565.8,10.321]]', '[[\"Makarov\",\"ItemCompass\",\"ItemMap\",\"LeeEnfield\",\"ItemToolbox\"],[\"FoodCanBakedBeans\",\"FoodCanBakedBeans\",\"ItemSodaPepsi\",\"ItemSodaPepsi\",\"ItemSodaPepsi\",\"FoodCanBakedBeans\",\"FoodCanSardines\",\"FoodCanSardines\",\"10x_303\",\"20Rnd_762x51_DMR\",\"ItemBandage\",\"ItemBandage\",\"ItemBandage\",[\"8Rnd_9x18_Makarov\",5],\"8Rnd_9x18_Makarov\",\"8Rnd_9x18_Makarov\",\"8Rnd_9x18_Makarov\",\"ItemBandage\"]]', '[\"DZ_Patrol_Pack_EP1\",[[],[]],[[\"30Rnd_762x39_AK47\"],[2]]]', '[false,false,false,false,false,false,false,12000,[],[0.375,0],0,[346.951,325.475]]', '1', 'Survivor2_DZ', '[\"M16A2\",\"amovpercmwlksraswrfldf\",41]', '0', '0', '0', '0', '0', '0', '19', '2013-05-30 16:00:25', '2013-05-30 12:30:51'),
  ('176', '124081286', '1', '[164,[8035.47,3322,0.001]]', '[[\"ItemCompass\",\"ItemMap\",\"Makarov\",\"ItemRadio\",\"Winchester1866\"],[\"FoodCanBakedBeans\",\"FoodCanBakedBeans\",\"ItemSodaPepsi\",\"ItemSodaPepsi\",\"ItemSodaPepsi\",\"FoodCanBakedBeans\",\"HandRoadFlare\",\"ItemSodaCoke\",\"FoodCanBakedBeans\",[\"15Rnd_W1866_Slug\",4],\"ItemBandage\"]]', '[\"DZ_Patrol_Pack_EP1\",[[],[]],[[],[]]]', '[false,true,false,true,true,false,true,970.86,[\"Pelvis\",\"aimpoint\",\"LeftFoot\",\"neck\",\"pilot\"],[2.283,0],44,[391.483,349.912]]', '1', 'Survivor2_DZ', '[\"Winchester1866\",\"\",42]', '2', '3', '11', '5', '0', '0', '20', '2013-05-30 17:14:34', '2013-05-30 16:00:42'),
  ('177', '124081286', '1', '[122,[10298.4,2791.6,0.001]]', '[[\"ItemCompass\",\"ItemMap\",\"Makarov\"],[\"FoodCanBakedBeans\",\"FoodCanBakedBeans\",\"ItemSodaPepsi\",\"ItemSodaPepsi\",\"ItemSodaPepsi\",\"FoodCanBakedBeans\",\"ItemBandage\",\"ItemBandage\",\"8Rnd_9x18_Makarov\",\"8Rnd_9x18_Makarov\",\"8Rnd_9x18_Makarov\",\"8Rnd_9x18_Makarov\",\"ItemBandage\"]]', '[\"DZ_Patrol_Pack_EP1\",[[],[]],[[],[]]]', '[false,false,true,false,true,false,true,5067.41,[],[0.795,0],0,[132.596,125.578]]', '1', 'Survivor2_DZ', '[\"Makarov\",\"aidlpknlmstpsraswpstdnon_player_idlesteady01\",38]', '0', '0', '0', '0', '0', '0', '5', '2013-05-30 17:20:27', '2013-05-30 17:15:12'),
  ('178', '124081286', '1', '[256,[8693.51,2415.29,0.001]]', '[[\"ItemCompass\",\"ItemMap\",\"Makarov\"],[\"FoodCanBakedBeans\",\"FoodCanBakedBeans\",\"ItemSodaPepsi\",\"ItemSodaPepsi\",\"ItemSodaPepsi\",\"FoodCanBakedBeans\",\"ItemBandage\",\"ItemBandage\",\"ItemBandage\",\"8Rnd_9x18_Makarov\",\"8Rnd_9x18_Makarov\",\"8Rnd_9x18_Makarov\",\"8Rnd_9x18_Makarov\",\"ItemBandage\"]]', '[\"DZ_Patrol_Pack_EP1\",[[],[]],[[],[]]]', '[false,false,false,true,true,false,true,108.305,[\"aimpoint\",\"neck\",\"pilot\"],[1.05,0],14,[20.886,17.496]]', '1', 'Survivor2_DZ', '[\"Makarov\",\"amovppnemstpsraswpstdnon\",37]', '0', '0', '1', '0', '0', '0', '1', '2013-05-30 17:22:17', '2013-05-30 17:20:49'),
  ('179', '124081286', '1', '[90,[9777.32,2506.29,0.002]]', '[[\"ItemCompass\",\"ItemMap\",\"Makarov\"],[\"FoodCanBakedBeans\",\"FoodCanBakedBeans\",\"ItemSodaPepsi\",\"ItemSodaPepsi\",\"ItemSodaPepsi\",\"FoodCanBakedBeans\",\"ItemBandage\",\"ItemBandage\",\"ItemBandage\",\"8Rnd_9x18_Makarov\",\"8Rnd_9x18_Makarov\",\"8Rnd_9x18_Makarov\",\"8Rnd_9x18_Makarov\",\"ItemBandage\"]]', '[\"DZ_Patrol_Pack_EP1\",[[],[]],[[],[]]]', '[false,false,false,false,false,false,false,12000,[],[0,0],0,[46.46,42.676]]', '0', 'Survivor2_DZ', '[\"Makarov\",\"amovppnemstpsraswpstdnon\",36]', '0', '0', '0', '0', '0', '0', '2', '2013-05-30 17:25:40', '2013-05-30 17:22:40'),
  ('180', '67378182', '1', '[347,[3175.23,3335.15,0.001]]', '[[\"ItemCompass\",\"ItemMap\",\"Makarov\"],[\"FoodCanBakedBeans\",\"FoodCanBakedBeans\",\"ItemSodaPepsi\",\"ItemSodaPepsi\",\"ItemSodaPepsi\",\"FoodCanBakedBeans\",\"ItemBandage\",\"ItemBandage\",\"ItemBandage\",\"8Rnd_9x18_Makarov\",\"8Rnd_9x18_Makarov\",\"8Rnd_9x18_Makarov\",\"8Rnd_9x18_Makarov\",\"ItemBandage\"]]', '[\"DZ_Patrol_Pack_EP1\",[[],[]],[[],[]]]', '[false,false,false,false,false,false,false,12000,[],[0,0],0,[4.24,3.192]]', '0', 'Survivor2_DZ', '[\"\",\"aidlpknlmstpsraswpstdnon_player_idlesteady01\",36]', '0', '0', '0', '0', '0', '0', '1', '2013-05-30 17:50:02', '2013-05-30 17:48:41'),
  ('181', '109130374', '1', '[28,[2935.93,2582.17,0.002]]', '[[\"ItemCompass\",\"ItemMap\",\"Makarov\"],[\"FoodCanBakedBeans\",\"FoodCanBakedBeans\",\"ItemSodaPepsi\",\"ItemSodaPepsi\",\"ItemSodaPepsi\",\"FoodCanBakedBeans\",\"ItemBandage\",\"ItemBandage\",\"ItemBandage\",\"8Rnd_9x18_Makarov\",\"8Rnd_9x18_Makarov\",\"8Rnd_9x18_Makarov\",\"8Rnd_9x18_Makarov\",\"ItemBandage\"]]', '[\"DZ_Patrol_Pack_EP1\",[[],[]],[[],[]]]', '[false,false,false,false,false,false,false,12000,[],[0,0],0]', '0', 'Survivor2_DZ', '[\"\",\"aidlpercmstpsraswpstdnon_player_idlesteady01\",36]', '0', '0', '0', '0', '0', '0', '10', '2013-05-30 18:25:44', '2013-05-30 18:15:11'),
  ('182', '97020102', '1', '[11,[4719.26,2593.9,12.846]]', '[[\"Makarov\",\"ItemCompass\",\"ItemMap\"],[\"FoodCanBakedBeans\",\"FoodCanBakedBeans\",\"ItemSodaPepsi\",\"ItemSodaPepsi\",\"ItemSodaPepsi\",\"FoodCanBakedBeans\",\"ItemBandage\",\"ItemBandage\",\"ItemBandage\",\"8Rnd_9x18_Makarov\",\"8Rnd_9x18_Makarov\",\"8Rnd_9x18_Makarov\",\"8Rnd_9x18_Makarov\",\"ItemBandage\"]]', '[\"DZ_Patrol_Pack_EP1\",[[],[]],[[],[]]]', '[false,false,false,false,false,false,false,12000,[],[0,0],0,[227.805,183.63]]', '0', 'Survivor2_DZ', '[\"Makarov\",\"aidlpknlmstpsraswpstdnon_player_idlesteady02\",41]', '0', '0', '0', '0', '0', '0', '13', '2013-05-30 19:04:09', '2013-05-30 18:50:20'),
  ('183', '32166278', '1', '[232,[4878.37,10135.9,0.082]]', '[[\"ItemCompass\",\"ItemMap\",\"ItemWatch\",\"ItemMatchbox\",\"ItemKnife\",\"ItemHatchet\",\"Colt1911\",\"ItemRadio\",\"Binocular\",\"M4A3_CCO_EP1\"],[\"ItemSodaPepsi\",\"FoodbeefCooked\",[\"30Rnd_556x45_Stanag\",28],\"30Rnd_556x45_Stanag\",\"30Rnd_556x45_Stanag\",[\"7Rnd_45ACP_1911\",2],\"7Rnd_45ACP_1911\",\"7Rnd_45ACP_1911\",\"7Rnd_45ACP_1911\",\"7Rnd_45ACP_1911\",[\"7Rnd_45ACP_1911\",4]]]', '[\"DZ_ALICE_Pack_EP1\",[[],[]],[[\"FoodCanSardines\",\"ItemSodaPepsi\",\"ItemBandage\",\"10Rnd_127x99_m107\"],[1,1,1,2]]]', '[false,false,false,false,false,false,true,10371,[],[0,0],0,[11.415,85.458]]', '1', 'Survivor2_DZ', '[\"M4A3_CCO_EP1\",\"amovpknlmstpsraswrfldnon\",41]', '3', '0', '31', '13', '0', '0', '93', '2013-05-30 23:09:50', '2013-05-30 21:36:14'),
  ('184', '61853318', '1', '[131,[10484.1,2363.77,2.853]]', '[[\"ItemCompass\",\"ItemMap\",\"Makarov\",\"ItemHatchet\",\"LeeEnfield\"],[\"FoodCanBakedBeans\",\"FoodCanBakedBeans\",\"ItemSodaPepsi\",\"ItemSodaPepsi\",\"FoodCanBakedBeans\",\"ItemSodaPepsi\",\"ItemPainkiller\",\"ItemPainkiller\",[\"10x_303\",6],\"10x_303\",\"10x_303\",\"10x_303\",\"ItemBandage\",\"ItemBandage\",\"ItemBandage\",\"8Rnd_9x18_Makarov\",\"8Rnd_9x18_Makarov\",\"8Rnd_9x18_Makarov\",\"ItemBandage\",\"8Rnd_9x18_Makarov\"]]', '[\"DZ_Patrol_Pack_EP1\",[[],[]],[[],[]]]', '[false,false,false,false,false,false,true,11050.4,[],[0,0],0,[281.691,283.663]]', '0', 'Survivor2_DZ', '[\"Makarov\",\"amovpercmrunsraswpstdf\",41]', '0', '0', '3', '2', '0', '0', '13', '2013-05-30 23:03:53', '2013-05-30 22:50:07'),
  ('185', '32166278', '1', '[195,[3805.67,8804.97,0.001]]', '[[\"Binocular\",\"Colt1911\",\"ItemCompass\",\"ItemMap\",\"ItemHatchet\",\"ItemKnife\",\"ItemWatch\",\"ItemMatchbox\",\"ItemRadio\",\"ItemToolbox\",\"M4A3_CCO_EP1\"],[\"ItemMorphine\",\"ItemMorphine\",\"ItemMorphine\",[\"30Rnd_556x45_Stanag\",14],[\"30Rnd_556x45_Stanag\",24],[\"30Rnd_556x45_Stanag\",8],\"FoodCanBakedBeans\",[\"7Rnd_45ACP_1911\",1],[\"7Rnd_45ACP_1911\",4]]]', '[\"DZ_British_ACU\",[[],[]],[[\"FoodmuttonCooked\",\"ItemBloodbag\",\"ItemPainkiller\",\"FoodCanBakedBeans\",\"ItemSodaCoke\"],[3,4,1,1,2]]]', '[false,true,false,true,false,false,true,11346.3,[\"Pelvis\",\"aimpoint\"],[0.994,0],536,[95.14,37.566]]', '1', 'Survivor2_DZ', '[\"M4A3_CCO_EP1\",\"\",42]', '13', '3', '119', '25', '0', '0', '300', '2013-05-31 23:12:08', '2013-05-30 23:10:24'),
  ('186', '128399494', '1', '[]', '[[\"ItemCompass\",\"ItemMap\",\"Makarov\"],[\"FoodCanBakedBeans\",\"FoodCanBakedBeans\",\"ItemBandage\",\"ItemBandage\",\"ItemBandage\",\"8Rnd_9x18_Makarov\",\"8Rnd_9x18_Makarov\",\"8Rnd_9x18_Makarov\",\"8Rnd_9x18_Makarov\",\"ItemBandage\",\"ItemSodaPepsi\",\"ItemSodaPepsi\",\"ItemSodaPepsi\",\"FoodCanBakedBeans\"]]', '[\"DZ_Patrol_Pack_EP1\",[[],[]],[[],[]]]', '[false,false,false,false,false,false,false,12000,[],[0,0],0]', '0', 'Survivor2_DZ', '[\"\",\"aidlpercmstpsnonwnondnon_player_idlesteady04\",36]', '0', '0', '0', '0', '0', '0', '0', '2013-05-31 00:52:45', '2013-05-31 00:52:45'),
  ('187', '112507462', '1', '[18,[12747.7,6014.22,0.003]]', '[[\"Makarov\",\"ItemCompass\",\"ItemMap\"],[\"FoodCanBakedBeans\",\"FoodCanBakedBeans\",\"ItemSodaPepsi\",\"ItemSodaPepsi\",\"ItemSodaPepsi\",\"FoodCanBakedBeans\",\"ItemBandage\",\"ItemBandage\",\"ItemBandage\",\"8Rnd_9x18_Makarov\",\"8Rnd_9x18_Makarov\",\"8Rnd_9x18_Makarov\",\"8Rnd_9x18_Makarov\",\"ItemBandage\"]]', '[\"DZ_Patrol_Pack_EP1\",[[],[]],[[],[]]]', '[false,false,false,false,false,false,false,12000,[],[0,0],0,[67.55,32.52]]', '0', 'Survivor2_DZ', '[\"Makarov\",\"aidlpercmstpsraswpstdnon_player_idlesteady02\",36]', '0', '0', '0', '0', '0', '0', '2', '2013-05-31 12:15:53', '2013-05-31 12:13:10'),
  ('188', '57760454', '1', '[235,[10515,2284.28,10.739]]', '[[\"M16A2\"],[[\"30Rnd_556x45_Stanag\",10],[\"30Rnd_556x45_Stanag\",13],[\"30Rnd_556x45_Stanag\",6]]]', '[\"\",[[],[]],[[],[]]]', '[false,false,false,false,true,false,true,7993.88,[],[0,0],0,[0.408,0.233]]', '1', 'Survivor2_DZ', '[\"\",\"amovpercmrunsnonwnondb\",42]', '0', '0', '26', '21', '0', '0', '91', '2013-05-31 17:04:31', '2013-05-31 15:26:10'),
  ('189', '128666118', '1', '[171,[13518.4,4323.35,0.001]]', '[[\"ItemCompass\",\"ItemMap\",\"Makarov\"],[\"FoodCanBakedBeans\",\"FoodCanBakedBeans\",\"ItemBandage\",\"ItemBandage\",\"ItemBandage\",\"8Rnd_9x18_Makarov\",\"8Rnd_9x18_Makarov\",\"8Rnd_9x18_Makarov\",\"8Rnd_9x18_Makarov\",\"ItemBandage\",\"ItemSodaPepsi\",\"ItemSodaPepsi\",\"ItemSodaPepsi\",\"FoodCanBakedBeans\"]]', '[\"DZ_Patrol_Pack_EP1\",[[],[]],[[],[]]]', '[false,true,false,true,true,false,true,1651.57,[\"aimpoint\",\"neck\"],[1.015,0],50,[46.525,42.333]]', '1', 'Survivor2_DZ', '[\"\",\"aidlpercmstpsraswpstdnon_player_idlesteady01\",38]', '0', '0', '0', '0', '0', '0', '2', '2013-05-31 15:40:35', '2013-05-31 15:37:40'),
  ('190', '128666118', '1', '[116,[10393.8,2568.76,0.001]]', '[[\"ItemCompass\",\"ItemMap\",\"Makarov\",\"ItemMatchbox\",\"M4A1\"],[\"FoodCanBakedBeans\",\"ItemSodaPepsi\",\"ItemSodaPepsi\",\"FoodCanBakedBeans\",[\"30Rnd_556x45_Stanag\",13],[\"30Rnd_556x45_Stanag\",6],[\"30Rnd_556x45_Stanag\",14],\"ItemSodaCoke\",\"ItemMorphine\",\"ItemPainkiller\",\"ItemPainkiller\"]]', '[\"DZ_TK_Assault_Pack_EP1\",[[],[]],[[\"ItemBloodbag\"],[1]]]', '[false,false,false,false,true,false,false,12000,[],[0.161,0],0,[211.521,203.817]]', '1', 'Survivor2_DZ', '[\"M4A1\",\"aidlpercmstpsraswrfldnon_idlesteady04\",41]', '2', '1', '18', '15', '0', '0', '37', '2013-05-31 16:18:52', '2013-05-31 15:40:53'),
  ('191', '128666118', '1', '[287,[10425.2,2611.62,11.116]]', '[[\"ItemCompass\",\"ItemMap\",\"Makarov\",\"M4A1\",\"ItemMatchbox\"],[\"FoodCanBakedBeans\",\"FoodCanBakedBeans\",\"ItemSodaPepsi\",\"FoodCanBakedBeans\",[\"30Rnd_556x45_Stanag\",13],[\"30Rnd_556x45_Stanag\",6],[\"30Rnd_556x45_Stanag\",14],\"ItemSodaPepsi\",\"ItemSodaPepsi\",\"ItemPainkiller\",\"ItemPainkiller\",\"ItemMorphine\",\"ItemBandage\",\"ItemBandage\",\"ItemBandage\",[\"8Rnd_9x18_Makarov\",3],[\"8Rnd_9x18_Makarov\",2],\"8Rnd_9x18_Makarov\",\"8Rnd_9x18_Makarov\"]]', '[\"DZ_TK_Assault_Pack_EP1\",[[],[]],[[],[]]]', '[false,false,false,false,true,false,false,12000,[],[0,0],0,[313.764,292.376]]', '1', 'Survivor2_DZ', '[\"M4A1\",\"aidlpercmstpsraswrfldnon_idlesteady04\",41]', '0', '0', '3', '3', '0', '0', '15', '2013-05-31 16:34:51', '2013-05-31 16:19:30'),
  ('192', '128666118', '1', '[53,[10505,2300.95,3.548]]', '[[\"ItemCompass\",\"ItemMap\",\"Makarov\"],[\"FoodCanBakedBeans\",\"FoodCanBakedBeans\",\"ItemSodaPepsi\",\"ItemSodaPepsi\",\"ItemSodaPepsi\",\"FoodCanBakedBeans\",\"ItemBandage\",\"ItemBandage\",\"ItemBandage\",\"ItemBandage\",\"8Rnd_9x18_Makarov\",\"8Rnd_9x18_Makarov\",\"8Rnd_9x18_Makarov\",\"8Rnd_9x18_Makarov\"]]', '[\"DZ_Patrol_Pack_EP1\",[[],[]],[[],[]]]', '[false,false,false,false,false,false,true,12000,[],[0.129,0],0,[137.623,138.176]]', '1', 'Survivor2_DZ', '[\"Makarov\",\"ladderciviltopoff\",41]', '0', '0', '0', '0', '0', '0', '4', '2013-05-31 16:40:06', '2013-05-31 16:35:25'),
  ('193', '128666118', '1', '[273,[3648.56,2469.88,0.001]]', '[[\"ItemCompass\",\"ItemMap\",\"Makarov\"],[\"FoodCanBakedBeans\",\"FoodCanBakedBeans\",\"ItemBandage\",\"ItemBandage\",\"ItemBandage\",\"8Rnd_9x18_Makarov\",\"8Rnd_9x18_Makarov\",\"8Rnd_9x18_Makarov\",\"8Rnd_9x18_Makarov\",\"ItemBandage\",\"ItemSodaPepsi\",\"ItemSodaPepsi\",\"ItemSodaPepsi\",\"FoodCanBakedBeans\"]]', '[\"DZ_Patrol_Pack_EP1\",[[],[]],[[],[]]]', '[false,true,false,true,true,false,true,6893.32,[\"aimpoint\",\"neck\"],[0.399,0],51,[69.96,68.185]]', '1', 'Survivor2_DZ', '[\"\",\"aidlpercmstpsraswpstdnon_player_idlesteady03\",38]', '0', '0', '0', '0', '0', '0', '2', '2013-05-31 16:42:58', '2013-05-31 16:40:26'),
  ('194', '128666118', '1', '[321,[10525.4,2271.04,10.739]]', '[[\"ItemCompass\",\"ItemMap\",\"Makarov\"],[\"FoodCanBakedBeans\",\"FoodCanBakedBeans\",\"ItemSodaPepsi\",\"ItemSodaPepsi\",\"ItemSodaPepsi\",\"FoodCanBakedBeans\",\"ItemBandage\",\"ItemBandage\",\"ItemBandage\",\"ItemBandage\",\"8Rnd_9x18_Makarov\",\"8Rnd_9x18_Makarov\",\"8Rnd_9x18_Makarov\"]]', '[\"DZ_Patrol_Pack_EP1\",[[],[]],[[],[]]]', '[false,false,false,false,false,false,false,12000,[],[0,0],0]', '1', 'Survivor2_DZ', '[\"\",\"amovppnemstpsnonwnondnon_amovpercmstpsnonwnondnon\",41]', '0', '0', '0', '0', '0', '0', '10', '2013-05-31 16:54:19', '2013-05-31 16:43:17'),
  ('195', '20265542', '1', '[37,[3217.14,2663.65,0.002]]', '[[\"ItemCompass\",\"ItemMap\",\"Makarov\"],[\"FoodCanBakedBeans\",\"FoodCanBakedBeans\",\"ItemSodaPepsi\",\"ItemSodaPepsi\",\"ItemSodaPepsi\",\"FoodCanBakedBeans\",\"ItemBandage\",\"ItemBandage\",\"ItemBandage\",\"8Rnd_9x18_Makarov\",\"8Rnd_9x18_Makarov\",\"8Rnd_9x18_Makarov\",\"8Rnd_9x18_Makarov\",\"ItemBandage\"]]', '[\"DZ_Patrol_Pack_EP1\",[[],[]],[[],[]]]', '[false,false,false,false,false,false,false,12000,[],[0,0],0,[6.44,5.428]]', '0', 'Survivor2_DZ', '[\"\",\"aidlpknlmstpsraswpstdnon_player_idlesteady02\",36]', '0', '0', '0', '0', '0', '0', '0', '2013-05-31 20:32:14', '2013-05-31 20:31:37'),
  ('196', '32166214', '1', '[51,[3803.71,8805.61,0]]', '[[\"ItemCompass\",\"ItemMap\",\"Makarov\",\"ItemKnife\",\"ItemRadio\",\"ItemMatchbox\",\"ItemHatchet\",\"ItemToolbox\",\"SVD_CAMO\"],[\"ItemSodaCoke\",\"ItemMorphine\",\"ItemMorphine\",\"ItemAntibiotic\",\"ItemBloodbag\",[\"10Rnd_762x54_SVD\",8],\"ItemBandage\"]]', '[\"DZ_TK_Assault_Pack_EP1\",[[],[]],[[\"6Rnd_45ACP\",\"ItemAntibiotic\",\"HandGrenade_West\"],[2,1,2]]]', '[false,false,false,false,true,false,true,12000,[],[0.186,0],0,[408.594,296.879]]', '1', 'Survivor2_DZ', '[\"\",\"\",41]', '4', '3', '7', '4', '0', '0', '51', '2013-05-31 23:12:04', '2013-05-31 22:20:21'),
  ('197', '32166214', '1', '[240,[2184.29,9650.25,0.002]]', '[[\"ItemCompass\",\"ItemMap\",\"ItemWatch\",\"ItemMatchbox\",\"ItemToolbox\",\"ItemRadio\",\"ItemKnife\",\"ItemHatchet\",\"Binocular\",\"ItemFlashlightRed\",\"Makarov\",\"huntingrifle\"],[\"ItemSodaPepsi\",\"ItemSodaPepsi\",\"FoodCanBakedBeans\",\"ItemBloodbag\",\"ItemAntibiotic\",\"ItemMorphine\",\"ItemMorphine\",\"ItemAntibiotic\",\"5x_22_LR_17_HMR\",\"5x_22_LR_17_HMR\",\"ItemBloodbag\",\"ItemBloodbag\",\"ItemBandage\",\"ItemBandage\",\"ItemBandage\",[\"8Rnd_9x18_Makarov\",4],\"8Rnd_9x18_Makarov\",\"8Rnd_9x18_Makarov\",\"8Rnd_9x18_Makarov\"]]', '[\"DZ_British_ACU\",[[\"SVD_CAMO\",\"ItemMatchbox\"],[1,1]],[[\"FoodmuttonCooked\",\"ItemPainkiller\",\"10Rnd_762x54_SVD\",\"ItemMorphine\",\"ItemBloodbag\"],[3,1,1,1,1]]]', '[false,false,false,false,false,false,true,11305.1,[],[0,0],0,[170.051,73.659]]', '0', 'Survivor2_DZ', '[\"Makarov\",\"amovppnemstpsraswpstdnon\",42]', '0', '0', '5', '1', '0', '0', '41', '2013-05-31 23:56:04', '2013-05-31 23:12:27'),
  ('198', '32166278', '1', '[104,[4816.55,2761.2,0.001]]', '[[\"ItemCompass\",\"ItemMap\",\"Makarov\",\"AKS_74_kobra\",\"ItemKnife\"],[\"FoodCanBakedBeans\",\"FoodCanBakedBeans\",\"ItemSodaPepsi\",\"ItemSodaPepsi\",\"ItemSodaPepsi\",\"FoodCanBakedBeans\",\"30Rnd_545x39_AK\",\"ItemBandage\",\"ItemBandage\",\"ItemBandage\",[\"8Rnd_9x18_Makarov\",7],\"8Rnd_9x18_Makarov\",\"ItemBandage\",\"8Rnd_9x18_Makarov\",\"8Rnd_9x18_Makarov\"]]', '[\"DZ_TK_Assault_Pack_EP1\",[[],[]],[[],[]]]', '[false,false,false,false,false,false,false,12000,[],[0,0],0]', '1', 'Survivor2_DZ', '[\"AKS_74_kobra\",\"amovpercmstpsraswrfldnon\",41]', '0', '0', '8', '8', '0', '0', '7', '2013-05-31 23:20:04', '2013-05-31 23:12:49'),
  ('199', '32166278', '1', '[278,[10006.5,2090.67,0.002]]', '[[\"ItemCompass\",\"ItemMap\",\"Makarov\"],[\"FoodCanBakedBeans\",\"FoodCanBakedBeans\",\"ItemBandage\",\"ItemBandage\",\"ItemBandage\",\"8Rnd_9x18_Makarov\",\"8Rnd_9x18_Makarov\",\"8Rnd_9x18_Makarov\",\"8Rnd_9x18_Makarov\",\"ItemBandage\",\"ItemSodaPepsi\",\"ItemSodaPepsi\",\"ItemSodaPepsi\",\"FoodCanBakedBeans\"]]', '[\"DZ_Patrol_Pack_EP1\",[[],[]],[[],[]]]', '[false,true,false,true,true,false,true,6430.17,[\"aimpoint\",\"pilot\"],[0.274,0],11,[14.44,13.503]]', '1', 'Survivor2_DZ', '[\"Makarov\",\"aidlpercmstpsraswpstdnon_player_idlesteady01\",37]', '0', '0', '0', '0', '0', '0', '1', '2013-05-31 23:21:42', '2013-05-31 23:20:32'),
  ('200', '32166278', '1', '[219,[10740.4,3301.99,3.891e-04]]', '[[\"ItemCompass\",\"ItemMap\",\"Makarov\"],[\"FoodCanBakedBeans\",\"FoodCanBakedBeans\",\"ItemBandage\",\"ItemBandage\",\"ItemBandage\",\"8Rnd_9x18_Makarov\",\"8Rnd_9x18_Makarov\",\"8Rnd_9x18_Makarov\",\"8Rnd_9x18_Makarov\",\"ItemBandage\",\"ItemSodaPepsi\",\"ItemSodaPepsi\",\"ItemSodaPepsi\",\"FoodCanBakedBeans\"]]', '[\"DZ_Patrol_Pack_EP1\",[[],[]],[[],[]]]', '[false,false,false,true,true,false,true,4818.84,[\"aimpoint\"],[0.984,0],0,[39.866,34.001]]', '1', 'Survivor2_DZ', '[\"Makarov\",\"aidlpercmstpsraswpstdnon_player_idlesteady02\",37]', '0', '0', '0', '0', '0', '0', '2', '2013-05-31 23:25:03', '2013-05-31 23:21:57'),
  ('201', '32166278', '1', '[21,[9507.22,2005.86,0.001]]', '[[\"ItemCompass\",\"ItemMap\",\"Makarov\"],[\"FoodCanBakedBeans\",\"FoodCanBakedBeans\",\"ItemBandage\",\"ItemBandage\",\"ItemBandage\",\"8Rnd_9x18_Makarov\",\"8Rnd_9x18_Makarov\",\"8Rnd_9x18_Makarov\",\"8Rnd_9x18_Makarov\",\"ItemBandage\",\"ItemSodaPepsi\",\"ItemSodaPepsi\",\"ItemSodaPepsi\",\"FoodCanBakedBeans\"]]', '[\"DZ_Patrol_Pack_EP1\",[[],[]],[[],[]]]', '[false,true,false,true,true,false,true,9435.01,[\"aimpoint\",\"pilot\"],[1.308,0],5,[12.54,11.539]]', '1', 'Survivor2_DZ', '[\"Makarov\",\"aidlpercmstpsraswpstdnon_player_idlesteady02\",36]', '0', '0', '0', '0', '0', '0', '1', '2013-05-31 23:26:25', '2013-05-31 23:25:16'),
  ('202', '32166278', '1', '[37,[5801.65,5893.08,0.002]]', '[[\"ItemCompass\",\"ItemMap\",\"Makarov\"],[\"FoodCanBakedBeans\",\"FoodCanBakedBeans\",\"ItemSodaPepsi\",\"ItemSodaPepsi\",\"ItemSodaPepsi\",\"FoodCanBakedBeans\",\"ItemBandage\",\"ItemBandage\",\"ItemBandage\",[\"8Rnd_9x18_Makarov\",3],\"8Rnd_9x18_Makarov\",\"8Rnd_9x18_Makarov\",\"8Rnd_9x18_Makarov\",\"8Rnd_9x18_Makarov\"]]', '[\"DZ_Patrol_Pack_EP1\",[[],[]],[[],[]]]', '[false,false,false,false,false,false,false,12000,[],[0,0],0,[255.33,78.567]]', '0', 'Survivor2_DZ', '[\"Makarov\",\"amovppnemstpsraswpstdnon\",41]', '0', '0', '0', '0', '0', '0', '28', '2013-05-31 23:55:19', '2013-05-31 23:26:43'),
  ('203', '17303110', '1', '[]', '[[\"ItemCompass\",\"ItemMap\",\"Makarov\"],[\"FoodCanBakedBeans\",\"FoodCanBakedBeans\",\"ItemBandage\",\"ItemBandage\",\"ItemBandage\",\"8Rnd_9x18_Makarov\",\"8Rnd_9x18_Makarov\",\"8Rnd_9x18_Makarov\",\"8Rnd_9x18_Makarov\",\"ItemBandage\",\"ItemSodaPepsi\",\"ItemSodaPepsi\",\"ItemSodaPepsi\",\"FoodCanBakedBeans\"]]', '[\"DZ_Patrol_Pack_EP1\",[[],[]],[[],[]]]', '[false,false,false,false,false,false,false,12000,[],[0,0],0]', '0', 'Survivor2_DZ', '[\"\",\"aidlpercmstpsnonwnondnon_player_idlesteady04\",36]', '0', '0', '0', '0', '0', '0', '0', '2013-06-01 14:07:29', '2013-06-01 14:07:29'),
  ('204', '116324038', '1', '[65,[7814.14,3255.24,0.001]]', '[[\"Makarov\",\"ItemCompass\",\"ItemMap\"],[\"FoodCanBakedBeans\",\"FoodCanBakedBeans\",\"ItemSodaPepsi\",\"ItemSodaPepsi\",\"ItemSodaPepsi\",\"FoodCanBakedBeans\",\"ItemBandage\",\"ItemBandage\",[\"8Rnd_9x18_Makarov\",4],\"8Rnd_9x18_Makarov\",\"8Rnd_9x18_Makarov\",\"ItemBandage\"]]', '[\"DZ_Patrol_Pack_EP1\",[[],[]],[[],[]]]', '[false,false,false,false,false,false,true,10161.9,[],[0,0],0,[169.12,129.883]]', '0', 'Survivor2_DZ', '[\"Makarov\",\"aidlpercmstpsraswpstdnon_player_idlesteady01\",38]', '0', '0', '1', '0', '0', '0', '9', '2013-06-03 18:13:36', '2013-06-03 18:03:37'),
  ('205', '25764998', '1', '[173,[11962.4,3502.29,0.064]]', '[[\"ItemCompass\",\"ItemMap\",\"Makarov\"],[\"FoodCanBakedBeans\",\"FoodCanBakedBeans\",\"ItemSodaPepsi\",\"ItemSodaPepsi\",\"ItemSodaPepsi\",\"FoodCanBakedBeans\",\"ItemBandage\",\"ItemBandage\",\"ItemBandage\",\"8Rnd_9x18_Makarov\",\"8Rnd_9x18_Makarov\",\"8Rnd_9x18_Makarov\",\"8Rnd_9x18_Makarov\",\"ItemBandage\"]]', '[\"DZ_Patrol_Pack_EP1\",[[],[]],[[],[]]]', '[false,false,false,false,false,false,false,12000,[],[0,0],0,[191.64,185.894]]', '0', 'Survivor2_DZ', '[\"Winchester1866\",\"amovpercmwlksraswrfldl\",39]', '0', '0', '0', '0', '0', '0', '3', '2013-06-04 21:12:45', '2013-06-04 21:02:06'),
  ('206', '19507142', '1', '[147,[13028.4,3731.95,2.821]]', '[[\"ItemCompass\",\"ItemMap\",\"Makarov\",\"ItemMatchbox\",\"ItemToolbox\"],[\"FoodCanBakedBeans\",\"FoodCanBakedBeans\",\"ItemSodaPepsi\",\"ItemSodaPepsi\",\"ItemSodaPepsi\",\"FoodCanBakedBeans\",\"ItemSodaMtngreen\",\"ItemBandage\",\"ItemBandage\",\"8Rnd_9x18_Makarov\",\"8Rnd_9x18_Makarov\",\"8Rnd_9x18_Makarov\",\"8Rnd_9x18_Makarov\",\"ItemBandage\"]]', '[\"DZ_Assault_Pack_EP1\",[[],[]],[[],[]]]', '[false,false,false,false,false,false,true,10959.7,[],[0.171,0],0,[237.207,213.936]]', '1', 'Survivor2_DZ', '[\"Makarov\",\"amovpercmstpsraswpstdnon\",39]', '0', '0', '0', '0', '0', '0', '5', '2013-06-04 21:17:36', '2013-06-04 21:02:07'),
  ('207', '73581254', '1', '[249,[12880.1,9980.81,0.112]]', '[[\"ItemCompass\",\"ItemMap\",\"Makarov\"],[\"FoodCanBakedBeans\",\"FoodCanBakedBeans\",\"ItemSodaPepsi\",\"ItemSodaPepsi\",\"ItemSodaPepsi\",\"FoodCanBakedBeans\",\"ItemBandage\",\"ItemBandage\",\"ItemBandage\",\"8Rnd_9x18_Makarov\",\"8Rnd_9x18_Makarov\",\"8Rnd_9x18_Makarov\",\"8Rnd_9x18_Makarov\",\"ItemBandage\"]]', '[\"DZ_Patrol_Pack_EP1\",[[],[]],[[],[]]]', '[false,false,false,false,false,false,false,12000,[],[0,0],0,[296.771,170.393]]', '0', 'Survivor2_DZ', '[\"Makarov\",\"aidlpknlmstpsraswpstdnon_player_idlesteady03\",41]', '0', '0', '0', '0', '0', '0', '8', '2013-06-04 21:57:21', '2013-06-04 21:02:17'),
  ('208', '104852294', '1', '[13,[10903.1,2515.89,0.002]]', '[[\"ItemCompass\",\"ItemMap\",\"RH_M16a1\",\"Binocular\",\"RH_mk22vsd\",\"ItemKnife\"],[\"ItemSodaPepsi\",\"FoodCanBakedBeans\",\"30Rnd_556x45_Stanag\",\"30Rnd_556x45_Stanag\",\"ItemSodaDrwaste\",\"RPO_obj3\",\"RPO_obj3\",\"ItemBandage\",\"ItemBandage\",\"ItemBandage\",\"8Rnd_9x19_Mksd\",\"8Rnd_9x19_Mk\",\"8Rnd_9x19_Mk\"]]', '[\"ice_apo_pack4\",[[],[]],[[\"FoodCanBakedBeans\",\"ItemHeatPack\",\"ItemSodaPepsi\",\"ItemSodaCoke\"],[2,1,2,1]]]', '[false,false,false,false,false,false,true,11378.7,[],[0,0],0,[357.638,292.044]]', '0', 'Rocker4_DZ', '[\"RH_M16a1\",\"amovpercmstpslowwrfldnon_player_idlesteady02\",100]', '0', '0', '0', '0', '0', '0', '9', '2013-06-04 21:24:44', '2013-06-04 21:02:55'),
  ('209', '121875654', '1', '[47,[8019.74,3046.53,0.001]]', '[[\"ItemCompass\",\"ItemMap\",\"Makarov\"],[\"FoodCanBakedBeans\",\"FoodCanBakedBeans\",\"ItemSodaPepsi\",\"ItemSodaPepsi\",\"ItemSodaPepsi\",\"FoodCanBakedBeans\",\"ItemBandage\",\"ItemBandage\",\"ItemBandage\",\"8Rnd_9x18_Makarov\",\"8Rnd_9x18_Makarov\",\"8Rnd_9x18_Makarov\",\"8Rnd_9x18_Makarov\",\"ItemBandage\"]]', '[\"DZ_Patrol_Pack_EP1\",[[],[]],[[],[]]]', '[false,false,false,false,false,false,false,12000,[],[0,0],0,[76.235,44.077]]', '0', 'Citizen2_DZ', '[\"\",\"aidlpercmstpsraswpstdnon_player_idlesteady03\",34]', '0', '0', '0', '0', '0', '0', '6', '2013-06-04 21:11:01', '2013-06-04 21:03:03'),
  ('210', '50869510', '1', '[270,[11159.1,3234.64,0.001]]', '[[\"ItemCompass\",\"ItemMap\",\"Makarov\"],[\"FoodCanBakedBeans\",\"FoodCanBakedBeans\",\"ItemSodaPepsi\",\"ItemSodaPepsi\",\"ItemSodaPepsi\",\"FoodCanBakedBeans\",\"ItemBandage\",\"ItemBandage\",\"ItemBandage\",\"8Rnd_9x18_Makarov\",\"8Rnd_9x18_Makarov\",\"8Rnd_9x18_Makarov\",\"8Rnd_9x18_Makarov\",\"ItemBandage\"]]', '[\"DZ_Patrol_Pack_EP1\",[[],[]],[[],[]]]', '[false,false,false,false,false,false,false,12000,[],[0,0],0,[31.78,29.918]]', '0', 'Rocker4_DZ', '[\"Makarov\",\"aidlpknlmstpsraswpstdnon_player_idlesteady03\",36]', '0', '0', '0', '0', '0', '0', '0', '2013-06-04 21:13:30', '2013-06-04 21:05:53'),
  ('212', '54484742', '1', '[226,[8787.1,2930.2,0]]', '[[\"ItemCompass\",\"ItemMap\",\"Makarov\",\"Sa58V_EP1\"],[\"ItemSodaPepsi\",\"ItemSodaPepsi\",\"FoodCanBakedBeans\",\"FoodCanPasta\",\"FoodCanPasta\",\"FoodCanBakedBeans\",\"HandChemBlue\",\"HandChemBlue\",\"FoodCanPasta\",\"FoodCanPasta\",\"FoodCanPasta\",[\"30Rnd_762x39_SA58\",26],\"ItemBandage\",\"ItemBandage\",\"ItemBandage\",\"8Rnd_9x18_Makarov\",\"8Rnd_9x18_Makarov\",\"8Rnd_9x18_Makarov\",\"8Rnd_9x18_Makarov\",\"ItemBandage\"]]', '[\"DZ_TK_Assault_Pack_EP1\",[[\"M1014\"],[1]],[[\"8Rnd_B_Beneli_74Slug\",\"FoodCanBakedBeans\",\"ItemSodaPepsi\"],[2,1,1]]]', '[false,false,false,false,false,false,false,12000,[],[0,0],0,[536.101,555.621]]', '0', 'Assistant_DZ', '[\"\",\"\",41]', '0', '0', '1', '0', '0', '0', '8', '2013-06-04 21:25:28', '2013-06-04 21:06:25'),
  ('213', '69403078', '1', '[292,[1635.18,2205.24,0.001]]', '[[\"ItemCompass\",\"ItemMap\",\"RH_usp\"],[\"FoodCanBakedBeans\",\"FoodCanBakedBeans\",\"ItemSodaPepsi\",\"ItemSodaPepsi\",\"ItemSodaPepsi\",\"FoodCanBakedBeans\",\"FoodCanOrlok\",\"ItemSodaRabbit\",\"ItemSodaRabbit\",\"Skin_Camo1_DZ\",\"ItemBandage\",\"ItemBandage\",\"ItemBandage\",\"ItemBandage\",[\"15Rnd_9x19_usp\",14],\"15Rnd_9x19_usp\",\"15Rnd_9x19_usp\",\"15Rnd_9x19_usp\"]]', '[\"DZ_Patrol_Pack_EP1\",[[],[]],[[],[]]]', '[false,false,false,true,true,false,true,10392.6,[\"aimpoint\"],[0.075,0],0,[172.405,165.555]]', '1', 'Assistant_DZ', '[\"RH_usp\",\"amovpercmrunsraswpstdfl\",40]', '0', '0', '9', '7', '0', '0', '4', '2013-06-04 21:13:58', '2013-06-04 21:06:25'),
  ('214', '68957318', '1', '[128,[9915.77,2069.83,0.001]]', '[[\"ItemCompass\",\"ItemMap\",\"Makarov\"],[\"FoodCanBakedBeans\",\"FoodCanBakedBeans\",\"ItemSodaPepsi\",\"ItemSodaPepsi\",\"ItemSodaPepsi\",\"FoodCanBakedBeans\",\"ItemSodaCoke\",\"15Rnd_556x45_Stanag_tapedmags\",\"HandRoadFlare\",\"ItemBandage\",\"ItemBandage\",\"8Rnd_9x18_Makarov\",\"8Rnd_9x18_Makarov\",\"8Rnd_9x18_Makarov\",\"8Rnd_9x18_Makarov\",\"ItemBandage\"]]', '[\"DZ_Patrol_Pack_EP1\",[[],[]],[[],[]]]', '[false,false,false,false,false,false,true,4938.76,[],[1.202,0],0,[376.53,359.493]]', '0', 'Rocker3_DZ', '[\"Makarov\",\"amovppnemstpsraswpstdnon\",42]', '0', '0', '0', '0', '0', '0', '8', '2013-06-04 21:25:45', '2013-06-04 21:06:25'),
  ('215', '35298374', '1', '[45,[1646.57,2200.69,0.001]]', '[[\"ItemCompass\",\"ItemMap\",\"Makarov\",\"Winchester1866\"],[\"FoodCanBakedBeans\",\"FoodCanBakedBeans\",\"ItemSodaPepsi\",\"ItemSodaPepsi\",\"ItemSodaPepsi\",\"FoodCanBakedBeans\",[\"15Rnd_W1866_Slug\",2],\"15Rnd_W1866_Slug\",\"ItemBandage\",\"8Rnd_9x18_Makarov\",\"8Rnd_9x18_Makarov\",\"8Rnd_9x18_Makarov\",\"8Rnd_9x18_Makarov\",\"ItemBandage\",\"ItemBandage\"]]', '[\"DZ_Assault_Pack_EP1\",[[],[]],[[],[]]]', '[false,false,false,false,false,false,true,7111.52,[],[0.212,0],0,[206.055,199.764]]', '1', 'Rocker1_DZ', '[\"Winchester1866\",\"amovpknlmstpsraswrfldnon_gear\",41]', '0', '0', '5', '4', '0', '0', '4', '2013-06-04 21:18:55', '2013-06-04 21:06:25'),
  ('216', '78754054', '1', '[0,[11104.7,3038.25,0]]', '[[\"ItemCompass\",\"ItemMap\",\"Makarov\"],[\"FoodCanBakedBeans\",\"FoodCanBakedBeans\",\"ItemSodaPepsi\",\"ItemSodaPepsi\",\"ItemSodaPepsi\",\"FoodCanBakedBeans\",\"ItemBandage\",\"ItemBandage\",\"ItemBandage\",\"8Rnd_9x18_Makarov\",\"8Rnd_9x18_Makarov\",\"8Rnd_9x18_Makarov\",\"8Rnd_9x18_Makarov\",\"ItemBandage\"]]', '[\"DZ_Patrol_Pack_EP1\",[[],[]],[[],[]]]', '[false,false,false,false,false,false,false,12000,[],[0,0],0,[5.24,4.189]]', '0', 'Survivor1_DZ', '[\"\",\"amovpercmstpslowwrfldnon\",36]', '0', '0', '0', '0', '0', '0', '0', '2013-06-04 21:07:40', '2013-06-04 21:06:49'),
  ('217', '54192646', '1', '[169,[9882.56,2176.56,0.002]]', '[[\"ItemCompass\",\"ItemMap\",\"ItemWatch\",\"ASC_Makarov\",\"LeeEnfield\"],[\"ItemSodaPepsi\",\"ItemSodaPepsi\",\"ItemSodaPepsi\",\"FoodCanBakedBeans\",\"FoodCanBakedBeans\",\"10x_303\",\"10x_303\",\"FoodCanPasta\",\"10x_303\",\"10x_303\",\"RPO_obj21\",\"FoodCanBakedBeans\",\"ItemBandage\",\"ItemBandage\",\"ItemBandage\",\"ItemBandage\",\"8Rnd_9x18_Makarov\",\"8Rnd_9x18_Makarov\",\"8Rnd_9x18_Makarov\",\"8Rnd_9x18_Makarov\"]]', '[\"DZ_TK_Assault_Pack_EP1\",[[],[]],[[],[]]]', '[false,false,false,false,false,false,false,12000,[],[0,0],0,[52.395,376.541]]', '0', 'Rocker4_DZ', '[\"LeeEnfield\",\"amovppnemstpsraswrfldnon\",100]', '0', '0', '0', '0', '0', '0', '5', '2013-06-04 21:24:20', '2013-06-04 21:07:45'),
  ('218', '38292294', '1', '[342,[13332.5,6844.1,0.001]]', '[[\"ItemCompass\",\"ItemMap\",\"Makarov\"],[\"FoodCanBakedBeans\",\"FoodCanBakedBeans\",\"ItemBandage\",\"ItemBandage\",\"ItemBandage\",\"8Rnd_9x18_Makarov\",\"8Rnd_9x18_Makarov\",\"8Rnd_9x18_Makarov\",\"8Rnd_9x18_Makarov\",\"ItemBandage\",\"ItemSodaPepsi\",\"ItemSodaPepsi\",\"ItemSodaPepsi\",\"FoodCanBakedBeans\"]]', '[\"DZ_Patrol_Pack_EP1\",[[],[]],[[],[]]]', '[false,false,false,false,false,false,false,12000,[],[0,0],0,[63.13,55.922]]', '1', 'Assistant_DZ', '[\"\",\"aidlpercmstpsraswpstdnon_player_idlesteady03\",36]', '0', '0', '0', '0', '0', '0', '2', '2013-06-04 21:12:46', '2013-06-04 21:07:56'),
  ('219', '20254790', '1', '[136,[5234.81,2218.15,0.001]]', '[[\"ItemCompass\",\"ItemMap\",\"Makarov\",\"ItemFlashlightRed\",\"ItemKnife\",\"RH_ak74k\",\"ItemEtool\"],[\"FoodCanBakedBeans\",\"FoodCanBakedBeans\",\"ItemSodaPepsi\",\"ItemSodaPepsi\",\"ItemSodaPepsi\",\"FoodCanBakedBeans\",\"30Rnd_545x39_AK\",\"ItemPainkiller\",\"ItemAntibiotic\",\"SmokeShell\",\"SmokeShell\",\"30Rnd_545x39_AK\",\"ItemBandage\",\"ItemBandage\",[\"8Rnd_9x18_Makarov\",2],\"8Rnd_9x18_Makarov\",\"8Rnd_9x18_Makarov\",\"8Rnd_9x18_Makarov\",\"ItemBandage\",\"17Rnd_9x19_g17\"]]', '[\"DZ_Patrol_Pack_EP1\",[[],[]],[[],[]]]', '[false,false,false,false,false,false,true,7739.22,[],[0.167,0],0,[400.857,380.428]]', '0', 'Rocker3_DZ', '[\"RH_ak74k\",\"amovpercmrunsraswrfldf\",41]', '0', '0', '5', '5', '0', '0', '6', '2013-06-04 21:25:39', '2013-06-04 21:10:21'),
  ('220', '109189830', '1', '[298,[13709.3,2873.62,30.243]]', '[[\"ItemCompass\",\"ItemMap\",\"ItemMatchbox\",\"ItemToolbox\",\"RH_p226s\"],[\"FoodCanBakedBeans\",\"FoodCanBakedBeans\",\"ItemSodaPepsi\",\"ItemSodaPepsi\",\"ItemSodaPepsi\",\"FoodCanBakedBeans\",\"FoodCanBakedBeans\",\"FoodCanBakedBeans\",\"ItemSodaPepsi\",\"ItemSodaPepsi\",\"Skin_Pilot_DZ\",\"TrashJackDaniels\",\"ItemBandage\",\"ItemBandage\",\"ItemBandage\",\"ItemBandage\",\"15Rnd_9x19_usp\",\"ItemBandage\",\"ItemBandage\"]]', '[\"DZ_ALICE_Pack_EP1\",[[],[]],[[],[]]]', '[false,false,false,false,false,false,false,12000,[],[0,0],0,[298.991,283.307]]', '0', 'Citizen3_DZ', '[\"RH_p226s\",\"amovpercmstpsraswpstdnon_gear\",39]', '1', '0', '1', '1', '0', '0', '4', '2013-06-04 21:25:20', '2013-06-04 21:13:06'),
  ('221', '44844934', '1', '[200,[10444.9,2344.75,2.579]]', '[[\"ItemCompass\",\"ItemMap\",\"Makarov\"],[\"FoodCanBakedBeans\",\"FoodCanBakedBeans\",\"ItemSodaPepsi\",\"ItemSodaPepsi\",\"ItemSodaPepsi\",\"FoodCanBakedBeans\",\"Skin_Worker1_DZ\",\"ItemBandage\",\"ItemBandage\",\"ItemBandage\",[\"8Rnd_9x18_Makarov\",7],\"8Rnd_9x18_Makarov\",\"8Rnd_9x18_Makarov\",\"8Rnd_9x18_Makarov\",\"ItemBandage\"]]', '[\"DZ_Patrol_Pack_EP1\",[[],[]],[[],[]]]', '[false,false,false,false,false,false,false,12000,[],[0,0],0,[149.99,145.767]]', '0', 'Priest_DZ', '[\"Makarov\",\"aovrpercmstpsraswpstdf\",100]', '0', '0', '1', '1', '0', '0', '1', '2013-06-04 21:20:06', '2013-06-04 21:13:41'),
  ('223', '38292294', '1', '[322,[12857.5,9979.23,0.001]]', '[[\"ItemCompass\",\"ItemMap\",\"Makarov\"],[\"FoodCanBakedBeans\",\"FoodCanBakedBeans\",\"ItemSodaPepsi\",\"ItemSodaPepsi\",\"ItemSodaPepsi\",\"FoodCanBakedBeans\",\"ItemBandage\",\"ItemBandage\",\"ItemBandage\",\"8Rnd_9x18_Makarov\",\"8Rnd_9x18_Makarov\",\"8Rnd_9x18_Makarov\",\"8Rnd_9x18_Makarov\",\"ItemBandage\"]]', '[\"DZ_Patrol_Pack_EP1\",[[],[]],[[],[]]]', '[false,false,false,false,false,false,false,12000,[],[0,0],0,[76.64,28.227]]', '0', 'Assistant_DZ', '[\"Makarov\",\"aidlpercmstpsraswpstdnon_player_idlesteady03\",38]', '0', '0', '0', '0', '0', '0', '3', '2013-06-04 21:24:38', '2013-06-04 21:14:40'),
  ('224', '97010438', '1', '[0,[7374.36,2706.99,0]]', '[[\"ItemCompass\",\"ItemMap\",\"Makarov\",\"ItemKnife\",\"ItemHatchet\"],[\"FoodCanBakedBeans\",\"FoodCanBakedBeans\",\"ItemSodaPepsi\",\"ItemSodaPepsi\",\"ItemSodaPepsi\",\"FoodCanBakedBeans\",\"30Rnd_556x45_Stanag\",\"30Rnd_556x45_Stanag\",\"KPFS_10Rnd_762x39_SKS\",\"ItemBandage\",\"ItemBandage\",\"ItemBandage\",\"ItemBandage\",[\"8Rnd_9x18_Makarov\",7],\"8Rnd_9x18_Makarov\",\"8Rnd_9x18_Makarov\",\"8Rnd_9x18_Makarov\"]]', '[\"DZ_Patrol_Pack_EP1\",[[],[]],[[],[]]]', '[false,false,false,false,false,false,false,12000,[],[0,0],0,[159.76,151.757]]', '0', 'Survivor1_DZ', '[\"Makarov\",\"amovpercmstpslowwrfldnon\",42]', '0', '0', '0', '0', '0', '0', '2', '2013-06-04 21:25:42', '2013-06-04 21:14:44'),
  ('225', '69403078', '1', '[82,[2014.43,2213.07,0.001]]', '[[\"ItemCompass\",\"ItemMap\",\"ItemWatch\",\"RH_mk2\"],[\"ItemSodaRabbit\",\"ItemSodaRabbit\",\"ItemBandage\",\"ItemBandage\",\"ItemBandage\",[\"10Rnd_22LR_mk2\",3]]]', '[\"DZ_Patrol_Pack_EP1\",[[],[]],[[],[]]]', '[false,false,false,false,true,false,true,2102.18,[],[0.124,0],0,[193.203,99.105]]', '1', 'Rocker3_DZ', '[\"RH_mk2\",\"aidlpercmstpsraswpstdnon_player_idlesteady02\",38]', '0', '0', '1', '1', '0', '0', '2', '2013-06-04 21:24:15', '2013-06-04 21:15:55'),
  ('226', '83424006', '1', '[0,[4483.35,2183.83,0]]', '[[\"ItemCompass\",\"ItemMap\",\"Makarov\",\"ItemToolbox\"],[\"FoodCanBakedBeans\",\"FoodCanBakedBeans\",\"ItemSodaPepsi\",\"ItemSodaPepsi\",\"ItemSodaPepsi\",\"FoodCanBakedBeans\",\"20Rnd_762x51_DMR\",\"ASC_45Rnd_762x25_Mag_SD\",\"ItemSodaCoke\",\"10x_303\",\"KPFS_10Rnd_762x39_SKS\",\"KPFS_10Rnd_762x39_SKS\",\"ItemBandage\",\"ItemBandage\",\"ItemBandage\",\"8Rnd_9x18_Makarov\",\"8Rnd_9x18_Makarov\",\"8Rnd_9x18_Makarov\",\"ItemBandage\",\"ItemBandage\"]]', '[\"DZ_Patrol_Pack_EP1\",[[],[]],[[\"ItemAntibiotic\",\"ItemPainkiller\"],[1,1]]]', '[false,false,false,false,false,false,false,12000,[],[0,0],0,[23.76,24.855]]', '0', 'Survivor1_DZ', '[\"Makarov\",\"amovpercmstpslowwrfldnon\",41]', '0', '0', '0', '0', '0', '0', '3', '2013-06-04 21:25:24', '2013-06-04 21:16:38'),
  ('227', '19507142', '1', '[117,[8285.8,3232.56,0.002]]', '[[\"ItemCompass\",\"ItemMap\",\"Makarov\",\"d3z_lanber\"],[\"FoodCanBakedBeans\",\"FoodCanBakedBeans\",\"ItemSodaPepsi\",\"ItemSodaPepsi\",\"ItemSodaPepsi\",\"FoodCanBakedBeans\",\"d3z_buck_75_2\",\"ItemBandage\",\"ItemBandage\",\"ItemBandage\",\"8Rnd_9x18_Makarov\",\"8Rnd_9x18_Makarov\",\"8Rnd_9x18_Makarov\",\"8Rnd_9x18_Makarov\",\"ItemBandage\"]]', '[\"DZ_Patrol_Pack_EP1\",[[],[]],[[],[]]]', '[false,false,false,false,false,false,false,12000,[],[0,0],0,[116.71,110.287]]', '0', 'Rocker4_DZ', '[\"d3z_lanber\",\"aidlpercmstpsraswrfldnon_aiming01\",38]', '0', '0', '0', '0', '0', '0', '2', '2013-06-04 21:25:05', '2013-06-04 21:19:42'),
  ('228', '35298374', '1', '[311,[4737.89,2583.83,0.058]]', '[[\"ItemCompass\",\"ItemMap\",\"Makarov\",\"ItemCrowbar\",\"ItemWatch\"],[\"FoodCanBakedBeans\",\"FoodCanBakedBeans\",\"ItemSodaPepsi\",\"ItemSodaPepsi\",\"ItemSodaPepsi\",\"FoodCanBakedBeans\",\"ItemBandage\",\"ItemBandage\",\"ItemBandage\",\"8Rnd_9x18_Makarov\",\"8Rnd_9x18_Makarov\",\"8Rnd_9x18_Makarov\",\"8Rnd_9x18_Makarov\",\"ItemBandage\"]]', '[\"DZ_Patrol_Pack_EP1\",[[],[]],[[],[]]]', '[false,false,false,false,false,false,false,12000,[],[0,0],0,[86.34,81.507]]', '0', 'Worker1_DZ', '[\"Makarov\",\"aidlpknlmstpsraswpstdnon_player_idlesteady03\",38]', '0', '0', '0', '0', '0', '0', '1', '2013-06-04 21:24:31', '2013-06-04 21:20:40'),
  ('229', '98093702', '1', '[0,[6198.7,1951.7,0]]', '[[\"ItemCompass\",\"ItemMap\",\"Makarov\"],[\"FoodCanBakedBeans\",\"FoodCanBakedBeans\",\"ItemSodaPepsi\",\"ItemSodaPepsi\",\"ItemSodaPepsi\",\"FoodCanBakedBeans\",\"ItemBandage\",\"ItemBandage\",\"ItemBandage\",\"ItemBandage\",\"8Rnd_9x18_Makarov\",\"8Rnd_9x18_Makarov\",\"8Rnd_9x18_Makarov\",\"8Rnd_9x18_Makarov\"]]', '[\"DZ_Patrol_Pack_EP1\",[[],[]],[[],[]]]', '[false,false,false,false,false,false,false,12000,[],[0,0],0,[95.84,90.673]]', '0', 'Survivor1_DZ', '[\"Makarov\",\"amovpercmstpslowwrfldnon\",37]', '0', '0', '0', '0', '0', '0', '1', '2013-06-04 21:24:42', '2013-06-04 21:21:10');

-- 
-- Structure for table `users`
-- 

DROP TABLE IF EXISTS `users`;
CREATE TABLE IF NOT EXISTS `users` (
  `id` smallint(8) unsigned NOT NULL AUTO_INCREMENT,
  `login` varchar(50) NOT NULL DEFAULT '',
  `password` varchar(32) NOT NULL DEFAULT '',
  `salt` char(3) NOT NULL DEFAULT '',
  `permissions` varchar(255) NOT NULL DEFAULT 'whitelist, table, map, control, manage, log, tools, feed',
  `lastlogin` timestamp NOT NULL DEFAULT '0000-00-00 00:00:00' ON UPDATE CURRENT_TIMESTAMP,
  PRIMARY KEY (`id`),
  UNIQUE KEY `login` (`login`)
) ENGINE=InnoDB AUTO_INCREMENT=5 DEFAULT CHARSET=utf8;

-- 
-- Data for table `users`
-- 

INSERT INTO `users` (`id`, `login`, `password`, `salt`, `permissions`, `lastlogin`) VALUES
  ('1', 'admin', '4f749f2c908b8ead47c20db6da1b04aa', 'l=i', 'map, table, user, control, manage, log, whitelist, tools, feed', '2013-06-04 20:56:30'),
  ('3', 'dayzadmin', 'c0098802c3a0ca7d5cc4679dbc878f74', '1mv', 'manage, log, control, table, map, tools, feed, user, whitelist', '2013-06-04 21:03:28'),
  ('4', 'civ', '890f294c9a70a2720ceac2acd06bde81', '-gm', 'manage, log, control, table, map, tools, feed, whitelist', '0000-00-00 00:00:00');

-- 
-- Structure for table `vehicle`
-- 

DROP TABLE IF EXISTS `vehicle`;
CREATE TABLE IF NOT EXISTS `vehicle` (
  `id` smallint(5) unsigned NOT NULL AUTO_INCREMENT,
  `class_name` varchar(100) DEFAULT NULL,
  `damage_min` decimal(4,3) NOT NULL DEFAULT '0.100',
  `damage_max` decimal(4,3) NOT NULL DEFAULT '0.700',
  `fuel_min` decimal(4,3) NOT NULL DEFAULT '0.200',
  `fuel_max` decimal(4,3) NOT NULL DEFAULT '0.800',
  `limit_min` tinyint(3) unsigned NOT NULL DEFAULT '0',
  `limit_max` tinyint(3) unsigned NOT NULL DEFAULT '0',
  `parts` varchar(1024) DEFAULT NULL,
  `inventory` varchar(2048) NOT NULL DEFAULT '[]',
  PRIMARY KEY (`id`),
  UNIQUE KEY `uq1_vehicle` (`class_name`),
  KEY `idx1_vehicle` (`class_name`)
) ENGINE=InnoDB AUTO_INCREMENT=206 DEFAULT CHARSET=utf8;

-- 
-- Data for table `vehicle`
-- 

INSERT INTO `vehicle` (`id`, `class_name`, `damage_min`, `damage_max`, `fuel_min`, `fuel_max`, `limit_min`, `limit_max`, `parts`, `inventory`) VALUES
  ('1', 'UAZ_Unarmed_TK_EP1', '0.1', '0.7', '0.2', '0.8', '0', '3', 'palivo,motor,karoserie,wheel_1_1_steering,wheel_1_2_steering,wheel_2_1_steering,wheel_2_2_steering', '[[[], []], [[\"20Rnd_762x51_DMR\"], [5]], [[], []]]'),
  ('2', 'UAZ_Unarmed_TK_CIV_EP1', '0.1', '0.7', '0.2', '0.8', '0', '1', 'palivo,motor,karoserie,wheel_1_1_steering,wheel_1_2_steering,wheel_2_1_steering,wheel_2_2_steering', '[[[], []], [[\"10Rnd_127x99_m107\"], [5]], [[], []]]'),
  ('3', 'UAZ_Unarmed_UN_EP1', '0.1', '0.7', '0.2', '0.8', '0', '5', 'palivo,motor,karoserie,wheel_1_1_steering,wheel_1_2_steering,wheel_2_1_steering,wheel_2_2_steering', '[[[], []], [[\"30Rnd_556x45_StanagSD\"], [5]], [[], []]]'),
  ('4', 'UAZ_RU', '0.1', '0.7', '0.2', '0.8', '0', '3', 'palivo,motor,karoserie,wheel_1_1_steering,wheel_1_2_steering,wheel_2_1_steering,wheel_2_2_steering', '[[[], []], [[\"HandGrenade_west\"], [5]], [[], []]]'),
  ('5', 'ATV_US_EP1', '0.1', '0.7', '0.2', '0.8', '0', '3', 'palivo,motor,karoserie,wheel_1_1_steering,wheel_1_2_steering,wheel_2_1_steering,wheel_2_2_steering', '[[[], []], [[\"ItemTent\", \"ItemMatchbox\"], [1, 1]], [[], []]]'),
  ('6', 'ATV_CZ_EP1', '0.1', '0.7', '0.2', '0.8', '0', '2', 'palivo,motor,karoserie,wheel_1_1_steering,wheel_1_2_steering,wheel_2_1_steering,wheel_2_2_steering', '[[[], []], [[\"Skin_Camo1_DZ\", \"ItemCompass\"], [1, 1]], [[], []]]'),
  ('7', 'SkodaBlue', '0.1', '0.7', '0.2', '0.8', '0', '4', 'palivo,motor,karoserie,wheel_1_1_steering,wheel_1_2_steering,wheel_2_1_steering,wheel_2_2_steering', '[[[], []], [[\"ItemWatch\", \"ItemKnife\"], [1, 1]], [[], []]]'),
  ('8', 'Skoda', '0.1', '0.7', '0.2', '0.8', '0', '5', 'palivo,motor,karoserie,wheel_1_1_steering,wheel_1_2_steering,wheel_2_1_steering,wheel_2_2_steering', '[[[\"Binocular\"], [1]], [[], []], [[\"CZ_VestPouch_EP1\"], [1]]]'),
  ('9', 'SkodaGreen', '0.1', '0.7', '0.2', '0.8', '0', '5', 'palivo,motor,karoserie,wheel_1_1_steering,wheel_1_2_steering,wheel_2_1_steering,wheel_2_2_steering', '[[[], []], [[\"ItemMatchbox\", \"ItemMap\"], [1, 1]], [[], []]]'),
  ('10', 'TT650_Ins', '0.1', '0.7', '0.2', '0.8', '0', '2', 'motor', '[[[], []], [[\"ItemJerrycan\"], [1]], [[], []]]'),
  ('11', 'TT650_TK_EP1', '0.1', '0.7', '0.2', '0.8', '0', '2', 'motor', '[[[], []], [[\"PartGeneric\"], [1]], [[], []]]'),
  ('12', 'TT650_TK_CIV_EP1', '0.1', '0.7', '0.2', '0.8', '0', '5', 'motor', '[[[], []], [[\"PartWheel\"], [1]], [[], []]]'),
  ('13', 'Old_bike_TK_CIV_EP1', '0', '0', '0', '0', '5', '5', NULL, '[]'),
  ('14', 'Old_bike_TK_INS_EP1', '0', '0', '0', '0', '5', '5', NULL, '[]'),
  ('15', 'UH1H_DZ', '0.1', '0.7', '0.2', '0.8', '0', '5', 'motor,elektronika,mala vrtule,velka vrtule', '[[[], []], [[\"ItemSodaCoke\"], [5]], [[], []]]'),
  ('16', 'hilux1_civil_3_open', '0.1', '0.7', '0.2', '0.8', '0', '1', 'palivo,motor,karoserie,wheel_1_1_steering,wheel_1_2_steering,wheel_2_1_steering,wheel_2_2_steering', '[[[], []], [[\"PartFueltank\", \"PartWheel\"], [1, 1]], [[], []]]'),
  ('17', 'Ikarus_TK_CIV_EP1', '0.1', '0.7', '0.2', '0.8', '0', '3', 'palivo,motor,karoserie,wheel_1_1_steering,wheel_1_2_steering,wheel_2_1_steering,wheel_2_2_steering', '[[[], []], [[\"ItemWatch\", \"ItemSodaPepsi\"], [1, 3]], [[], []]]'),
  ('18', 'Ikarus', '0.1', '0.7', '0.2', '0.8', '0', '1', 'palivo,motor,karoserie,wheel_1_1_steering,wheel_1_2_steering,wheel_2_1_steering,wheel_2_2_steering', '[[[], []], [[\"PartWheel\", \"ItemSodaCoke\"], [1, 3]], [[], []]]'),
  ('19', 'Tractor', '0.1', '0.7', '0.2', '0.8', '0', '5', 'palivo,motor,karoserie,wheel_1_1_steering,wheel_1_2_steering,wheel_2_1_steering,wheel_2_2_steering', '[[[], []], [[\"ItemWire\", \"ItemJerrycan\"], [1, 1]], [[], []]]'),
  ('20', 'S1203_TK_CIV_EP1', '0.1', '0.7', '0.2', '0.8', '0', '2', 'palivo,motor,karoserie,wheel_1_1_steering,wheel_1_2_steering,wheel_2_1_steering,wheel_2_2_steering', '[[[\"Makarov\"], [1]], [[\"FoodCanBakedBeans\"], [3]], [[], []]]'),
  ('21', 'V3S_Civ', '0.1', '0.7', '0.2', '0.8', '1', '1', 'palivo,motor,karoserie,wheel_1_1_steering,wheel_1_2_steering,wheel_2_1_steering,wheel_2_2_steering', '[[[\"MR43\"], [1]], [[\"PartEngine\"], [1]], [[], []]]'),
  ('22', 'UralCivil', '0.1', '0.7', '0.2', '0.8', '1', '1', 'palivo,motor,karoserie,wheel_1_1_steering,wheel_1_2_steering,wheel_2_1_steering,wheel_2_2_steering', '[[[], []], [[\"PartWheel\", \"ItemToolbox\", \"ItemTankTrap\"], [1, 1, 1]], [[], []]]'),
  ('23', 'car_hatchback', '0.1', '0.7', '0.2', '0.8', '0', '1', 'palivo,motor,karoserie,wheel_1_1_steering,wheel_1_2_steering,wheel_2_1_steering,wheel_2_2_steering', '[[[\"LeeEnfield\"], [1]], [[\"5x_22_LR_17_HMR\"], [3]], [[], []]]'),
  ('24', 'Fishing_Boat', '0.1', '0.7', '0.2', '0.8', '0', '2', 'motor', '[]'),
  ('25', 'PBX', '0.1', '0.7', '0.2', '0.8', '1', '1', 'motor', '[[[], []], [[\"ItemFlashlightRed\"], [1]], [[\"DZ_Backpack_EP1\"], [1]]]'),
  ('26', 'Smallboat_1', '0.1', '0.7', '0.2', '0.8', '0', '1', 'motor', '[]'),
  ('27', 'Volha_2_TK_CIV_EP1', '0.1', '0.7', '0.2', '0.8', '0', '3', 'palivo,motor,karoserie,wheel_1_1_steering,wheel_1_2_steering,wheel_2_1_steering,wheel_2_2_steering', '[[[], []], [[\"ItemSodaPepsi\", \"FoodCanFrankBeans\"], [3, 3]], [[], []]]'),
  ('28', 'Volha_1_TK_CIV_EP1', '0.1', '0.7', '0.2', '0.8', '0', '1', 'palivo,motor,karoserie,wheel_1_1_steering,wheel_1_2_steering,wheel_2_1_steering,wheel_2_2_steering', '[[[], []], [[\"ItemSodaCoke\", \"FoodCanBakedBeans\"], [3, 3]], [[], []]]'),
  ('29', 'SUV_TK_CIV_EP1', '0.1', '0.7', '0.2', '0.8', '1', '1', 'palivo,motor,karoserie,wheel_1_1_steering,wheel_1_2_steering,wheel_2_1_steering,wheel_2_2_steering', '[[[], []], [[\"Pipebomb\"], [1]], [[], []]]'),
  ('30', 'car_sedan', '0.1', '0.7', '0.2', '0.8', '0', '3', 'palivo,motor,karoserie,wheel_1_1_steering,wheel_1_2_steering,wheel_2_1_steering,wheel_2_2_steering', '[[[], []], [[\"ItemFlashlight\", \"ItemMap\"], [1, 1]], [[\"DZ_ALICE_Pack_EP1\"], [1]]]'),
  ('31', 'hilux1_civil_3_open_EP1', '0.1', '0.7', '0.2', '0.8', '0', '1', 'palivo,motor,karoserie,wheel_1_1_steering,wheel_1_2_steering,wheel_2_1_steering,wheel_2_2_steering', '[[[], []], [[\"PartEngine\", \"ItemJerrycan\"], [1, 1]], [[], []]]'),
  ('32', 'UralCivil2', '0.1', '0.7', '0.2', '0.8', '1', '1', 'palivo,motor,karoserie,wheel_1_1_steering,wheel_1_2_steering,wheel_2_1_steering,wheel_2_2_steering', '[[[], []], [[\"PartVRotor\", \"ItemMorphine\", \"FoodCanPasta\"], [1, 1, 1]], [[], []]]'),
  ('33', 'LandRover_CZ_EP1', '0.1', '0.7', '0.2', '0.8', '0', '5', 'palivo,motor,karoserie,wheel_1_1_steering,wheel_1_2_steering,wheel_2_1_steering,wheel_2_2_steering', '[[[\"AK_47_M\"], [1]], [[\"ItemPainkiller\"], [1]], [[], []]]'),
  ('34', 'Ka60_GL_NAC', '0.1', '0.7', '0.2', '0.8', '1', '1', 'motor,elektronika,mala vrtule,velka vrtule', '[]'),
  ('35', 'Mi17_Civilian_Nam', '0.1', '0.7', '0.2', '0.8', '1', '1', 'palivo,motor,karoserie,wheel_1_1_steering,wheel_1_2_steering,wheel_2_1_steering,wheel_2_2_steering', '[]'),
  ('36', 'BW_Ikarus1', '0.1', '0.7', '0.2', '0.8', '0', '5', 'palivo,motor,karoserie,wheel_1_1_steering,wheel_1_2_steering,wheel_2_1_steering,wheel_2_2_steering', '[]'),
  ('37', 'BW_Ikarus2', '0.1', '0.7', '0.2', '0.8', '0', '5', 'palivo,motor,karoserie,wheel_1_1_steering,wheel_1_2_steering,wheel_2_1_steering,wheel_2_2_steering', '[]'),
  ('38', 'kpfs_golf_g', '0.1', '0.7', '0.2', '0.8', '0', '5', 'palivo,motor,karoserie,wheel_1_1_steering,wheel_1_2_steering,wheel_2_1_steering,wheel_2_2_steering', '[]'),
  ('39', 'kpfs_golf_p', '0.1', '0.7', '0.2', '0.8', '0', '5', 'palivo,motor,karoserie,wheel_1_1_steering,wheel_1_2_steering,wheel_2_1_steering,wheel_2_2_steering', '[]'),
  ('40', 'kpfs_golf_post', '0.1', '0.7', '0.2', '0.8', '0', '5', 'palivo,motor,karoserie,wheel_1_1_steering,wheel_1_2_steering,wheel_2_1_steering,wheel_2_2_steering', '[]'),
  ('41', 'kpfs_golf_tk', '0.1', '0.7', '0.2', '0.8', '0', '5', 'palivo,motor,karoserie,wheel_1_1_steering,wheel_1_2_steering,wheel_2_1_steering,wheel_2_2_steering', '[]'),
  ('42', 'Lada1_GDR', '0.1', '0.7', '0.2', '0.8', '0', '5', 'palivo,motor,karoserie,wheel_1_1_steering,wheel_1_2_steering,wheel_2_1_steering,wheel_2_2_steering', '[]'),
  ('43', 'Lada2_GDR', '0.1', '0.7', '0.2', '0.8', '0', '5', 'palivo,motor,karoserie,wheel_1_1_steering,wheel_1_2_steering,wheel_2_1_steering,wheel_2_2_steering', '[]'),
  ('44', 'Lada2_TK_CIV_EP1', '0.1', '0.7', '0.2', '0.8', '0', '5', 'palivo,motor,karoserie,wheel_1_1_steering,wheel_1_2_steering,wheel_2_1_steering,wheel_2_2_steering', '[]'),
  ('45', 'Lada4_GDR', '0.1', '0.7', '0.2', '0.8', '0', '5', 'palivo,motor,karoserie,wheel_1_1_steering,wheel_1_2_steering,wheel_2_1_steering,wheel_2_2_steering', '[]'),
  ('46', 'Lada5_GDR', '0.1', '0.7', '0.2', '0.8', '0', '5', 'palivo,motor,karoserie,wheel_1_1_steering,wheel_1_2_steering,wheel_2_1_steering,wheel_2_2_steering', '[]'),
  ('47', 'TT650_Civ', '0.1', '0.7', '0.2', '0.8', '0', '5', 'palivo,motor,karoserie,wheel_1_1_steering,wheel_1_2_steering,wheel_2_1_steering,wheel_2_2_steering', '[]'),
  ('48', 'TT650_Gue', '0.1', '0.7', '0.2', '0.8', '0', '5', 'palivo,motor,karoserie,wheel_1_1_steering,wheel_1_2_steering,wheel_2_1_steering,wheel_2_2_steering', '[]'),
  ('49', 'MTVR', '0.1', '0.7', '0.2', '0.8', '0', '5', 'palivo,motor,karoserie,wheel_1_1_steering,wheel_1_2_steering,wheel_2_1_steering,wheel_2_2_steering', '[]'),
  ('50', 'M1030_US_DES_EP1', '0.1', '0.7', '0.2', '0.8', '0', '5', 'palivo,motor,karoserie,wheel_1_1_steering,wheel_1_2_steering,wheel_2_1_steering,wheel_2_2_steering', '[]'),
  ('51', 'smallboat_2', '0.1', '0.7', '0.2', '0.8', '0', '5', 'motor', '[]'),
  ('52', 'Post_bike_E', '0.1', '0.7', '0.2', '0.8', '0', '5', NULL, '[]'),
  ('53', 'AH6X_DZ', '0.2', '0.8', '0.5', '0.7', '0', '1', NULL, '[]'),
  ('54', 'Mi17_DZ', '0.3', '0.9', '0.5', '0.7', '0', '1', NULL, '[]'),
  ('55', 'AN2_DZ', '0.1', '0.4', '0.4', '0.999', '1', '2', NULL, '[]'),
  ('56', 'BAF_Offroad_D', '0', '0.8', '0.3', '0.6', '0', '1', NULL, '[]'),
  ('57', 'BAF_Offroad_W', '0', '0.8', '0.3', '0.6', '0', '1', NULL, '[]'),
  ('58', 'datsun1_civil_3_open', '0.05', '0.05', '0', '0.5', '0', '2', 'motor,karoserie,palivo,wheel_1_1_steering,wheel_2_1_steering,wheel_1_2_steering,wheel_2_2_steering,sklo predni P,sklo predni L,glass1,glass2,glass3', '[]'),
  ('59', 'Fishing_Boat_DZ', '0.05', '0.05', '0', '0.5', '0', '1', 'motor', '[]'),
  ('60', 'PBX_DZ', '0.05', '0.05', '0', '0.5', '0', '2', 'motor', '[]'),
  ('61', 'An2_2_TK_CIV_EP1_DZ', '0.05', '0.05', '0', '0.5', '0', '2', NULL, '[]'),
  ('62', 'datsun1_civil_2_covered', '0.05', '0.05', '0', '0.5', '0', '1', 'motor,karoserie,palivo,wheel_1_1_steering,wheel_2_1_steering,wheel_1_2_steering,wheel_2_2_steering,sklo predni P,sklo predni L,glass1,glass2,glass3', '[]'),
  ('63', 'GAZ_Vodnik', '0.05', '0.05', '0', '0.5', '0', '0', 'motor,karoserie,palivo,wheel_1_1_steering,wheel_2_1_steering,wheel_1_2_steering,wheel_2_2_steering,sklo predni P,sklo predni L,glass1,glass2,glass3', '[]'),
  ('64', 'hilux1_civil_1_open', '0.05', '0.05', '0', '0.5', '0', '4', 'motor,karoserie,palivo,wheel_1_1_steering,wheel_2_1_steering,wheel_1_2_steering,wheel_2_2_steering,sklo predni P,sklo predni L,glass1,glass2,glass3', '[]'),
  ('65', 'hilux1_civil_2_covered', '0.05', '0.05', '0', '0.5', '0', '4', 'motor,karoserie,palivo,wheel_1_1_steering,wheel_2_1_steering,wheel_1_2_steering,wheel_2_2_steering,sklo predni P,sklo predni L,glass1,glass2,glass3', '[]'),
  ('66', 'Lada', '0.05', '0.05', '0', '0.5', '0', '0', 'motor,karoserie,palivo,wheel_1_1_steering,wheel_2_1_steering,wheel_1_2_steering,wheel_2_2_steering,sklo predni P,sklo predni L,glass1,glass2,glass3', '[]'),
  ('67', 'Lada1', '0.05', '0.05', '0', '0.5', '0', '1', 'motor,karoserie,palivo,wheel_1_1_steering,wheel_2_1_steering,wheel_1_2_steering,wheel_2_2_steering,sklo predni P,sklo predni L,glass1,glass2,glass3', '[]'),
  ('68', 'Lada1_TK_CIV_EP1', '0.05', '0.05', '0', '0.5', '0', '3', 'motor,karoserie,palivo,wheel_1_1_steering,wheel_2_1_steering,wheel_1_2_steering,wheel_2_2_steering,sklo predni P,sklo predni L,glass1,glass2,glass3', '[]'),
  ('69', 'LadaLM', '0.05', '0.05', '0', '0.5', '0', '10', 'motor,karoserie,palivo,wheel_1_1_steering,wheel_2_1_steering,wheel_1_2_steering,wheel_2_2_steering,sklo predni P,sklo predni L,glass1,glass2,glass3', '[]'),
  ('70', 'LandRover_TK_CIV_EP1', '0.05', '0.05', '0', '0.5', '0', '2', 'motor,karoserie,palivo,wheel_1_1_steering,wheel_2_1_steering,wheel_1_2_steering,wheel_2_2_steering,sklo predni P,sklo predni L,glass1,glass2,glass3', '[]'),
  ('71', 'Mi17_Civilian_DZ', '0.05', '0.05', '0', '0.5', '0', '4', 'motor,karoserie,palivo,elektronika,mala vrtule,velka vrtule,sklo predni P,sklo predni L,glass1,glass3', '[]'),
  ('72', 'Mi17_medevac_RU_DZ', '0.05', '0.05', '0', '0.5', '0', '2', 'motor,karoserie,palivo,elektronika,mala vrtule,velka vrtule,sklo predni P,sklo predni L,glass1,glass3', '[]'),
  ('73', 'MMT_Civ', '0.05', '0.05', '0', '0.5', '0', '10', NULL, '[]'),
  ('74', 'Old_moto_TK_Civ_EP1', '0.05', '0.05', '0', '0.5', '0', '4', 'motor,karoserie,palivo,wheel_1_1_steering,wheel_2_1_steering,wheel_1_2_steering,wheel_2_2_steering,sklo predni P,sklo predni L,glass1,glass2,glass3', '[]'),
  ('75', 'RHIB2Turret_DZ', '0.05', '0.05', '0', '0.5', '0', '1', 'motor', '[]'),
  ('76', 'S1203_ambulance_EP1', '0.05', '0.05', '0', '0.5', '0', '5', 'motor,karoserie,palivo,wheel_1_1_steering,wheel_2_1_steering,wheel_1_2_steering,wheel_2_2_steering,sklo predni P,sklo predni L,glass1,glass2,glass3', '[]'),
  ('77', 'SkodaRed', '0.05', '0.05', '0', '0.5', '0', '2', 'motor,karoserie,palivo,wheel_1_1_steering,wheel_2_1_steering,wheel_1_2_steering,wheel_2_2_steering,sklo predni P,sklo predni L,glass1,glass2,glass3', '[]'),
  ('78', 'Smallboat_1_DZ', '0.05', '0.05', '0', '0.5', '0', '0', 'motor', '[]'),
  ('79', 'Smallboat_2_DZ', '0.05', '0.05', '0', '0.5', '0', '0', 'motor', '[]'),
  ('80', 'TowingTractor', '0.05', '0.05', '0', '0.5', '0', '1', 'motor,karoserie,palivo,wheel_1_1_steering,wheel_2_1_steering,wheel_1_2_steering,wheel_2_2_steering,sklo predni P,sklo predni L,glass1,glass2,glass3', '[]'),
  ('81', 'VWGolf', '0.05', '0.05', '0', '0.5', '0', '3', 'motor,karoserie,palivo,wheel_1_1_steering,wheel_2_1_steering,wheel_1_2_steering,wheel_2_2_steering,sklo predni P,sklo predni L,glass1,glass2,glass3', '[]'),
  ('82', 'VolhaLimo_TK_CIV_EP1', '0.05', '0.05', '0', '0.5', '0', '6', 'motor,karoserie,palivo,wheel_1_1_steering,wheel_2_1_steering,wheel_1_2_steering,wheel_2_2_steering,sklo predni P,sklo predni L,glass1,glass2,glass3', '[]'),
  ('88', 'UralRefuel_INS', '0.1', '0.7', '0.2', '0.8', '0', '5', 'palivo,motor,karoserie,wheel_1_1_steering,wheel_1_2_steering,wheel_2_1_steering,wheel_2_2_steering', '[]'),
  ('89', 'Ural_INS', '0.1', '0.7', '0.2', '0.8', '0', '20', 'palivo,motor,karoserie,wheel_1_1_steering,wheel_1_2_steering,wheel_2_1_steering,wheel_2_2_steering', '[]'),
  ('90', 'HMMWV_DZ_DES_EP1', '0.1', '0.7', '0.2', '0.8', '0', '5', NULL, '[[[], []], [[\"Pipebomb\"], [3]], [[], []]]'),
  ('91', 'C130J', '0.1', '0.7', '0.2', '0.8', '0', '5', NULL, '[]'),
  ('92', 'MH6J_DZ', '0.1', '0.5', '0', '0.5', '0', '1', 'motor,elektronika,mala vrtule,velka vrtule', '[[[],[]],[[\"1Rnd_Smoke_M203\", \"7Rnd_45ACP_1911\", \"30Rnd_556x45_StanagSD\", \"200Rnd_556x45_M249\", \"FoodCanPasta\", \"15Rnd_W1866_Slug\", \"5x_22_LR_17_HMR\", \"15Rnd_9x19_M9SD\", \"17Rnd_9x19_glock17\", \"100Rnd_762x51_M240\", \"6Rnd_45ACP\", \"8Rnd_9x18_Makarov\"],[]],[[\"DZ_Backpack_EP1\"],[]]]'),
  ('93', 'HMMWV_DZ', '0.3', '0.9', '0.3', '0.7', '0', '5', 'palivo,motor,karoserie,wheel_1_1_steering,wheel_1_2_steering,wheel_2_1_steering,wheel_2_2_steering', '[[[\"AK_47_M\"],[]],[[\"PartWoodPile\", \"ItemBandage\", \"HandGrenade_west\", \"6Rnd_45ACP\", \"ItemEpinephrine\", \"8Rnd_B_Beneli_74Slug\", \"HandChemBlue\", \"8Rnd_B_Beneli_Pellets\", \"PartEngine\", \"17Rnd_9x19_glock17\", \"ItemTent\"],[]],[[\"DZ_CivilBackpack_EP1\"],[]]]'),
  ('94', 'MV22_DZ', '0.1', '0.7', '0.2', '0.8', '0', '1', NULL, '[]'),
  ('95', 'Buggy_DZ', '0', '0.05', '0.1', '0.8', '0', '2', NULL, '[]'),
  ('96', 'CH47_DZ', '0', '0.5', '0.1', '0.8', '0', '1', NULL, '[]'),
  ('97', 'CSJ_GyroP', '0', '0.05', '0.1', '0.8', '0', '2', NULL, '[]'),
  ('98', 'HMMWV_Ambulance_DZ', '0', '0.5', '0.1', '0.8', '0', '1', NULL, '[]'),
  ('99', 'Oring_Ikarus', '0', '0.5', '0.1', '0.8', '0', '3', NULL, '[]'),
  ('100', 'Policecar', '0', '0.5', '0.1', '0.8', '0', '2', NULL, '[]'),
  ('101', 'SUV_TK_EP1', '0', '0.5', '0.1', '0.8', '0', '2', NULL, '[]'),
  ('102', 'Ka137_PMC', '0.6', '0.9', '0.2', '0.5', '1', '2', NULL, '[]'),
  ('103', 'Ural_TK_CIV_EP1', '0.1', '0.7', '0.2', '0.8', '0', '100', 'motor', '[]'),
  ('104', '350z_black', '0.1', '0.7', '0.2', '0.8', '0', '100', 'motor', '[]'),
  ('105', '350z_blue', '0.1', '0.7', '0.2', '0.8', '0', '100', 'motor', '[]'),
  ('106', '350z_city', '0.1', '0.7', '0.2', '0.8', '0', '100', 'motor', '[]'),
  ('107', '350z_mod', '0.1', '0.7', '0.2', '0.8', '0', '100', 'motor', '[]'),
  ('108', '350z_gold', '0.1', '0.7', '0.2', '0.8', '0', '100', 'motor', '[]'),
  ('109', '350z_green', '0.1', '0.7', '0.2', '0.8', '0', '100', 'motor', '[]'),
  ('110', '350z_pink', '0.1', '0.7', '0.2', '0.8', '0', '100', 'motor', '[]'),
  ('111', '350z_kiwi', '0.1', '0.7', '0.2', '0.8', '0', '100', 'motor', '[]'),
  ('112', '350z', '0.1', '0.7', '0.2', '0.8', '0', '100', 'motor', '[]'),
  ('113', '350z_red', '0.1', '0.7', '0.2', '0.8', '0', '100', 'motor', '[]'),
  ('114', '350z_ruben', '0.1', '0.7', '0.2', '0.8', '0', '100', 'motor', '[]'),
  ('115', '350z_silver', '0.1', '0.7', '0.2', '0.8', '0', '100', 'motor', '[]'),
  ('116', '350z_v', '0.1', '0.7', '0.2', '0.8', '0', '100', 'motor', '[]'),
  ('117', '350z_white', '0.1', '0.7', '0.2', '0.8', '0', '100', 'motor', '[]'),
  ('118', '350z_yellow', '0.1', '0.7', '0.2', '0.8', '0', '100', 'motor', '[]'),
  ('119', 'f1car', '0.1', '0.7', '0.2', '0.8', '0', '100', 'motor', '[]'),
  ('120', 'TPS_octavia_policeEU', '0.1', '0.7', '0.2', '0.8', '0', '100', 'motor', '[]'),
  ('121', 'kpfs_golf_bl', '0.1', '0.7', '0.2', '0.8', '0', '100', 'motor', '[]'),
  ('122', 'kpfs_golf_y', '0.1', '0.7', '0.2', '0.8', '0', '100', 'motor', '[]'),
  ('123', 'HMMWV_DES_EP1', '0.1', '0.7', '0.2', '0.8', '0', '100', 'motor', '[]'),
  ('124', 'HMMWV_M2', '0.1', '0.7', '0.2', '0.8', '0', '100', 'motor', '[]'),
  ('125', 'HMMWV_M998_crows_M2_DES_EP1', '0.1', '0.7', '0.2', '0.8', '0', '100', 'motor', '[]'),
  ('126', 'Lada3_GDR', '0.1', '0.7', '0.2', '0.8', '0', '100', 'motor', '[]'),
  ('127', 'LadaMP', '0.1', '0.7', '0.2', '0.8', '0', '100', 'motor', '[]'),
  ('128', 'LadaVP', '0.1', '0.7', '0.2', '0.8', '0', '100', 'motor', '[]'),
  ('129', 'LadaSP', '0.1', '0.7', '0.2', '0.8', '0', '100', 'motor', '[]'),
  ('130', 'LandRover_MG_TK_INS_EP1', '0.1', '0.7', '0.2', '0.8', '0', '100', 'motor', '[]'),
  ('131', 'LandRover_Special_CZ_EP1', '0.1', '0.7', '0.2', '0.8', '0', '100', 'motor', '[]'),
  ('132', 'Offroad_DSHKM_TK_GUE_EP1', '0.1', '0.7', '0.2', '0.8', '0', '100', 'motor', '[]'),
  ('133', 'Post_bike_W', '0.1', '0.7', '0.2', '0.8', '0', '100', 'motor', '[]'),
  ('134', 'Pickup_PK_INS', '0.1', '0.7', '0.2', '0.8', '0', '100', 'motor', '[]'),
  ('135', 'Pickup_PK_GUE', '0.1', '0.7', '0.2', '0.8', '0', '100', 'motor', '[]'),
  ('137', 'TPS_octavia_civil', '0.1', '0.7', '0.2', '0.8', '0', '100', 'motor', '[]'),
  ('138', 'TPS_octavia_civil_blue', '0.1', '0.7', '0.2', '0.8', '0', '100', 'motor', '[]'),
  ('139', 'TPS_octavia_civil_gold', '0.1', '0.7', '0.2', '0.8', '0', '100', 'motor', '[]'),
  ('140', 'TPS_octavia_civil_green', '0.1', '0.7', '0.2', '0.8', '0', '100', 'motor', '[]'),
  ('141', 'TPS_octavia_civil_silver', '0.1', '0.7', '0.2', '0.8', '0', '100', 'motor', '[]'),
  ('142', 'TPS_octavia_civil_white', '0.1', '0.7', '0.2', '0.8', '0', '100', 'motor', '[]'),
  ('143', 'SUV_Blue', '0.1', '0.7', '0.2', '0.8', '0', '100', 'motor', '[]'),
  ('144', 'SUV_Charcoal', '0.1', '0.7', '0.2', '0.8', '0', '100', 'motor', '[]'),
  ('145', 'SUV_Green', '0.1', '0.7', '0.2', '0.8', '0', '100', 'motor', '[]'),
  ('146', 'SUV_Orange', '0.1', '0.7', '0.2', '0.8', '0', '100', 'motor', '[]'),
  ('147', 'SUV_Pink', '0.1', '0.7', '0.2', '0.8', '0', '100', 'motor', '[]'),
  ('148', 'SUV_Red', '0.1', '0.7', '0.2', '0.8', '0', '100', 'motor', '[]'),
  ('149', 'SUV_Silver', '0.1', '0.7', '0.2', '0.8', '0', '100', 'motor', '[]'),
  ('150', 'SUV_White', '0.1', '0.7', '0.2', '0.8', '0', '100', 'motor', '[]'),
  ('151', 'SUV_Yellow', '0.1', '0.7', '0.2', '0.8', '0', '100', 'motor', '[]'),
  ('152', 'UAZ_MG_CDF', '0.1', '0.7', '0.2', '0.8', '0', '100', 'motor', '[]'),
  ('153', 'Lada2', '0.1', '0.7', '0.2', '0.8', '0', '100', 'motor', '[]'),
  ('154', 'Kamaz', '0.1', '0.7', '0.2', '0.8', '0', '100', 'motor', '[]'),
  ('155', 'KamazOpen', '0.1', '0.7', '0.2', '0.8', '0', '100', 'motor', '[]'),
  ('156', 'Ural_CDF', '0.1', '0.7', '0.2', '0.8', '0', '100', 'motor', '[]'),
  ('157', 'UralOpen_INS', '0.1', '0.7', '0.2', '0.8', '0', '100', 'motor', '[]'),
  ('158', 'R34_black', '0.1', '0.7', '0.2', '0.8', '0', '100', 'motor', '[]'),
  ('159', 'R34_blue', '0.1', '0.7', '0.2', '0.8', '0', '100', 'motor', '[]'),
  ('160', 'R34_policecar', '0.1', '0.7', '0.2', '0.8', '0', '100', 'motor', '[]'),
  ('161', 'R34_red', '0.1', '0.7', '0.2', '0.8', '0', '100', 'motor', '[]'),
  ('162', 'R34_yellow', '0.1', '0.7', '0.2', '0.8', '0', '100', 'motor', '[]'),
  ('163', 'An2_2_TK_CIV_EP1', '0.1', '0.7', '0.2', '0.8', '0', '100', 'motor', '[]'),
  ('164', 'BAF_Merlin_HC3_D', '0.1', '0.7', '0.2', '0.8', '0', '100', 'motor', '[]'),
  ('165', 'MH60S', '0.1', '0.7', '0.2', '0.8', '0', '100', 'motor', '[]'),
  ('166', 'CH_47F_EP1', '0.1', '0.7', '0.2', '0.8', '0', '100', 'motor', '[]'),
  ('167', 'Mi17_Civilian', '0.1', '0.7', '0.2', '0.8', '0', '100', 'motor', '[]'),
  ('168', 'kyo_microlight_blue', '0.1', '0.7', '0.2', '0.8', '0', '100', 'motor', '[]'),
  ('169', 'kyo_microlight_military', '0.1', '0.7', '0.2', '0.8', '0', '100', 'motor', '[]'),
  ('170', 'kyo_microlight', '0.1', '0.7', '0.2', '0.8', '0', '100', 'motor', '[]'),
  ('171', 'kyo_microlight_yellow', '0.1', '0.7', '0.2', '0.8', '0', '100', 'motor', '[]'),
  ('172', 'MV22', '0.1', '0.7', '0.2', '0.8', '0', '100', 'motor', '[]'),
  ('173', 'kyo_ultralight', '0.1', '0.7', '0.2', '0.8', '0', '100', 'motor', '[]'),
  ('174', 'qin_evoix_black', '0.1', '0.7', '0.2', '0.8', '0', '100', 'motor', '[]'),
  ('175', 'qin_evoix_blue', '0.1', '0.7', '0.2', '0.8', '0', '100', 'motor', '[]'),
  ('176', 'qin_evoix_gray', '0.1', '0.7', '0.2', '0.8', '0', '100', 'motor', '[]'),
  ('177', 'qin_evoix_orange', '0.1', '0.7', '0.2', '0.8', '0', '100', 'motor', '[]'),
  ('178', 'qin_evoix_red', '0.1', '0.7', '0.2', '0.8', '0', '100', 'motor', '[]'),
  ('179', 'luf_c130', '0.1', '0.7', '0.2', '0.8', '0', '100', 'motor', '[]'),
  ('180', 'can_c130', '0.1', '0.7', '0.2', '0.8', '0', '100', 'motor', '[]'),
  ('181', 'airnz_C130', '0.1', '0.7', '0.2', '0.8', '0', '100', 'motor', '[]'),
  ('182', 'qantas_C130', '0.1', '0.7', '0.2', '0.8', '0', '100', 'motor', '[]'),
  ('183', 'Da_kart', '0.1', '0.7', '0.2', '0.8', '0', '100', 'motor', '[]'),
  ('184', 'CSJ_GyroPboat', '0.1', '0.7', '0.2', '0.8', '0', '100', 'motor', '[]'),
  ('185', 'CSJ_GyroCover', '0.1', '0.7', '0.2', '0.8', '0', '100', 'motor', '[]'),
  ('186', 'CSJ_GyroC', '0.1', '0.7', '0.2', '0.8', '0', '100', 'motor', '[]'),
  ('187', 'ice_apo_pack1', '0.1', '0.7', '0.2', '0.8', '0', '100', 'motor', '[]'),
  ('188', 'ice_apo_pack2', '0.1', '0.7', '0.2', '0.8', '0', '100', 'motor', '[]'),
  ('189', 'ice_apo_pack3', '0.1', '0.7', '0.2', '0.8', '0', '100', 'motor', '[]'),
  ('190', 'ice_apo_pack4', '0.1', '0.7', '0.2', '0.8', '0', '100', 'motor', '[]'),
  ('191', 'USBasicBag', '0.1', '0.7', '0.2', '0.8', '0', '100', 'motor', '[]'),
  ('192', 'IMG_Jetski', '0.1', '0.7', '0.2', '0.8', '0', '100', 'motor', '[]'),
  ('193', 'GNTFSF', '0.1', '0.7', '0.2', '0.8', '0', '100', 'motor', '[]'),
  ('194', 'Land_Fregata', '0.1', '0.7', '0.2', '0.8', '0', '100', 'motor', '[]'),
  ('195', 'sigisolda1', '0.1', '0.7', '0.2', '0.8', '0', '100', 'motor', '[]'),
  ('196', 'sigisolda5', '0.1', '0.7', '0.2', '0.8', '0', '100', 'motor', '[]'),
  ('197', 'RHIB', '0.1', '0.7', '0.2', '0.8', '0', '100', 'motor', '[]'),
  ('198', 'RHIB2Turret', '0.1', '0.7', '0.2', '0.8', '0', '100', 'motor', '[]'),
  ('199', 'JFH_USCG_RHIB', '0.1', '0.7', '0.2', '0.8', '0', '100', 'motor', '[]'),
  ('200', 'JFH_USCG_ZODIAC', '0.1', '0.7', '0.2', '0.8', '0', '100', 'motor', '[]'),
  ('201', 'AS_jail', '0.1', '0.7', '0.2', '0.8', '0', '100', 'motor', '[]'),
  ('202', 'RPO_objBox1', '0.1', '0.7', '0.2', '0.8', '0', '100', 'motor', '[]'),
  ('203', 'CSJ_GyroCfloat', '0.1', '0.7', '0.2', '0.8', '0', '100', 'motor', '[]'),
  ('204', 'BAF_BasicWeapons', '0.1', '0.7', '0.2', '0.8', '0', '100', 'motor', '[]'),
  ('205', 'land_OWP_CB_b1', '0.1', '0.7', '0.2', '0.8', '0', '100', 'motor', '[]');

-- 
-- Structure for table `whitelist`
-- 

DROP TABLE IF EXISTS `whitelist`;
CREATE TABLE IF NOT EXISTS `whitelist` (
  `id` int(11) unsigned NOT NULL AUTO_INCREMENT,
  `name` varchar(64) NOT NULL DEFAULT '',
  `guid` varchar(32) NOT NULL DEFAULT '' COMMENT 'BattlEye GUID or IP',
  `is_whitelisted` tinyint(1) unsigned NOT NULL DEFAULT '0',
  PRIMARY KEY (`id`)
) ENGINE=InnoDB DEFAULT CHARSET=utf8;

-- 
-- Structure for table `world`
-- 

DROP TABLE IF EXISTS `world`;
CREATE TABLE IF NOT EXISTS `world` (
  `id` smallint(5) unsigned NOT NULL AUTO_INCREMENT,
  `name` varchar(32) NOT NULL DEFAULT '0',
  `folder` varchar(64) DEFAULT NULL,
  `max_x` mediumint(9) DEFAULT '0',
  `max_y` mediumint(9) DEFAULT '0',
  PRIMARY KEY (`id`),
  UNIQUE KEY `uq_world` (`name`),
  KEY `idx1_world` (`name`)
) ENGINE=InnoDB AUTO_INCREMENT=15 DEFAULT CHARSET=utf8;

-- 
-- Data for table `world`
-- 

INSERT INTO `world` (`id`, `name`, `folder`, `max_x`, `max_y`) VALUES
  ('1', 'chernarus', '@dayz', '14700', '15360'),
  ('2', 'lingor', '@dayzlingor', '10000', '10000'),
  ('3', 'utes', '@dayz', '5100', '5100'),
  ('4', 'takistan', '@dayztakistan', '14000', '14000'),
  ('5', 'panthera2', '@dayzpanthera', '10200', '10200'),
  ('6', 'fallujah', '@dayzfallujah', '10200', '10200'),
  ('7', 'zargabad', '@dayzzargabad', '8000', '8000'),
  ('8', 'namalsk', '@dayz_namalsk_@dayz;@dayz_namalsk', '12000', '12000'),
  ('9', 'mbg_celle2', '@mbg_celle;@dayz_celle;@dayz_conflicts', '13000', '13000'),
  ('10', 'tavi', '@taviana', '25600', '25600'),
  ('11', 'thirsk', '@dayzthirsk', '5120', '5120'),
  ('12', 'oring', '@dayz_oring', '5632', '5632'),
  ('14', 'isladuala', '@dayzisladuala', '5120', '5120');

-- 
-- Structure for table `world_vehicle`
-- 

DROP TABLE IF EXISTS `world_vehicle`;
CREATE TABLE IF NOT EXISTS `world_vehicle` (
  `id` bigint(20) unsigned NOT NULL AUTO_INCREMENT,
  `vehicle_id` smallint(5) unsigned NOT NULL DEFAULT '1',
  `world_id` smallint(5) unsigned NOT NULL DEFAULT '1',
  `worldspace` varchar(60) NOT NULL DEFAULT '[]',
  `description` varchar(1024) DEFAULT NULL,
  `chance` decimal(4,3) unsigned NOT NULL DEFAULT '0.000',
  `last_modified` varchar(10) DEFAULT NULL,
  PRIMARY KEY (`id`),
  KEY `idx1_world_vehicle` (`vehicle_id`),
  KEY `idx2_world_vehicle` (`world_id`),
  CONSTRAINT `world_vehicle_ibfk_1` FOREIGN KEY (`vehicle_id`) REFERENCES `vehicle` (`id`),
  CONSTRAINT `world_vehicle_ibfk_2` FOREIGN KEY (`world_id`) REFERENCES `world` (`id`)
) ENGINE=InnoDB AUTO_INCREMENT=1254 DEFAULT CHARSET=utf8;

-- 
-- Data for table `world_vehicle`
-- 

INSERT INTO `world_vehicle` (`id`, `vehicle_id`, `world_id`, `worldspace`, `description`, `chance`, `last_modified`) VALUES
  ('1', '1', '1', '[0,[12140.168, 12622.802,0]]', NULL, '0.75', NULL),
  ('2', '2', '1', '[0,[6279.4966, 7810.3691,0]]', NULL, '0.75', NULL),
  ('3', '3', '1', '[45,[6865.2432,2481.6943,0]]', 'UAZ in Cherno.', '0.75', '0.19'),
  ('4', '4', '1', '[157,[3693.0386, 5969.1489,0]]', NULL, '0.75', NULL),
  ('5', '2', '1', '[20,[13264.081,12167.432,0]]', 'Black Lake UAZ.', '0.75', '0.19'),
  ('6', '2', '1', '[223,[4817.6572, 2556.5034,0]]', NULL, '0.75', NULL),
  ('7', '1', '1', '[337,[8120.3057,9305.4912,0]]', NULL, '0.75', '0.19'),
  ('8', '5', '1', '[337,[3312.2793,11270.755,0]]', NULL, '0.75', '0.19'),
  ('9', '5', '1', '[50,[3684.0366, 5999.0117,0]]', NULL, '0.75', NULL),
  ('10', '6', '1', '[202,[11464.035, 11381.071,0]]', NULL, '0.75', NULL),
  ('11', '5', '1', '[253,[11459.299,11386.546,0]]', NULL, '0.75', '0.19'),
  ('12', '6', '1', '[335,[8856.8359,2893.7903,0]]', NULL, '0.75', '0.19'),
  ('13', '7', '1', '[353,[12869.565,4450.4077,0]]', NULL, '0.75', '0.19'),
  ('14', '8', '1', '[223,[6288.416, 7834.3521,0]]', NULL, '0.75', NULL),
  ('15', '9', '1', '[306,[8125.7075,3166.3708,0]]', NULL, '0.75', '0.19'),
  ('16', '5', '1', '[284,[8854.9082,2891.5762,0]]', NULL, '0.75', '0.19'),
  ('17', '10', '1', '[291,[11945.78,9099.3633,0]]', NULL, '0.75', '0.19'),
  ('18', '11', '1', '[151,[6592.686,2906.8245,0]]', NULL, '0.75', '0.19'),
  ('19', '12', '1', '[372,[8762.8516, 11727.877,0]]', NULL, '0.75', NULL),
  ('20', '12', '1', '[52,[8713.4893, 7103.0518,0]]', NULL, '0.75', NULL),
  ('21', '13', '1', '[50,[8040.6777, 7086.5356,0]]', NULL, '0.75', NULL),
  ('22', '13', '1', '[316,[7943.5068,6988.1763,0]]', NULL, '0.75', '0.19'),
  ('23', '14', '1', '[201,[8070.6958, 3358.7793,0]]', NULL, '0.75', NULL),
  ('24', '14', '1', '[179,[3474.3989, 2562.4915,0]]', NULL, '0.75', NULL),
  ('25', '14', '1', '[236,[1773.9318,2351.6221,0]]', NULL, '0.75', '0.19'),
  ('26', '13', '1', '[236,[3699.9189,2474.2119,0]]', NULL, '0.75', '0.19'),
  ('27', '13', '1', '[73,[8350.0947, 2480.542,0]]', NULL, '0.75', NULL),
  ('28', '14', '1', '[35,[8345.7227, 2482.6855,0]]', NULL, '0.75', NULL),
  ('29', '13', '1', '[23,[3203.0916, 3988.6379,0]]', NULL, '0.75', NULL),
  ('30', '14', '1', '[191,[2782.7134,5285.5342,0]]', NULL, '0.75', '0.19'),
  ('31', '14', '1', '[155,[8680.75,2445.5315,0]]', NULL, '0.75', '0.19'),
  ('32', '13', '1', '[155,[12158.999,3468.7563,0]]', NULL, '0.75', '0.19'),
  ('33', '14', '1', '[250,[11984.01,3835.9231,0]]', NULL, '0.75', '0.19'),
  ('34', '13', '1', '[255,[10153.068,2219.3547,0]]', NULL, '0.75', '0.19'),
  ('35', '15', '1', '[60,[11279.154,4296.0205,0]]', 'UH1H at Rog Castle.', '0.75', '0.19'),
  ('36', '15', '1', '[133,[4211.8789,10735.168,0]]', NULL, '0.75', '0.19'),
  ('37', '15', '1', '[52,[6874.0503,11432.864,0]]', 'UH1H at Devil\'s Castle.', '0.75', '0.19'),
  ('38', '15', '1', '[58,[10571.7,2220.3101,0.0015564]]', NULL, '0.75', '0.19'),
  ('39', '15', '1', '[359,[6377.8799,2757.8899,-0.048767101]]', NULL, '0.75', '0.19'),
  ('40', '16', '1', '[344,[2045.3989,7267.4165,0]]', NULL, '0.75', '0.19'),
  ('41', '16', '1', '[133,[8310.9902, 3348.3579,0]]', NULL, '0.75', NULL),
  ('42', '16', '1', '[124,[11309.963, 6646.3989,0]]', NULL, '0.75', NULL),
  ('43', '16', '1', '[6,[11240.744, 5370.6128,0]]', NULL, '0.75', NULL),
  ('44', '17', '1', '[230,[3762.5764,8736.1709,0]]', NULL, '0.75', '0.19'),
  ('45', '18', '1', '[279,[10628.433,8037.8188,0]]', NULL, '0.75', '0.19'),
  ('46', '18', '1', '[245,[4580.3203,4515.9282,0]]', NULL, '0.75', '0.19'),
  ('47', '17', '1', '[333,[6040.0923,7806.5439,0]]', NULL, '0.75', '0.19'),
  ('48', '18', '1', '[76,[10314.745, 2147.5374,0]]', NULL, '0.75', NULL),
  ('49', '17', '1', '[59,[6705.8887, 2991.9358,0]]', NULL, '0.75', NULL),
  ('50', '19', '1', '[195,[9681.8213,8947.2354,0]]', NULL, '0.75', '0.19'),
  ('51', '19', '1', '[262,[3825.1318,8941.4873,0]]', NULL, '0.75', '0.19'),
  ('52', '19', '1', '[19,[11246.52, 7534.7954,0]]', NULL, '0.75', NULL),
  ('53', '20', '1', '[19,[11066.828,7915.2275,0]]', NULL, '0.75', '0.19'),
  ('54', '20', '1', '[352,[12058.555,3577.8667,0]]', NULL, '0.75', '0.19'),
  ('55', '20', '1', '[218,[11940.854, 8872.8389,0]]', NULL, '0.75', NULL),
  ('56', '20', '1', '[346,[13386.471,6604.0098,0]]', NULL, '0.75', '0.19'),
  ('57', '21', '1', '[178,[13276.482, 6098.4463,0]]', NULL, '0.75', NULL),
  ('58', '22', '1', '[338,[1890.9952,12417.333,0]]', NULL, '0.75', '0.19'),
  ('59', '23', '1', '[226,[1975.1283, 9150.0195,0]]', NULL, '0.75', NULL),
  ('60', '23', '1', '[315,[7429.4849,5157.8682,0]]', NULL, '0.75', '0.19'),
  ('61', '24', '1', '[315,[8317.2676,2348.6055,0]]', NULL, '0.75', '0.19'),
  ('62', '24', '1', '[315,[13222.181,10015.431,0]]', NULL, '0.75', '0.19'),
  ('63', '25', '1', '[55,[13454.882, 13731.796,0]]', NULL, '0.75', NULL),
  ('64', '26', '1', '[245,[14417.589,12886.104,0]]', NULL, '0.75', '0.19'),
  ('65', '26', '1', '[268,[13098.13, 8250.8828,0]]', NULL, '0.75', NULL),
  ('66', '27', '1', '[205,[9731.1514,8937.7998,0]]', NULL, '0.75', '0.19'),
  ('67', '28', '1', '[337,[9715.0352,6522.8286,0]]', NULL, '0.75', '0.19'),
  ('68', '28', '1', '[241,[2614.0862,5079.6357,0]]', NULL, '0.75', '0.19'),
  ('69', '27', '1', '[18,[10827.634, 2701.5688,0]]', NULL, '0.75', NULL),
  ('70', '28', '1', '[222,[5165.7231,2375.7642,0]]', NULL, '0.75', '0.19'),
  ('71', '27', '1', '[207,[1740.8503,3622.6938,0]]', NULL, '0.75', '0.19'),
  ('72', '29', '1', '[266,[9157.8408, 11019.819,0]]', NULL, '0.75', NULL),
  ('73', '30', '1', '[222,[12360.468, 10817.882,0]]', NULL, '0.75', NULL),
  ('74', '1', '2', '[130,[13129.8,11560,0.0706997]]', NULL, '0.65', NULL),
  ('75', '2', '2', '[3,[7107.41,5825.43,0]]', NULL, '0.65', NULL),
  ('76', '3', '2', '[271,[6424,6777.25,0.00143909]]', NULL, '0.65', NULL),
  ('77', '4', '2', '[5,[4150.78,1426.02,0.0821762]]', NULL, '0.65', NULL),
  ('78', '2', '2', '[87,[2476.24,4105.05,0.00119781]]', NULL, '0.65', NULL),
  ('79', '2', '2', '[177,[4073.41,5156.29,0.00143814]]', NULL, '0.65', NULL),
  ('80', '29', '2', '[9,[6457.83,6660.57,0]]', NULL, '0.45', NULL),
  ('81', '5', '2', '[355,[6888.25,3147.13,0.00132751]]', NULL, '0.7', NULL),
  ('82', '5', '2', '[17,[5968.15,6595.98,0.00117016]]', NULL, '0.7', NULL),
  ('83', '6', '2', '[186,[3546.66,3740.02,0.00143433]]', NULL, '0.7', NULL),
  ('84', '5', '2', '[75,[3287.92,6434.28,0.00110245]]', NULL, '0.7', NULL),
  ('85', '6', '2', '[51,[5927.38,6616.12,0.00140476]]', NULL, '0.7', NULL),
  ('86', '7', '2', '[3,[5805.57,4727.47,0.00143814]]', NULL, '0.65', NULL),
  ('87', '8', '2', '[0,[6115.49,5859.39,0]]', NULL, '0.65', NULL),
  ('88', '15', '2', '[208,[1748.81,642.642,14.1062]]', NULL, '0.25', NULL),
  ('89', '5', '2', '[323,[1199.85,5270.49,10.8326]]', NULL, '0.7', NULL),
  ('90', '10', '2', '[267,[4080.74,1130.51,0.00143909]]', NULL, '0.7', NULL),
  ('91', '11', '2', '[-209,[6592.686, 2906.8245,0]]', NULL, '0.7', NULL),
  ('92', '12', '2', '[179,[5802.9,4712.73,0.00143814]]', NULL, '0.7', NULL),
  ('93', '12', '2', '[97,[4589.57,2616.75,0.00136948]]', NULL, '0.7', NULL),
  ('95', '32', '2', '[90,[6821.08,2497.89,0.00143909]]', NULL, '0.55', NULL),
  ('96', '33', '2', '[294,[3143.17,7997.26,0.00159264]]', NULL, '0.55', NULL),
  ('97', '14', '2', '[254,[3933.37,4220.77,0.00143433]]', NULL, '0.95', NULL),
  ('98', '14', '2', '[184,[3551.31,3739.72,0.0010376]]', NULL, '0.95', NULL),
  ('99', '31', '2', '[163,[5985.63,5351.37,0.00143909]]', NULL, '0.55', NULL),
  ('100', '13', '2', '[10,[8819.02,8023.86,0.00143814]]', NULL, '0.95', NULL),
  ('101', '14', '2', '[279,[5796.81,4688.25,0.00143814]]', NULL, '0.95', NULL),
  ('102', '13', '2', '[0,[5671.37,796.868,0.00129175]]', NULL, '0.95', NULL),
  ('103', '6', '2', '[0,[969.451,1275.39,0.00255895]]', NULL, '0.7', NULL),
  ('104', '29', '2', '[9,[6593.81,5728.57,0]]', NULL, '0.45', NULL),
  ('105', '27', '2', '[94,[621.466,4631.81,0.00143814]]', NULL, '0.55', NULL),
  ('106', '15', '2', '[5,[3360.08,1126.39,0.00143862]]', NULL, '0.25', NULL),
  ('107', '15', '2', '[18,[3956.76,4229.46,0.00143433]]', NULL, '0.25', NULL),
  ('108', '15', '2', '[168,[602.249,4686.56,6.81655]]', NULL, '0.25', NULL),
  ('109', '15', '2', '[89,[6597.37,6767.08,0]]', NULL, '0.25', NULL),
  ('110', '15', '2', '[274,[6863.03,4451.83,0.00143814]]', NULL, '0.25', NULL),
  ('111', '17', '2', '[79,[3472.71,1374.62,0.00143909]]', NULL, '0.55', NULL),
  ('112', '18', '2', '[79,[3572.71,1374.62,0.00143909]]', NULL, '0.55', NULL),
  ('113', '18', '2', '[180,[5775.69,4724.98,0.00143814]]', NULL, '0.55', NULL),
  ('114', '17', '2', '[209,[835.536,5520.96,7.97942]]', NULL, '0.55', NULL),
  ('115', '18', '2', '[9,[6572.64,5970.13,0]]', NULL, '0.55', NULL),
  ('116', '17', '2', '[9,[6472.64,5970.13,0]]', NULL, '0.55', NULL),
  ('117', '12', '2', '[272,[2837.28,5328.06,0.373938]]', NULL, '0.7', NULL),
  ('118', '19', '2', '[89,[7971.34,1091.71,0.00143909]]', NULL, '0.75', NULL),
  ('119', '19', '2', '[317,[2645.8,6945.16,0.00143909]]', NULL, '0.75', NULL),
  ('120', '20', '2', '[285,[4290.23,4935.53,0.00152206]]', NULL, '0.55', NULL),
  ('121', '20', '2', '[5,[4198.66,4442.61,0.00143814]]', NULL, '0.55', NULL),
  ('122', '20', '2', '[3,[5796.71,4721.43,0.00143814]]', NULL, '0.55', NULL),
  ('123', '20', '2', '[167,[13367.5,6601.11,0.0126638]]', NULL, '0.55', NULL),
  ('124', '21', '2', '[4,[4401.8,1702.02,0.121414]]', NULL, '0.55', NULL),
  ('125', '24', '2', '[137,[3800.27,2307.3,4.6834]]', NULL, '0.55', NULL),
  ('126', '24', '2', '[137,[3700.27,2307.3,4.6834]]', NULL, '0.55', NULL),
  ('127', '25', '2', '[291,[5873.05,5326.02,0.00148487]]', NULL, '0.55', NULL),
  ('128', '26', '2', '[147,[8433.71,7797.2,2.1895]]', NULL, '0.55', NULL),
  ('129', '26', '2', '[310,[3822.1,2299.23,0.000923157]]', NULL, '0.55', NULL),
  ('131', '28', '2', '[272,[6827.53,5927.34,0.00143909]]', NULL, '0.55', NULL),
  ('132', '28', '2', '[356,[8039.13,2916.39,0.00257635]]', NULL, '0.55', NULL),
  ('133', '27', '2', '[274,[3697.02,1404.02,0.00143909]]', NULL, '0.55', NULL),
  ('134', '28', '2', '[260,[8299.95,2358.95,1.28169]]', NULL, '0.55', NULL),
  ('135', '27', '2', '[47,[4149.76,1537.27,0.0821762]]', NULL, '0.55', NULL),
  ('136', '29', '2', '[183,[5784.84,4712.17,0.00143814]]', NULL, '0.45', NULL),
  ('137', '30', '2', '[222,[9120.468,8667.882,0]]', NULL, '0.75', NULL),
  ('138', '24', '2', '[273,[8842.5,921.916,0.00130701]]', NULL, '0.55', NULL),
  ('139', '1', '2', '[249,[7563.33,1693.72,0.00143909]]', NULL, '0.65', NULL),
  ('140', '24', '2', '[195,[6800.51,2828.05,0.00150663]]', NULL, '0.55', NULL),
  ('141', '15', '1', '[310,[6365.7402,7795.3501,-0.048767101]]', NULL, '0.25', '0.19'),
  ('142', '15', '1', '[14,[13308.511,3227.0215,0]]', NULL, '0.25', '0.19'),
  ('143', '15', '1', '[265,[7695.0356,3991.2056,0]]', NULL, '0.25', '0.19'),
  ('144', '15', '1', '[22,[12009.904,12636.732,0]]', 'UH1H at NEAF.', '0.25', '0.19'),
  ('145', '18', '4', '[79,[5228.1963,6146.6855,-1.19209]]', NULL, '0.5', '0.21'),
  ('146', '27', '4', '[334,[1399.4459,3464.3445,0]]', NULL, '0.5', '0.21'),
  ('147', '18', '4', '[227,[4621.7837,649.05255,0.00663757]]', NULL, '0.5', '0.21'),
  ('148', '27', '4', '[204,[5309.2461,6202.939,0]]', NULL, '0.5', '0.21'),
  ('149', '15', '4', '[132,[8189.5273,2064.668,0.00119019]]', NULL, '0.25', '0.21'),
  ('150', '5', '4', '[6,[6837.0986,4988.1509,0.000762939]]', NULL, '0.5', '0.21'),
  ('151', '20', '4', '[219,[8263.0322,7730.8857,0]]', NULL, '0.5', '0.21'),
  ('152', '5', '4', '[17,[11738.519,8349.665,0.0155945]]', NULL, '0.5', '0.21'),
  ('153', '12', '4', '[169,[12313.892,10475.649,4.19617]]', NULL, '0.5', '0.21'),
  ('154', '15', '4', '[18,[5843.7178,11336.136,0.00793457]]', NULL, '0.25', '0.21'),
  ('155', '20', '4', '[353,[1497.7494,5739.3496,6.67572]]', NULL, '0.5', '0.21'),
  ('156', '7', '4', '[165,[9157.1348,6692.1816,0.00242615]]', NULL, '0.5', '0.21'),
  ('157', '21', '4', '[341,[2069.3496,7657.5806,0]]', NULL, '0.5', '0.21'),
  ('158', '1', '4', '[130,[12242.198,11064.873,0.0706997]]', NULL, '0.5', '0.21'),
  ('159', '32', '4', '[252,[10489.811,11066.72,0.000778198]]', NULL, '0.5', '0.21'),
  ('160', '23', '4', '[310,[5298.9331,4714.4155,0.00106812]]', NULL, '0.5', '0.21'),
  ('161', '27', '4', '[123,[4157.9121,11910.076,0]]', NULL, '0.5', '0.21'),
  ('162', '13', '4', '[51,[1914.0155,7597.2456,-1.52588]]', NULL, '0.6', '0.21'),
  ('163', '13', '4', '[15,[5315.9443,6134.3672,0.0126953]]', NULL, '0.6', '0.21'),
  ('164', '13', '4', '[211,[8495.876,2404.3872,0.00710678]]', NULL, '0.6', '0.21'),
  ('165', '13', '4', '[108,[8464.3613,2459.9939,0.00117016]]', NULL, '0.6', '0.21'),
  ('166', '1', '4', '[123,[9946.1982,11338.414,0.00994873]]', NULL, '0.5', '0.21'),
  ('167', '15', '4', '[300,[772.11139,10483.121,0]]', NULL, '0.25', '0.21'),
  ('168', '9', '4', '[46,[2072.7871,299.8927,0.00143433]]', NULL, '0.5', '0.21'),
  ('169', '13', '4', '[93,[5962.1055,1078.1791,6.10352]]', NULL, '0.6', '0.21'),
  ('170', '32', '4', '[42,[6365.4731,11270.29,0]]', NULL, '0.5', '0.21'),
  ('171', '21', '4', '[28,[5953.3921,11337.747,0.00424194]]', NULL, '0.5', '0.21'),
  ('172', '13', '4', '[103,[11825.438,2588.1191,0.0188293]]', NULL, '0.6', '0.21'),
  ('173', '8', '4', '[106,[1786.9825,11949.147,0.00014782]]', NULL, '0.5', '0.21'),
  ('174', '13', '4', '[132,[12311.814,11033.296,0.0022583]]', NULL, '0.6', '0.21'),
  ('175', '13', '4', '[101,[5591.5513,8915.2783,0.0133638]]', NULL, '0.6', '0.21'),
  ('176', '13', '4', '[223,[7903.8716,3229.6731,0.0132484]]', NULL, '0.6', '0.21'),
  ('177', '13', '4', '[182,[8346.94,2458.27,0.0158215]]', NULL, '0.6', '0.21'),
  ('178', '21', '4', '[84,[8101.6929,2026.0935,0.0254517]]', NULL, '0.5', '0.21'),
  ('179', '1', '5', '[225,[6140,5668,0]]', 'Radovna', '0.7', '0.21'),
  ('180', '1', '5', '[0,[4029,7226,0]]', 'Arnoldstein', '0.7', '0.21'),
  ('181', '32', '5', '[270,[8601,4809,0]]', 'Lesce Airport', '0.7', '0.21'),
  ('182', '32', '5', '[180,[7920,1267,0]]', 'New Skooma', '0.7', '0.21'),
  ('183', '21', '5', '[110,[5394,3899,0]]', 'Ukanc', '0.7', '0.21'),
  ('184', '5', '5', '[140,[6053,5085,0]]', 'Radovna', '0.7', '0.21'),
  ('185', '5', '5', '[140,[4266,3929,0]]', 'Radovna', '0.7', '0.21'),
  ('187', '5', '5', '[140,[4265,3925,0]]', 'Krsnka Koca', '0.7', '0.21'),
  ('188', '5', '5', '[180,[7241,6009,0]]', 'Jesenice', '0.7', '0.21'),
  ('189', '5', '5', '[180,[5334,2567,0]]', 'Sela', '0.7', '0.21'),
  ('190', '20', '5', '[320,[4676,5020,0]]', 'Trenta', '0.7', '0.21'),
  ('191', '20', '5', '[180,[6741,1593,0]]', 'Belley', '0.7', '0.21'),
  ('192', '20', '5', '[0,[8718,3981,0]]', 'Kropa', '0.7', '0.21'),
  ('193', '8', '5', '[0,[7288,1369,0]]', 'Rockburn', '0.7', '0.21'),
  ('194', '20', '5', '[90,[3094,5878,0]]', 'Cave del Predil', '0.7', '0.21'),
  ('195', '20', '5', '[185,[6072,7455,0]]', 'Senzatoka', '0.7', '0.21'),
  ('196', '23', '5', '[275,[6752,6876,0]]', 'Kleinfort', '0.7', '0.21'),
  ('197', '23', '5', '[180,[6416,6210,0]]', 'Dovje', '0.7', '0.21'),
  ('198', '24', '5', '[180,[7922,1230,0]]', 'Hafen New Skooma', '0.7', '0.21'),
  ('199', '25', '5', '[180,[3465,2459,0]]', 'Bucht sdlich von Livek', '0.7', '0.21'),
  ('200', '24', '5', '[180,[3900,2214,0]]', 'Bucht bei Bolhovo', '0.7', '0.21'),
  ('201', '25', '5', '[180,[3197,4531,0]]', 'Landeinwrts Ende des Flusses', '0.7', '0.21'),
  ('202', '15', '5', '[0,[4141,7466,0]]', 'Nrdlichstes Airfield im Hangar', '0.7', '0.21'),
  ('203', '15', '5', '[315,[6921,793,0]]', 'Helipad im Sden', '0.7', '0.21'),
  ('204', '15', '5', '[0,[2674,3406,0]]', 'Helipad westliches AF', '0.7', '0.21'),
  ('205', '15', '5', '[270,[6702,7344,0]]', 'Firestation Rennstrecke', '0.7', '0.21'),
  ('206', '15', '5', '[180,[5573,4968,0]]', 'Dom Planika', '0.7', '0.21'),
  ('207', '13', '5', '[340,[4752,1864,0]]', 'Taff Grove', '0.7', '0.21'),
  ('208', '13', '5', '[335,[6530,3734,0]]', 'Boh. Bistrica', '0.7', '0.21'),
  ('209', '13', '5', '[180,[5052,6404,0]]', 'Kranjska Gora', '0.7', '0.21'),
  ('210', '13', '5', '[270,[8767,3107,0]]', 'Selca Leuchtturm', '0.7', '0.21'),
  ('211', '13', '5', '[90,[6672,394,0]]', 'Cato', '0.7', '0.21'),
  ('212', '13', '5', '[40,[5218,3867,0]]', 'Ukanc', '0.7', '0.21'),
  ('213', '18', '5', '[90,[5889,894,0]]', 'Tankstelle Zappado', '0.7', '0.21'),
  ('214', '18', '5', '[0,[7872,1567,0]]', 'Tankstelle New Skooma', '0.7', '0.21'),
  ('215', '18', '5', '[90,[7988,4925,0]]', 'Bled', '0.7', '0.21'),
  ('216', '1', '5', '[90,[3406,2473,0]]', 'Livek', '0.65', '0.21'),
  ('217', '1', '5', '[270,[8677,5631,0]]', '086|046', '0.65', '0.21'),
  ('218', '1', '5', '[270,[5007,5127,0]]', 'Trenta', '0.65', '0.21'),
  ('219', '34', '8', '[219,[4148.12,6579.55,3.866]]', NULL, '0.25', NULL),
  ('220', '4', '8', '[182,[4127.6,6703.51,0.00146484]]', NULL, '0.65', NULL),
  ('221', '4', '8', '[93,[3552.5,6675.55,0.00143433]]', NULL, '0.65', NULL),
  ('222', '32', '8', '[220,[3941.47,7595.37,0.00143814]]', NULL, '0.55', NULL),
  ('223', '32', '8', '[180,[5849.93,8659.4,0.00143814]]', NULL, '0.55', NULL),
  ('224', '22', '8', '[90,[4837.61,6145.8,0.00143814]]', NULL, '0.55', NULL),
  ('225', '31', '8', '[90,[7051.95,5777.77,0.00144196]]', NULL, '0.55', NULL),
  ('226', '22', '8', '[180,[7894.81,7718.42,0.00142384]]', NULL, '0.55', NULL),
  ('227', '31', '8', '[52,[7358.11,7984.73,0.00138092]]', NULL, '0.55', NULL),
  ('228', '32', '8', '[351,[7685.47,8729.3,0.00157166]]', NULL, '0.55', NULL),
  ('229', '4', '8', '[23,[5975.07,6690.23,0.00141525]]', NULL, '0.65', NULL),
  ('230', '31', '8', '[255,[5748.33,9844.07,0.00140762]]', NULL, '0.55', NULL),
  ('231', '19', '8', '[296,[8252.9,10792.1,0.00143909]]', NULL, '0.75', NULL),
  ('232', '13', '8', '[22,[8957.08,10629.1,0.00132465]]', NULL, '0.95', NULL),
  ('233', '24', '8', '[110,[9134.51,10091.7,4.11368]]', NULL, '0.55', NULL),
  ('234', '13', '8', '[81,[7209.53,10848.4,0.00142956]]', NULL, '0.95', NULL),
  ('235', '22', '8', '[270,[6739.51,11323.5,0.00143909]]', NULL, '0.55', NULL),
  ('236', '31', '8', '[74,[7029.23,11540.7,0.00143909]]', NULL, '0.55', NULL),
  ('237', '13', '8', '[11,[6665.94,11022.5,0.00143909]]', NULL, '0.95', NULL),
  ('238', '31', '8', '[278,[5796.78,10761.3,0.00142288]]', NULL, '0.55', NULL),
  ('239', '4', '8', '[203,[4849.06,10858.9,0.00143909]]', NULL, '0.65', NULL),
  ('240', '4', '8', '[280,[4418.92,10748.9,0.00143909]]', NULL, '0.65', NULL),
  ('241', '35', '8', '[47,[4521,11230,3.81583]]', NULL, '0.25', NULL),
  ('242', '25', '8', '[55,[4525.93,11255.1,0.001692]]', NULL, '0.55', NULL),
  ('243', '24', '8', '[92,[4387.41,11293.1,7.2188]]', NULL, '0.55', NULL),
  ('244', '24', '8', '[0,[4430.48,11303.5,8.4149]]', NULL, '0.55', NULL),
  ('245', '4', '8', '[250,[4090.02,9225.91,0.00144958]]', NULL, '0.65', NULL),
  ('246', '24', '8', '[180,[4306.51,4719.16,5.83564]]', NULL, '0.55', NULL),
  ('247', '13', '8', '[34,[2197.75,5762.33,0.00141096]]', NULL, '0.95', NULL),
  ('248', '25', '8', '[88,[2144.77,5754.73,1.84505]]', NULL, '0.55', NULL),
  ('249', '25', '8', '[245,[5031.6,6100.52,5.8214]]', NULL, '0.55', NULL),
  ('250', '13', '8', '[6,[4877.88,6215.15,0.00143814]]', NULL, '0.95', NULL),
  ('251', '25', '8', '[228,[6044.81,6760.48,2.24013]]', NULL, '0.55', NULL),
  ('252', '32', '8', '[126,[7647.15,7406.74,0.00144958]]', NULL, '0.55', NULL),
  ('253', '22', '8', '[1,[4991.09,8165.97,0.00148773]]', NULL, '0.55', NULL),
  ('254', '50', '9', '[42,[6065.28,2703.19,-0.0156651]]', NULL, '0.65', NULL),
  ('255', '51', '9', '[0,[10773.651,975.24237,0.23155731]]', NULL, '0.65', NULL),
  ('256', '52', '9', '[0,[8482.4492,8107.7109,-2.4795532e-005]]', NULL, '0.65', NULL),
  ('257', '49', '9', '[71,[2094.65,7619.18,-0.00772476]]', NULL, '0.65', NULL),
  ('258', '13', '9', '[0,[2319.8,1213.5911,4.0054321e-005]]', NULL, '0.65', NULL),
  ('259', '44', '9', '[360,[8516.86,2148.63,0.0001297]]', NULL, '0.65', NULL),
  ('260', '42', '9', '[35,[1671.69,2091.84,0.000419617]]', NULL, '0.65', NULL),
  ('261', '39', '9', '[81,[2360.87,1208.99,0.00244331]]', NULL, '0.65', NULL),
  ('262', '47', '9', '[310,[409.376,3768.02,-0.00925827]]', NULL, '0.65', NULL),
  ('263', '19', '9', '[152,[4736.75,3007.69,-1.33514e-005]]', NULL, '0.65', NULL),
  ('264', '11', '9', '[0,[1625.8889,2078.1746,1.335144e-005]]', NULL, '0.65', NULL),
  ('265', '41', '9', '[27,[367.971,3718.82,-6.67572e-005]]', NULL, '0.65', NULL),
  ('266', '13', '9', '[88,[6140.061,2629.8596,-3.8146973e-006]]', NULL, '0.65', NULL),
  ('267', '19', '9', '[120,[6078.4307,2745.4111,-3.0517578e-005]]', NULL, '0.65', NULL),
  ('268', '45', '9', '[7,[8918.93,2126.1,7.34329e-005]]', NULL, '0.65', NULL),
  ('269', '13', '9', '[0,[8923.083,2139.8386,-5.7220459e-006]]', NULL, '0.65', NULL),
  ('270', '15', '9', '[94,[8777.93,2076.05,-0.0491714]]', NULL, '0.65', NULL),
  ('271', '19', '9', '[0,[8843.0586,2538.1528,-1.9073486e-006]]', NULL, '0.65', NULL),
  ('272', '25', '9', '[299,[8613.07,2467.64,0.175663]]', NULL, '0.65', NULL),
  ('273', '19', '9', '[0,[8766.1475,2672.552,5.7220459e-006]]', NULL, '0.65', NULL),
  ('274', '26', '9', '[0,[6771.4668,3383.1628,0.084204674]]', NULL, '0.65', NULL),
  ('275', '15', '9', '[162,[7797.06,1508.78,0.0114393]]', NULL, '0.65', NULL),
  ('276', '13', '9', '[0,[10837.63,876.93933]]', NULL, '0.65', NULL),
  ('277', '48', '9', '[0,[7489.06,1447.57,0.0154333]]', NULL, '0.65', NULL),
  ('278', '13', '9', '[45,[10976.697,885.80438,9.5367432e-007]]', NULL, '0.65', NULL),
  ('279', '6', '9', '[149,[2629.24,4096.96,0.000131607]]', NULL, '0.65', NULL),
  ('280', '10', '9', '[27,[10973.6,906.303,-0.0132909]]', NULL, '0.65', NULL),
  ('281', '31', '9', '[33,[2437.44,4242.37,0]]', NULL, '0.65', NULL),
  ('282', '46', '9', '[210,[561.609,5010.75,5.91278e-005]]', NULL, '0.65', NULL),
  ('283', '47', '9', '[1,[583.873,4999.42,-0.0209208]]', NULL, '0.65', NULL),
  ('284', '40', '9', '[0,[657.07629,5135.0928,6.6757202e-006]]', NULL, '0.65', NULL),
  ('285', '12', '9', '[360,[8531.11,8107.91,0.00588608]]', NULL, '0.65', NULL),
  ('286', '38', '9', '[82,[8884.36,2633.27,0.12]]', NULL, '0.65', NULL),
  ('287', '43', '9', '[41,[6677.15,8072.63,3.8147e-006]]', NULL, '0.65', NULL),
  ('288', '19', '9', '[327,[6876.86,11167,2.76566e-005]]', NULL, '0.65', NULL),
  ('289', '11', '9', '[0,[3008.2402,11027.495]]', NULL, '0.65', NULL),
  ('290', '13', '9', '[0,[6852.0908,11166.002,-1.9073486e-006]]', NULL, '0.65', NULL),
  ('291', '36', '9', '[355,[2902.24,10913.6,-0.000387192]]', NULL, '0.65', NULL),
  ('292', '40', '9', '[39,[3072.7,11002.3,0.000118256]]', NULL, '0.65', NULL),
  ('293', '37', '9', '[360,[8852.78,2168.46,-1.90735e-006]]', NULL, '0.65', NULL),
  ('294', '33', '9', '[358,[10465.1,11582.3,-1.52588e-005]]', NULL, '0.65', NULL),
  ('295', '11', '9', '[274,[10446.7,11510.6,-0.00825787]]', NULL, '0.65', NULL),
  ('296', '15', '9', '[152,[10976,11109.1,-0.0227766]]', NULL, '0.65', NULL),
  ('297', '13', '9', '[0,[10507.803,10731.588,-5.3405762e-005]]', NULL, '0.65', NULL),
  ('298', '10', '9', '[0,[10478.332,10651.773,-4.0054321e-005]]', NULL, '0.65', NULL),
  ('299', '44', '9', '[0,[9081.3779,8934.1094]]', NULL, '0.65', NULL),
  ('301', '53', '1', '[2,[12010.7,12637.2,0]]', NULL, '0.25', NULL),
  ('302', '53', '1', '[113,[6880.2007,11454.291,0]]', NULL, '0.25', NULL),
  ('303', '54', '1', '[156,[7660.271,3982.0063,0]]', NULL, '0.3', NULL),
  ('304', '54', '1', '[-188,[7220.6538,9116.3428,0]]', NULL, '0.3', NULL),
  ('305', '54', '1', '[4,[13584.044,3199.9648,0]]', NULL, '0.3', NULL),
  ('306', '55', '1', '[252,[4530.52,10785.1,0]]', NULL, '0.999', NULL),
  ('307', '56', '1', '[162,[3702.04,6044.3101,0]]', NULL, '0.5', NULL),
  ('308', '56', '1', '[141,[11953.279,9107.3896,0]]', NULL, '0.5', NULL),
  ('309', '57', '1', '[71,[3708.5,5999.4199,0]]', NULL, '0.5', NULL),
  ('310', '57', '1', '[322,[7201.5181,3034.3232,0]]', NULL, '0.5', NULL),
  ('564', '91', '10', '[242,[10291.3,18354.9,-0.180809]]', '', '0.7', '0.34'),
  ('565', '29', '10', '[354,[10951,17800.9,0.0223007]]', '', '0.7', '0.34'),
  ('566', '29', '10', '[162,[10922.9,17345.1,0.0321388]]', '', '0.7', '0.34'),
  ('567', '81', '10', '[157,[10157.5,19150.1,0]]', '', '0.7', '0.34'),
  ('568', '18', '10', '[184,[10339.8,18663.9,0.0126953]]', '', '0.7', '0.34'),
  ('569', '30', '10', '[340,[10948.5,17206.8,0.0906601]]', '', '0.7', '0.34'),
  ('570', '3', '10', '[62,[10984.5,18950.9,-4.76837e-007]]', '', '0.7', '0.34'),
  ('571', '3', '10', '[339,[10270.8,17668.5,0.0456314]]', '', '0.7', '0.34'),
  ('572', '32', '10', '[204,[11211.6,18116,0.00648117]]', '', '0.7', '0.34'),
  ('573', '21', '10', '[243,[10228.8,18638.9,0.00063324]]', '', '0.7', '0.34'),
  ('574', '15', '10', '[293,[9964.81,18664.9,0.00174713]]', '', '0.7', '0.34'),
  ('575', '55', '10', '[313,[10490,17603.4,-0.629063]]', '', '0.7', '0.34'),
  ('576', '55', '10', '[176,[10090.7,18410.8,-0.674576]]', '', '0.7', '0.34'),
  ('577', '55', '10', '[245,[10177.2,18598.8,-0.671776]]', '', '0.7', '0.34'),
  ('578', '89', '10', '[327,[11099.5,18673.8,0]]', '', '0.7', '0.34'),
  ('579', '14', '10', '[319,[10633.1,17340.5,0.00105286]]', '', '0.7', '0.34'),
  ('580', '81', '10', '[170,[10117.2,19008.2,0]]', '', '0.7', '0.34'),
  ('581', '90', '10', '[85,[9962.75,18923,0.00149536]]', '', '0.7', '0.34'),
  ('582', '81', '10', '[95,[10306.9,16804,0]]', '', '0.7', '0.34'),
  ('583', '81', '10', '[131,[8788.46,19497.9,0.0118561]]', '', '0.7', '0.34'),
  ('584', '3', '10', '[349,[11036.6,16840.4,0.0015564]]', '', '0.7', '0.34'),
  ('585', '58', '10', '[316,[8778.47,19045.2,-0.00346375]]', '', '0.7', '0.34'),
  ('586', '25', '10', '[92,[11698.8,18823.9,-0.338678]]', '', '0.7', '0.34'),
  ('587', '25', '10', '[112,[11680.8,18691.2,-0.360215]]', '', '0.7', '0.34'),
  ('588', '29', '10', '[317,[7474.65,4423.4,-0.00769424]]', '', '0.7', '0.34'),
  ('589', '29', '10', '[277,[9057.16,2530.97,-0.0063858]]', '', '0.7', '0.34'),
  ('590', '29', '10', '[134,[9135.33,7964.65,-0.00769043]]', '', '0.7', '0.34'),
  ('591', '29', '10', '[95,[4019.75,6695.92,-0.00769424]]', '', '0.7', '0.34'),
  ('592', '29', '10', '[220,[13403,8635.49,-0.00769043]]', '', '0.7', '0.34'),
  ('593', '29', '10', '[66,[5822.55,8464.95,-0.00753784]]', '', '0.7', '0.34'),
  ('594', '29', '10', '[56,[12022.2,15220.1,-0.00769806]]', '', '0.7', '0.34'),
  ('595', '29', '10', '[318,[14163.5,12404.8,-0.00769424]]', '', '0.7', '0.34'),
  ('596', '29', '10', '[0,[15257.5,9471.55,-0.00769615]]', '', '0.7', '0.34'),
  ('597', '29', '10', '[70,[17359,7417.03,-0.00769043]]', '', '0.7', '0.34'),
  ('598', '29', '10', '[189,[12614,11897.5,-0.00769806]]', '', '0.7', '0.34'),
  ('599', '29', '10', '[57,[16971.7,12787.1,-0.00769615]]', '', '0.7', '0.34'),
  ('600', '29', '10', '[304,[11371.1,1101.07,-0.00540161]]', '', '0.7', '0.34'),
  ('601', '81', '10', '[92,[6514.76,8748.42,0.0316048]]', '', '0.7', '0.34'),
  ('602', '81', '10', '[233,[4727.36,8095.94,7.62939e-006]]', '', '0.7', '0.34'),
  ('603', '81', '10', '[131,[5224.73,6274.16,0.00038147]]', '', '0.7', '0.34'),
  ('604', '81', '10', '[131,[10011.1,7181.43,0.00144958]]', '', '0.7', '0.34'),
  ('605', '81', '10', '[120,[6510.3,5542.96,0.000148773]]', '', '0.7', '0.34'),
  ('606', '81', '10', '[131,[7768.96,4579.06,0]]', '', '0.7', '0.34'),
  ('607', '81', '10', '[320,[13427.7,8644.56,0]]', '', '0.7', '0.34'),
  ('608', '81', '10', '[178,[15123.8,9375.95,0]]', '', '0.7', '0.34'),
  ('609', '81', '10', '[169,[16213.3,14955.3,0.0228539]]', '', '0.7', '0.34'),
  ('610', '81', '10', '[45,[7706.79,4174.13,0]]', '', '0.7', '0.34'),
  ('611', '81', '10', '[360,[15355.2,9831.41,3.05176e-005]]', '', '0.7', '0.34'),
  ('612', '81', '10', '[333,[12887.8,13419.6,0.02285]]', '', '0.7', '0.34'),
  ('613', '81', '10', '[131,[8395.68,3332.51,0.000270844]]', '', '0.7', '0.34'),
  ('614', '81', '10', '[296,[15925.3,8918.18,0.00468254]]', '', '0.7', '0.34'),
  ('615', '81', '10', '[131,[14267.7,11740.5,0.00571442]]', '', '0.7', '0.34'),
  ('616', '81', '10', '[167,[11115.6,16432.1,0]]', '', '0.7', '0.34'),
  ('617', '81', '10', '[50,[9682.93,5836.99,0.0102997]]', '', '0.7', '0.34'),
  ('618', '81', '10', '[147,[10770.1,2291.05,0.00911713]]', '', '0.7', '0.34'),
  ('619', '81', '10', '[146,[8233.2,3557.05,0.00823021]]', '', '0.7', '0.34'),
  ('620', '81', '10', '[154,[14631.3,18568.4,0.00568962]]', '', '0.7', '0.34'),
  ('621', '81', '10', '[357,[15333,16325.5,0]]', '', '0.7', '0.34'),
  ('622', '81', '10', '[179,[14983.5,9843.48,0]]', '', '0.7', '0.34'),
  ('623', '81', '10', '[131,[11717.7,14820.3,0]]', '', '0.7', '0.34'),
  ('624', '81', '10', '[160,[14953.7,17686.2,0.0230598]]', '', '0.7', '0.34'),
  ('625', '81', '10', '[124,[11765.8,15295.7,0]]', '', '0.7', '0.34'),
  ('626', '81', '10', '[193,[16535.6,12305.2,0.0189724]]', '', '0.7', '0.34'),
  ('627', '81', '10', '[58,[13973.5,12345.3,0]]', '', '0.7', '0.34'),
  ('628', '81', '10', '[0,[13233.2,12143.6,0.0196762]]', '', '0.7', '0.34'),
  ('629', '81', '10', '[183,[17595.4,6287.17,0.00100708]]', '', '0.7', '0.34'),
  ('630', '81', '10', '[131,[16712.8,8479.33,0.0872345]]', '', '0.7', '0.34'),
  ('631', '81', '10', '[1,[12873.5,12944.9,0]]', '', '0.7', '0.34'),
  ('632', '81', '10', '[143,[15653,10009.4,0]]', '', '0.7', '0.34'),
  ('633', '81', '10', '[143,[12961.6,14013.4,0]]', '', '0.7', '0.34'),
  ('634', '18', '10', '[132,[7808.4,4330.21,0]]', '', '0.7', '0.34'),
  ('635', '18', '10', '[66,[17398.7,6512.27,0.0234985]]', '', '0.7', '0.34'),
  ('636', '18', '10', '[183,[15569,8258.74,0.141594]]', '', '0.7', '0.34'),
  ('637', '18', '10', '[158,[17167.2,7767.53,0.0743866]]', '', '0.7', '0.34'),
  ('638', '18', '10', '[158,[12452.1,14354.7,0]]', '', '0.7', '0.34'),
  ('639', '18', '10', '[128,[16412.7,8723.52,0.151649]]', '', '0.7', '0.34'),
  ('640', '18', '10', '[214,[16459,12013.3,0.00720406]]', '', '0.7', '0.34'),
  ('641', '18', '10', '[278,[15560.1,16005.2,0.00566101]]', '', '0.7', '0.34'),
  ('642', '18', '10', '[76,[13169.2,19343.8,0.0113888]]', '', '0.7', '0.34'),
  ('643', '18', '10', '[158,[11545.9,15615.5,0]]', '', '0.7', '0.34'),
  ('644', '18', '10', '[84,[12838.6,11940.6,0]]', '', '0.7', '0.34'),
  ('645', '18', '10', '[181,[14907.1,9766.22,0]]', '', '0.7', '0.34'),
  ('646', '18', '10', '[158,[17324.2,7421.05,-0.102005]]', '', '0.7', '0.34'),
  ('647', '18', '10', '[158,[5179.3,8106.45,0.00350952]]', '', '0.7', '0.34'),
  ('648', '18', '10', '[113,[7495.9,8301.67,0.00138855]]', '', '0.7', '0.34'),
  ('649', '18', '10', '[128,[9141,8111.72,0]]', '', '0.7', '0.34'),
  ('650', '18', '10', '[303,[5915.2,5921.79,1.90735e-005]]', '', '0.7', '0.34'),
  ('651', '18', '10', '[130,[7652.84,4086.29,0]]', '', '0.7', '0.34'),
  ('652', '7', '10', '[203,[10693.7,6536.87,0.0229568]]', '', '0.7', '0.34'),
  ('653', '9', '10', '[157,[8047.39,8636.07,0.00374603]]', '', '0.7', '0.34'),
  ('654', '77', '10', '[158,[5482.39,8202.6,0.0140457]]', '', '0.7', '0.34'),
  ('655', '8', '10', '[349,[5570.72,6114.17,8.7738e-005]]', '', '0.7', '0.34'),
  ('656', '30', '10', '[318,[6888.35,5214.03,0.00019455]]', '', '0.7', '0.34'),
  ('657', '30', '10', '[225,[7839.55,4494.92,0]]', '', '0.7', '0.34'),
  ('658', '30', '10', '[140,[8652.84,3068.12,0.00364494]]', '', '0.7', '0.34'),
  ('659', '30', '10', '[128,[7167.82,8533.28,0.00255585]]', '', '0.7', '0.34'),
  ('660', '30', '10', '[120,[16354.1,13180.9,0.0191612]]', '', '0.7', '0.34'),
  ('661', '30', '10', '[158,[8211.36,6154.37,0.0160217]]', '', '0.7', '0.34'),
  ('662', '30', '10', '[208,[9050.35,7881.65,0]]', '', '0.7', '0.34'),
  ('663', '30', '10', '[215,[16175.9,10431.5,0.0055275]]', '', '0.7', '0.34'),
  ('664', '30', '10', '[182,[15113.4,9929.65,0.137263]]', '', '0.7', '0.34'),
  ('665', '30', '10', '[134,[11133.3,1959.98,0.000549316]]', '', '0.7', '0.34'),
  ('666', '30', '10', '[144,[8542.64,3162.03,0.000202179]]', '', '0.7', '0.34'),
  ('667', '30', '10', '[295,[13424,8648.58,0]]', '', '0.7', '0.34'),
  ('668', '30', '10', '[179,[15252.8,9215.89,0]]', '', '0.7', '0.34'),
  ('669', '77', '10', '[126,[7214.78,4930.56,0.00031662]]', '', '0.7', '0.34'),
  ('670', '8', '10', '[140,[8275.1,3476.29,0.00530815]]', '', '0.7', '0.34'),
  ('671', '7', '10', '[271,[16905.2,6272.22,0.00584412]]', '', '0.7', '0.34'),
  ('672', '77', '10', '[143,[10510.9,2562.58,0.0067749]]', '', '0.7', '0.34'),
  ('673', '8', '10', '[147,[9604.49,4852.59,0.00148773]]', '', '0.7', '0.34'),
  ('674', '77', '10', '[91,[11172.7,15990.7,0]]', '', '0.7', '0.34'),
  ('675', '8', '10', '[181,[12874.6,13155.3,0]]', '', '0.7', '0.34'),
  ('676', '9', '10', '[185,[16062.1,15670.4,0.0116997]]', '', '0.7', '0.34'),
  ('677', '77', '10', '[180,[16259.6,11102.7,0.0425148]]', '', '0.7', '0.34'),
  ('678', '8', '10', '[87,[17370.6,7346.27,0]]', '', '0.7', '0.34'),
  ('679', '19', '10', '[271,[12152.6,14950.1,0.0159607]]', '', '0.7', '0.34'),
  ('680', '19', '10', '[311,[12435,15202.6,0.00318909]]', '', '0.7', '0.34'),
  ('681', '19', '10', '[277,[13670.5,13096.8,0.00578308]]', '', '0.7', '0.34'),
  ('682', '19', '10', '[222,[13162.4,13622.9,0.00712585]]', '', '0.7', '0.34'),
  ('683', '19', '10', '[293,[13364.2,13315.5,0.0142212]]', '', '0.7', '0.34'),
  ('684', '19', '10', '[250,[13268.5,19505.5,0.0949459]]', '', '0.7', '0.34'),
  ('685', '19', '10', '[332,[12080.8,19157.7,0.0564194]]', '', '0.7', '0.34'),
  ('686', '19', '10', '[283,[8596.41,19476.3,0.0055542]]', '', '0.7', '0.34'),
  ('687', '19', '10', '[293,[8411.4,19204.7,0.125671]]', '', '0.7', '0.34'),
  ('688', '19', '10', '[293,[1663.18,7532.56,0.00292587]]', '', '0.7', '0.34'),
  ('689', '19', '10', '[2,[2249.73,7592.62,0.0450172]]', '', '0.7', '0.34'),
  ('690', '19', '10', '[272,[1519.11,7133.55,0.141129]]', '', '0.7', '0.34'),
  ('691', '19', '10', '[293,[1680.76,6870.38,0.0112076]]', '', '0.7', '0.34'),
  ('692', '19', '10', '[201,[5554.78,6028.8,3.8147e-005]]', '', '0.7', '0.34'),
  ('693', '19', '10', '[31,[4594.34,6231.05,0.0142784]]', '', '0.7', '0.34'),
  ('694', '20', '10', '[315,[7374.36,4759.34,-0.000656128]]', '', '0.7', '0.34'),
  ('695', '20', '10', '[44,[7710.61,4611.11,-0.000656128]]', '', '0.7', '0.34'),
  ('696', '20', '10', '[128,[7716.36,3906.45,-0.000656128]]', '', '0.7', '0.34'),
  ('697', '20', '10', '[274,[13456,8603.68,-0.000671387]]', '', '0.7', '0.34'),
  ('698', '20', '10', '[2,[14879.6,9330.99,-0.000658035]]', '', '0.7', '0.34'),
  ('699', '3', '10', '[315,[11508.4,1262.49,0.0632362]]', '', '0.7', '0.34'),
  ('700', '3', '10', '[330,[9883.54,3139.64,0.0131836]]', '', '0.7', '0.34'),
  ('701', '3', '10', '[237,[11825,1411.95,0.0010252]]', '', '0.7', '0.34'),
  ('702', '3', '10', '[274,[13190.3,8792.78,0]]', '', '0.7', '0.34'),
  ('703', '3', '10', '[134,[13450.8,8605.12,0]]', '', '0.7', '0.34'),
  ('704', '3', '10', '[339,[10688.8,11734,0.550781]]', '', '0.7', '0.34'),
  ('705', '3', '10', '[191,[16826.5,8195.05,0.00675964]]', '', '0.7', '0.34'),
  ('706', '3', '10', '[184,[15012.4,15616.1,0.00805664]]', '', '0.7', '0.34'),
  ('707', '3', '10', '[293,[18394.7,5052.93,0.106243]]', '', '0.7', '0.34'),
  ('708', '3', '10', '[273,[17564.7,6309.81,0]]', '', '0.7', '0.34'),
  ('709', '3', '10', '[181,[16446.6,11620.8,0]]', '', '0.7', '0.34'),
  ('710', '3', '10', '[293,[13174.2,13260.9,0.0268364]]', '', '0.7', '0.34'),
  ('711', '3', '10', '[292,[12478,13860,0]]', '', '0.7', '0.34'),
  ('712', '3', '10', '[270,[14688.2,10835.4,0.0373383]]', '', '0.7', '0.34'),
  ('713', '3', '10', '[318,[9711.47,1983.53,0.00771332]]', '', '0.7', '0.34'),
  ('714', '3', '10', '[25,[5711.09,5851.74,0.0101013]]', '', '0.7', '0.34'),
  ('715', '3', '10', '[233,[9015.01,7405.48,0.021965]]', '', '0.7', '0.34'),
  ('716', '3', '10', '[320,[2799.21,7081.33,0.0408325]]', '', '0.7', '0.34'),
  ('717', '3', '10', '[315,[7649.58,21950.5,0.0791931]]', '', '0.7', '0.34'),
  ('718', '3', '10', '[293,[11398.1,15315.9,0]]', '', '0.7', '0.34'),
  ('719', '3', '10', '[293,[15651.9,9659.04,-0.102001]]', '', '0.7', '0.34'),
  ('720', '3', '10', '[350,[16812.2,6297.74,0.00746155]]', '', '0.7', '0.34'),
  ('721', '32', '10', '[179,[9082.64,21516.1,0.116533]]', '', '0.7', '0.34'),
  ('722', '32', '10', '[266,[12963.3,11995.9,0.0131302]]', '', '0.7', '0.34'),
  ('723', '32', '10', '[293,[3807.23,7246.74,0]]', '', '0.7', '0.34'),
  ('724', '32', '10', '[55,[4034.12,7745.7,6.10352e-005]]', '', '0.7', '0.34'),
  ('725', '32', '10', '[43,[5856.52,8621.12,0.00302887]]', '', '0.7', '0.34'),
  ('726', '32', '10', '[221,[17118.1,7807.23,0.0652618]]', '', '0.7', '0.34'),
  ('727', '32', '10', '[91,[15039.7,14824.6,0.00798798]]', '', '0.7', '0.34'),
  ('728', '32', '10', '[259,[16347.1,7414.9,0.137238]]', '', '0.7', '0.34'),
  ('729', '32', '10', '[359,[13414.2,8651.67,1.52588e-005]]', '', '0.7', '0.34'),
  ('730', '32', '10', '[273,[15457.5,9795.01,0.0424709]]', '', '0.7', '0.34'),
  ('731', '32', '10', '[272,[16283.9,10041.2,0.00337219]]', '', '0.7', '0.34'),
  ('732', '32', '10', '[2,[16335.7,10544.5,0]]', '', '0.7', '0.34'),
  ('733', '32', '10', '[259,[7742.34,7074.12,0.0001297]]', '', '0.7', '0.34'),
  ('734', '32', '10', '[243,[8374.7,5813.29,0.0271759]]', '', '0.7', '0.34'),
  ('735', '32', '10', '[181,[16465.9,14267.1,0]]', '', '0.7', '0.34'),
  ('736', '32', '10', '[3,[15151.9,9366.48,0]]', '', '0.7', '0.34'),
  ('737', '32', '10', '[307,[9534.39,7782.44,0]]', '', '0.7', '0.34'),
  ('738', '32', '10', '[293,[11570.2,15115.9,0]]', '', '0.7', '0.34'),
  ('739', '32', '10', '[293,[13297.6,12424.3,0.00325775]]', '', '0.7', '0.34'),
  ('740', '32', '10', '[47,[10099,2944.08,0.0168152]]', '', '0.7', '0.34'),
  ('741', '32', '10', '[319,[8721.09,2951.82,0.00160789]]', '', '0.7', '0.34'),
  ('742', '32', '10', '[308,[6124.46,5807.65,0]]', '', '0.7', '0.34'),
  ('743', '21', '10', '[314,[7756.23,4266.02,0]]', '', '0.7', '0.34'),
  ('744', '21', '10', '[271,[2168,7026.63,0.000202179]]', '', '0.7', '0.34'),
  ('745', '21', '10', '[359,[2129.33,7064.36,0.0020256]]', '', '0.7', '0.34'),
  ('746', '21', '10', '[275,[16448.8,9219.42,0.146385]]', '', '0.7', '0.34'),
  ('747', '23', '10', '[293,[15137.8,10164.2,0]]', '', '0.7', '0.34'),
  ('748', '90', '10', '[72,[17214.1,5605.34,-0.00038147]]', '', '0.7', '0.34'),
  ('749', '21', '10', '[293,[17380.9,5111.01,0.0486755]]', '', '0.7', '0.34'),
  ('750', '21', '10', '[360,[9630.26,4229.79,0]]', '', '0.7', '0.34'),
  ('751', '21', '10', '[5,[6760.29,9811.86,0.0148087]]', '', '0.7', '0.34'),
  ('752', '21', '10', '[358,[9628.1,4417.41,0]]', '', '0.7', '0.34'),
  ('753', '21', '10', '[151,[16695.3,10633.4,0]]', '', '0.7', '0.34'),
  ('754', '21', '10', '[360,[3888.82,6974.72,0]]', '', '0.7', '0.34'),
  ('755', '29', '10', '[360,[9303.53,4234.05,-0.00769806]]', '', '0.7', '0.34'),
  ('756', '29', '10', '[271,[9409.02,4633.06,-0.00769806]]', '', '0.7', '0.34'),
  ('757', '53', '10', '[293,[6739.95,8450.5,0.00347137]]', '', '0.7', '0.34'),
  ('758', '15', '10', '[271,[15123.8,9746.96,0]]', '', '0.7', '0.34'),
  ('759', '15', '10', '[183,[17514.7,5240.99,0.00959778]]', '', '0.7', '0.34'),
  ('760', '15', '10', '[132,[7747.75,4258.96,0]]', '', '0.7', '0.34'),
  ('761', '55', '10', '[221,[16613.3,11616.6,-0.674572]]', '', '0.7', '0.34'),
  ('762', '55', '10', '[339,[7197.96,8235.7,-0.667679]]', '', '0.7', '0.34'),
  ('763', '55', '10', '[216,[7469.84,8071.2,-0.678246]]', '', '0.7', '0.34'),
  ('764', '58', '10', '[118,[16014.9,8410.25,0.0563278]]', '', '0.7', '0.34'),
  ('765', '62', '10', '[137,[9612.94,2065.55,-0.0139961]]', '', '0.7', '0.34'),
  ('766', '23', '10', '[270,[2167.46,7018.76,0.000156403]]', '', '0.7', '0.34'),
  ('767', '58', '10', '[266,[3695.45,2348.44,0.293526]]', '', '0.7', '0.34'),
  ('768', '62', '10', '[293,[4927.72,8571.45,0.0936146]]', '', '0.7', '0.34'),
  ('769', '23', '10', '[293,[4558.08,6561.13,0.000110626]]', '', '0.7', '0.34'),
  ('770', '62', '10', '[91,[17374.2,7641.97,-0.0154572]]', '', '0.7', '0.34'),
  ('771', '23', '10', '[93,[13412.8,8656.76,1.52588e-005]]', '', '0.7', '0.34'),
  ('772', '58', '10', '[340,[9514.06,4977.89,-0.0154419]]', '', '0.7', '0.34'),
  ('773', '62', '10', '[216,[14227.3,19121.1,0.0452614]]', '', '0.7', '0.34'),
  ('774', '23', '10', '[265,[17085,6914.41,0.0455627]]', '', '0.7', '0.34'),
  ('775', '58', '10', '[129,[6218.76,9814.33,-0.00266266]]', '', '0.7', '0.34'),
  ('776', '62', '10', '[338,[4092.65,8087.38,0.104589]]', '', '0.7', '0.34'),
  ('777', '23', '10', '[217,[9454.04,5261.97,0.00300598]]', '', '0.7', '0.34'),
  ('778', '89', '10', '[199,[12525.9,11984,0]]', '', '0.7', '0.34'),
  ('779', '89', '10', '[293,[9351.74,15258.9,0.00850677]]', '', '0.7', '0.34'),
  ('780', '89', '10', '[310,[9251.79,2059.08,0.0140038]]', '', '0.7', '0.34'),
  ('781', '89', '10', '[271,[16503.3,9805.29,0]]', '', '0.7', '0.34'),
  ('782', '89', '10', '[219,[7489.96,8046.14,0.000335693]]', '', '0.7', '0.34'),
  ('783', '89', '10', '[54,[9704.19,4731.92,0.0215988]]', '', '0.7', '0.34'),
  ('784', '89', '10', '[273,[3503,7838.59,0]]', '', '0.7', '0.34'),
  ('785', '47', '10', '[342,[2130.2,7102.84,0.0467148]]', '', '0.7', '0.34'),
  ('786', '14', '10', '[1,[15129.4,9539.02,0.0100794]]', '', '0.7', '0.34'),
  ('787', '10', '10', '[342,[2141.89,7102.96,0.0446053]]', '', '0.7', '0.34'),
  ('788', '48', '10', '[343,[2137.76,7102.6,0.0414391]]', '', '0.7', '0.34'),
  ('789', '12', '10', '[341,[2133.69,7103.56,0.0480652]]', '', '0.7', '0.34'),
  ('790', '47', '10', '[342,[2126.66,7103.33,0.0381203]]', '', '0.7', '0.34'),
  ('791', '10', '10', '[122,[1867.53,7180.35,0.0412025]]', '', '0.7', '0.34'),
  ('792', '48', '10', '[91,[2236.42,7332.13,0.0434113]]', '', '0.7', '0.34'),
  ('793', '12', '10', '[227,[1977.12,7314.2,0.0414314]]', '', '0.7', '0.34'),
  ('794', '47', '10', '[325,[14276.1,11341.2,0.0357208]]', '', '0.7', '0.34'),
  ('795', '10', '10', '[154,[17485.7,5878.32,0.0465851]]', '', '0.7', '0.34'),
  ('796', '48', '10', '[90,[11995.8,14826.6,0.0642624]]', '', '0.7', '0.34'),
  ('797', '12', '10', '[91,[12786.3,12594.9,0.0311279]]', '', '0.7', '0.34'),
  ('798', '47', '10', '[294,[8427.57,3328.11,0.0574608]]', '', '0.7', '0.34'),
  ('799', '10', '10', '[90,[5415.58,6186.02,0.0469246]]', '', '0.7', '0.34'),
  ('800', '48', '10', '[339,[5298.04,8531.94,0.0501747]]', '', '0.7', '0.34'),
  ('801', '12', '10', '[62,[4288.17,7869.8,0.0450974]]', '', '0.7', '0.34'),
  ('802', '47', '10', '[293,[8058,6558.82,0.0485535]]', '', '0.7', '0.34'),
  ('803', '10', '10', '[1,[16414,11521.6,0.0345001]]', '', '0.7', '0.34'),
  ('804', '12', '10', '[91,[11200.6,15657.3,0.0419388]]', '', '0.7', '0.34'),
  ('805', '47', '10', '[183,[16510.8,8259.83,0.0452576]]', '', '0.7', '0.34'),
  ('806', '10', '10', '[79,[16100.5,14243.9,0.0524826]]', '', '0.7', '0.34'),
  ('807', '48', '10', '[31,[15075.9,15924.6,0.0644913]]', '', '0.7', '0.34'),
  ('808', '12', '10', '[90,[11175.4,15818.8,0.0353546]]', '', '0.7', '0.34'),
  ('809', '47', '10', '[293,[15589.7,9072.52,0.0452518]]', '', '0.7', '0.34'),
  ('810', '10', '10', '[91,[15733.3,9512.98,0.0452595]]', '', '0.7', '0.34'),
  ('811', '48', '10', '[91,[14683.8,9881.79,0.0452595]]', '', '0.7', '0.34'),
  ('812', '12', '10', '[315,[13419.4,8650.89,0.0454712]]', '', '0.7', '0.34'),
  ('813', '47', '10', '[3,[14528.9,9956.16,0.0452671]]', '', '0.7', '0.34'),
  ('814', '12', '10', '[91,[15001.5,9881.99,0.0452595]]', '', '0.7', '0.34'),
  ('815', '14', '10', '[269,[5979.19,9939.29,0.0100784]]', '', '0.7', '0.34'),
  ('816', '14', '10', '[318,[7468.45,4436.98,0.0100784]]', '', '0.7', '0.34'),
  ('817', '14', '10', '[292,[4299.27,7984.63,0.00423813]]', '', '0.7', '0.34'),
  ('818', '14', '10', '[293,[15248.2,9745.34,-0.0358782]]', '', '0.7', '0.34'),
  ('819', '14', '10', '[293,[15493.8,9881.16,0.0145454]]', '', '0.7', '0.34'),
  ('820', '14', '10', '[293,[9066.47,8118.34,0.0128784]]', '', '0.7', '0.34'),
  ('821', '14', '10', '[273,[16184.7,10004.8,0.0109634]]', '', '0.7', '0.34'),
  ('822', '14', '10', '[293,[17030.3,6246.27,0.0174866]]', '', '0.7', '0.34'),
  ('823', '14', '10', '[293,[15270.5,9511.31,0.0100775]]', '', '0.7', '0.34'),
  ('824', '14', '10', '[356,[16098.2,8204.98,0.125397]]', '', '0.7', '0.34'),
  ('825', '14', '10', '[171,[16231.9,14855.5,0.0170135]]', '', '0.7', '0.34'),
  ('826', '14', '10', '[359,[14889.9,17936.8,0.00637054]]', '', '0.7', '0.34'),
  ('827', '14', '10', '[293,[1425.62,7193.55,0.0614738]]', '', '0.7', '0.34'),
  ('828', '14', '10', '[294,[6193.01,1521.38,0.182577]]', '', '0.7', '0.34'),
  ('829', '14', '10', '[171,[8537.62,20142.9,0.0104523]]', '', '0.7', '0.34'),
  ('830', '14', '10', '[227,[14825.1,11901.1,0.0316849]]', '', '0.7', '0.34'),
  ('831', '14', '10', '[221,[14642.6,12337.7,0.0271759]]', '', '0.7', '0.34'),
  ('832', '14', '10', '[232,[16447.9,12912.2,0.032845]]', '', '0.7', '0.34'),
  ('833', '14', '10', '[294,[8296.59,6950.21,0.253869]]', '', '0.7', '0.34'),
  ('834', '14', '10', '[6,[6532.7,9966.24,0.0240402]]', '', '0.7', '0.34'),
  ('835', '14', '10', '[340,[2123.28,7102.89,0.00970459]]', '', '0.7', '0.34'),
  ('836', '65', '10', '[180,[16116.4,13812.2,-0.000217438]]', '', '0.7', '0.34'),
  ('837', '65', '10', '[200,[17477.2,12276.4,0.0108566]]', '', '0.7', '0.34'),
  ('838', '65', '10', '[324,[4629.23,8336.25,0.10837]]', '', '0.7', '0.34'),
  ('839', '65', '10', '[273,[6671.33,8720.9,0.0102539]]', '', '0.7', '0.34'),
  ('840', '65', '10', '[293,[7600.95,4315.18,-0.000370026]]', '', '0.7', '0.34'),
  ('841', '65', '10', '[309,[9290.08,8222.67,-0.00038147]]', '', '0.7', '0.34'),
  ('842', '65', '10', '[311,[10295.3,6320.12,0.0368347]]', '', '0.7', '0.34'),
  ('843', '65', '10', '[126,[7805.89,9122.92,0.00511932]]', '', '0.7', '0.34'),
  ('844', '65', '10', '[319,[8723.51,2986.67,0.00176048]]', '', '0.7', '0.34'),
  ('845', '65', '10', '[94,[9381.76,4272.11,-0.000366211]]', '', '0.7', '0.34'),
  ('846', '81', '10', '[266,[2160.29,7085.14,0.00204849]]', '', '0.7', '0.34'),
  ('847', '81', '10', '[272,[2236.44,7065.34,0.00204086]]', '', '0.7', '0.34'),
  ('848', '25', '10', '[144,[3722.14,2355.7,-0.544513]]', '', '0.7', '0.34'),
  ('849', '25', '10', '[273,[11932.6,20890.1,-0.530017]]', '', '0.7', '0.34'),
  ('850', '25', '10', '[179,[11920.5,20888.2,-0.55589]]', '', '0.7', '0.34'),
  ('851', '82', '10', '[145,[15725.9,13419.4,0.0174866]]', '', '0.7', '0.34'),
  ('852', '25', '10', '[85,[13425.4,4308.68,-0.535668]]', '', '0.7', '0.34'),
  ('853', '25', '10', '[85,[13713.5,2884.49,-0.517073]]', '', '0.7', '0.34'),
  ('854', '29', '10', '[185,[9694.08,4451.54,-0.00769806]]', '', '0.7', '0.34'),
  ('855', '29', '10', '[340,[9697.81,4446.22,-0.00769806]]', '', '0.7', '0.34'),
  ('856', '58', '10', '[155,[9885.42,3154.16,-0.00692749]]', '', '0.7', '0.34'),
  ('857', '18', '10', '[110,[9887.89,3147.46,0.0118561]]', '', '0.7', '0.34'),
  ('858', '7', '10', '[310,[9897.35,3145.53,0.00969696]]', '', '0.7', '0.34'),
  ('859', '81', '10', '[345,[9900.03,3140.46,0.0110016]]', '', '0.7', '0.34'),
  ('860', '26', '10', '[330,[8542.83,6953.21,-0.608744]]', '', '0.7', '0.34'),
  ('861', '18', '10', '[90,[12262,15516.9,0]]', '', '0.7', '0.34'),
  ('862', '9', '10', '[87,[12158.4,15170.1,0.00104523]]', '', '0.7', '0.34'),
  ('863', '20', '10', '[90,[11822.1,15463.8,-0.00177765]]', '', '0.7', '0.34'),
  ('864', '10', '10', '[90,[11954.3,15065.7,0.0534363]]', '', '0.7', '0.34'),
  ('865', '25', '10', '[212,[10175.6,13971,-0.263998]]', '', '0.7', '0.34'),
  ('866', '25', '10', '[159,[10558.2,13938.9,-0.592891]]', '', '0.7', '0.34'),
  ('867', '25', '10', '[67,[10819.4,14116.8,-0.0761685]]', '', '0.7', '0.34'),
  ('868', '25', '10', '[241,[9526.37,14832.4,-0.440026]]', '', '0.7', '0.34'),
  ('869', '25', '10', '[281,[9509.38,14986.7,-0.416944]]', '', '0.7', '0.34'),
  ('870', '88', '10', '[220,[7940.75,5388.84,0.0183563]]', '', '0.7', '0.34'),
  ('871', '88', '10', '[135,[8950.19,3592.84,0.000854492]]', '', '0.7', '0.34'),
  ('872', '91', '10', '[218,[7722.66,7858.29,-0.184998]]', '', '0.7', '0.34'),
  ('873', '92', '1', '[122,[10137.868,12049.376,-6.1035156e-005]]', NULL, '0.25', NULL),
  ('874', '93', '1', '[0,[13441.056,12003.912,4.5776367e-005]]', NULL, '0.4', NULL),
  ('875', '94', '2', '[90,[5986.6792,7027.0684,4.863739e-005]]', NULL, '0.25', NULL),
  ('876', '55', '2', '[0,[3055.7537,6474.4546,-0.70897663]]', NULL, '0.65', NULL),
  ('877', '55', '2', '[180,[4318.3994,1878.7593,-0.66435003]]', NULL, '0.5', NULL),
  ('878', '53', '2', '[180,[1301.7004,1455.2246,-4.7683716e-006]]', NULL, '0.555', NULL),
  ('879', '53', '2', '[0,[6081.769,1671.0074,-1.0490417e-005]]', NULL, '0.555', NULL),
  ('880', '53', '2', '[150,[5508.1572,5060.7256,-1.2397766e-005]]', NULL, '0.555', NULL),
  ('881', '92', '2', '[180,[7519.2031,8273.2949,-2.1934509e-005]]', NULL, '0.5', NULL),
  ('882', '92', '2', '[90,[6952.7598,6430.978,9.5367432e-006]]', NULL, '0.5', NULL),
  ('883', '92', '2', '[90,[4183.8716,7572.7285,1.1444092e-005]]', NULL, '0.5', NULL),
  ('884', '54', '2', '[75,[3064.6106,7974.1719,-0.51635265]]', NULL, '0.5', NULL),
  ('885', '5', '11', '[218,[4360.09,1360.75,0.00139236]]', NULL, '1', NULL),
  ('886', '5', '11', '[69,[3455.6,633.581,0.00128365]]', NULL, '1', NULL),
  ('887', '12', '11', '[147,[4170.07,2601.66,0.00152397]]', NULL, '1', NULL),
  ('888', '12', '11', '[343,[4560.17,2901.06,0.00143242]]', NULL, '1', NULL),
  ('889', '12', '11', '[313,[2999.46,4005.91,0.00166893]]', NULL, '1', NULL),
  ('890', '5', '11', '[105,[2356.29,4681.93,0.00136566]]', NULL, '1', NULL),
  ('891', '12', '11', '[162,[1205.47,3225.73,0.00146484]]', NULL, '1', NULL),
  ('892', '5', '11', '[110,[1667.11,3051.92,0.00143814]]', NULL, '1', NULL),
  ('893', '5', '11', '[216,[741.253,2451.25,0.00143814]]', NULL, '1', NULL),
  ('894', '12', '11', '[150,[1107.99,4728.4,0.00143909]]', NULL, '1', NULL),
  ('895', '53', '12', '[357,[4380.51,8895.41,0.001]]', NULL, '0.59', NULL),
  ('896', '55', '12', '[180,[4347.28,9265.54,0.084]]', NULL, '0.5', NULL),
  ('897', '5', '12', '[6,[1743.411,5748.4785,0.00016784668]]', NULL, '0.7', NULL),
  ('898', '5', '12', '[17,[1750.7186,5749.0093,1.5258789e-005]]', NULL, '0.7', NULL),
  ('899', '5', '12', '[166,[4875.1318,7618.1313,-1.9073486e-005]]', NULL, '0.7', NULL),
  ('900', '5', '12', '[347,[6456.584,2267.022,-1.5258789e-005]]', NULL, '0.7', NULL),
  ('901', '5', '12', '[337,[5012.6519,5082.9287,-1.5258789e-005]]', NULL, '0.7', NULL),
  ('902', '56', '12', '[130,[1209.9349,7917.9858,1.5258789e-005]]', NULL, '0.72', NULL),
  ('903', '56', '12', '[182,[8435.72,5095.56,0.001]]', NULL, '0.72', NULL),
  ('904', '57', '12', '[356,[4248.8735,1890.5995,3.8146973e-006]]', NULL, '0.72', NULL),
  ('905', '57', '12', '[312,[9288.9326,4164.9165,3.8146973e-006]]', NULL, '0.72', NULL),
  ('906', '95', '12', '[79,[1707.5416,2695.47,3.0517578e-005]]', NULL, '0.78', NULL),
  ('907', '95', '12', '[158,[8490.25,3509.75,0.001]]', NULL, '0.78', NULL),
  ('908', '96', '12', '[89,[8485.89,4675.91,0.001]]', NULL, '1', NULL),
  ('909', '97', '12', '[-91,[9808.4111,9781.4395,1.5258789e-005]]', NULL, '0.78', NULL),
  ('910', '98', '12', '[-129,[1524.9277,7393.7603,0]]', NULL, '0.78', NULL),
  ('911', '58', '12', '[312,[1560.1385,7308.5776,-0.061935633]]', NULL, '0.75', NULL),
  ('912', '58', '12', '[224,[6882.1421,1675.225,-2.2888184e-005]]', NULL, '0.75', NULL),
  ('913', '58', '12', '[251,[7253.2622,3378.6277,2.2888184e-005]]', NULL, '0.75', NULL),
  ('914', '99', '12', '[263,[9471.5186,2632.8706,3.0517578e-005]]', NULL, '0.59', NULL),
  ('915', '93', '12', '[263,[7753.18,6037.44,0.001]]', NULL, '0.59', NULL),
  ('916', '54', '12', '[194,[9223.34,9905.49,0.001]]', NULL, '0.59', NULL),
  ('917', '13', '12', '[51,[2054.6228,3023.3125,0]]', NULL, '0.64', NULL),
  ('918', '13', '12', '[15,[5117.4453,4214.7856,3.8146973e-006,0]]', NULL, '0.64', NULL),
  ('919', '13', '12', '[211,[7321.8452,3374.7991,1.8146973e-006]]', NULL, '0.64', NULL),
  ('920', '13', '12', '[108,[4924.7495,7642.0996,7.6293945e-006]]', NULL, '0.64', NULL),
  ('921', '99', '12', '[227,[5042,4276.5322,-3.8146973e-006,0]]', NULL, '0.59', NULL),
  ('922', '99', '12', '[178,[7815.98,2224.75,0.001]]', NULL, '0.59', NULL),
  ('923', '99', '12', '[224,[7205.4194,6918.8848,3.8146973e-006]]', NULL, '0.59', NULL),
  ('924', '25', '12', '[251,[5409.1597,9000.8125,-0.061935633]]', NULL, '1', NULL),
  ('925', '25', '12', '[271,[3231.43,3469.04,0.001]]', NULL, '1', NULL),
  ('926', '25', '12', '[322,[1456.4495,9546.2178,-0.037422478]]', NULL, '1', NULL),
  ('927', '25', '12', '[184,[3198.1931,3470.3611,-0.12466601]]', NULL, '1', NULL),
  ('928', '25', '12', '[182,[3651.491,6920.1299,-0.11030695]]', NULL, '1', NULL),
  ('929', '25', '12', '[182,[3584.8032,6900.7397,0.15780739]]', NULL, '1', NULL),
  ('930', '25', '12', '[182,[4543.4072,7255.2817,-0.064389706]]', NULL, '1', NULL),
  ('931', '25', '12', '[182,[2094.144,8124.1089,0.16282895]]', NULL, '1', NULL),
  ('932', '25', '12', '[182,[6414.2158,8175.4214,-0.16484454]]', NULL, '1', NULL),
  ('933', '25', '12', '[182,[5848.9888,8024.4097,-0.13885543]]', NULL, '1', NULL),
  ('934', '25', '12', '[182,[5340.9038,8009.46,-0.047540933]]', NULL, '1', NULL),
  ('935', '25', '12', '[182,[4631.875,7770.9951,-0.10723543]]', NULL, '1', NULL),
  ('936', '25', '12', '[182,[5088.4731,6881.9619,-0.11727634]]', NULL, '1', NULL),
  ('937', '25', '12', '[182,[6966.3584,6755.5,-0.0059608817]]', NULL, '1', NULL),
  ('938', '25', '12', '[182,[8049.2544,8506.3066,-9.7990036e-005]]', NULL, '1', NULL),
  ('939', '25', '12', '[182,[4428.2676,6056.1694,0]]', NULL, '1', NULL),
  ('940', '100', '12', '[151,[7117.9419,6931.9429,3.8146973e-006]]', NULL, '0.59', NULL),
  ('941', '100', '12', '[123,[2979.083,3310.2827,7.6293945e-006]]', NULL, '0.59', NULL),
  ('942', '20', '12', '[159,[8114.57,6320.51,0]]', NULL, '0.69', NULL),
  ('943', '20', '12', '[64,[8020.3711,6302.4082,8.392334e-005]]', NULL, '0.69', NULL),
  ('944', '20', '12', '[12,[7973.2017,6307.0542,3.8146973e-005]]', NULL, '0.69', NULL),
  ('945', '20', '12', '[167,[8162.8818,6491.6909,8.392334e-005]]', NULL, '0.69', NULL),
  ('946', '8', '12', '[106,[8500.8057,6159.0762,2.2888184e-005]]', NULL, '0.68', NULL),
  ('947', '7', '12', '[165,[8463.0762,6296.7925,4.5776367e-005]]', NULL, '0.68', NULL),
  ('948', '9', '12', '[46,[8752.1797,5309.9009,1.5258789e-005]]', NULL, '0.69', NULL),
  ('949', '101', '12', '[132,[8490.8828,4999.3003,0]]', NULL, '1', NULL),
  ('950', '101', '12', '[284,[7833.9082,7684.7305,-3.8146973e-006]]', NULL, '1', NULL),
  ('951', '19', '12', '[213,[799.47467,2015.9839,1.9073486e-005]]', NULL, '0.7', NULL),
  ('952', '19', '12', '[21,[7246.8252,3374.0684,3.4332275e-005]]', NULL, '0.7', NULL),
  ('953', '12', '12', '[169,[3358.9548, 7150.1113,3.8146973e-006]]', NULL, '0.72', NULL),
  ('954', '12', '12', '[215,[4956.0283,4196.7695,0]]', NULL, '0.72', NULL),
  ('955', '12', '12', '[7,[8340.0908,3471.0654,0]]', NULL, '0.72', NULL),
  ('956', '12', '12', '[186,[9137.3906,4102.564,-6.4849854e-005]]', NULL, '0.72', NULL),
  ('957', '1', '12', '[130,[4930.2964,5747.2734,1.5258789e-005]]', NULL, '0.7', NULL),
  ('958', '1', '12', '[123,[2069.5313,3070.6426,-1.5258789e-005]]', NULL, '0.7', NULL),
  ('959', '1', '12', '[266,[8401.4082,3518.4219,3.0517578e-005]]', NULL, '0.7', NULL),
  ('960', '15', '12', '[234,[1726.5,7429.56,0.001]]', NULL, '0.59', NULL),
  ('961', '15', '12', '[271,[8487.4,5282.99,0.001]]', NULL, '0.59', NULL),
  ('962', '32', '12', '[0,[8411.13,4803.1,0.001]]', NULL, '0.67', NULL),
  ('963', '32', '12', '[334,[1708.3884,2693.572,1.5258789e-005]]', NULL, '0.67', NULL),
  ('964', '21', '12', '[64,[2970.2014,3495.2651,-5.7220459e-006]]', NULL, '0.66', NULL),
  ('965', '27', '12', '[204,[899.92743,1880.0015,3.8146973e-005]]', NULL, '0.71', NULL),
  ('966', '27', '12', '[356,[7820.2842,2307.7539,1.5258789e-005]]', NULL, '0.71', NULL),
  ('967', '5', '14', '[319,[7079.04,2384.41,0.001]]', NULL, '0.75', NULL),
  ('968', '102', '14', '[244,[3067.12,6049.15,0.001]]', NULL, '0.75', NULL),
  ('969', '5', '14', '[187,[6311.05,3011.38,0.001]]', NULL, '0.75', NULL),
  ('970', '19', '14', '[322,[8557.06,3271.87,0.001]]', NULL, '0.75', NULL),
  ('971', '15', '14', '[1,[5856.15,6152.95,0.082]]', NULL, '0.75', NULL),
  ('972', '18', '14', '[273,[3200.67,2663.46,0.001]]', NULL, '0.75', NULL),
  ('973', '18', '14', '[179,[5629.8,5241.39,0.001]]', NULL, '0.75', NULL),
  ('974', '12', '14', '[111,[1350.76,7709.48,0.001]]', NULL, '0.75', NULL),
  ('975', '15', '14', '[1,[4125.92,2142.68,0.082]]', NULL, '0.75', NULL),
  ('976', '7', '14', '[271,[5312.41,4637.68,0.001]]', NULL, '0.75', NULL),
  ('977', '21', '14', '[344,[4781.32,5202.23,0.001]]', NULL, '0.75', NULL),
  ('978', '1', '14', '[6,[1998.27,1180.25,0.001]]', NULL, '0.75', NULL),
  ('979', '32', '14', '[87,[4932.16,6644.79,0.001]]', NULL, '0.75', NULL),
  ('980', '23', '14', '[133,[5444.1,2618.43,0.001]]', NULL, '0.75', NULL),
  ('981', '13', '14', '[280,[6085.62,1085.74,0.001]]', NULL, '0.75', NULL),
  ('982', '13', '14', '[294,[8433.76,4582.39,0.002]]', NULL, '0.75', NULL),
  ('983', '13', '14', '[191,[3642.14,6373.97,0.001]]', NULL, '0.75', NULL),
  ('984', '13', '14', '[72,[4204.25,5931.08,0.001]]', NULL, '0.75', NULL),
  ('985', '1', '14', '[180,[8555.86,3201.93,0.001]]', NULL, '0.75', NULL),
  ('986', '15', '14', '[273,[9156.93,1223.25,0.001]]', NULL, '0.75', NULL),
  ('987', '19', '14', '[10,[4262.39,6825.31,0.001]]', NULL, '0.75', NULL),
  ('988', '9', '14', '[303,[6729.6,4169.59,0.001]]', NULL, '0.75', NULL),
  ('989', '13', '14', '[251,[3534.74,5155.14,0.001]]', NULL, '0.75', NULL),
  ('990', '8', '14', '[359,[4817.26,5104.12,0.001]]', NULL, '0.75', NULL),
  ('991', '25', '14', '[222,[9027.57,1459.93,20.651]]', NULL, '0.75', NULL),
  ('992', '13', '14', '[186,[1769.48,2072.96,0.001]]', NULL, '0.75', NULL),
  ('993', '102', '14', '[359,[4068.25,2157.1,0.001]]', NULL, '0.75', NULL),
  ('994', '102', '14', '[57,[7084.56,2392.1,13.093]]', NULL, '0.75', NULL),
  ('995', '102', '14', '[0,[5952.37,6116.48,0.082]]', NULL, '0.75', NULL),
  ('996', '58', '14', '[96,[4483.63,6717.29,0.001]]', NULL, '0.75', NULL),
  ('997', '58', '14', '[359,[5231.67,3363.97,0.001]]', NULL, '0.75', NULL),
  ('998', '58', '14', '[356,[8415.58,3369.29,0.001]]', NULL, '0.75', NULL),
  ('999', '69', '14', '[182,[1297.18,743.875,0.001]]', NULL, '0.75', NULL),
  ('1000', '69', '14', '[312,[1228.38,8801.06,0.001]]', NULL, '0.75', NULL),
  ('1001', '73', '14', '[131,[7479.44,6082.06,0.001]]', NULL, '0.75', NULL),
  ('1002', '73', '14', '[179,[8128.92,7004.63,0.001]]', NULL, '0.75', NULL),
  ('1003', '73', '14', '[271,[6798.2,7629.56,0.001]]', NULL, '0.75', NULL),
  ('1004', '73', '14', '[260,[4509.49,1486.43,0.001]]', NULL, '0.75', NULL),
  ('1005', '73', '14', '[308,[4472.49,2582.05,0.001]]', NULL, '0.75', NULL),
  ('1006', '73', '14', '[78,[3624.89,8076.16,0.002]]', NULL, '0.75', NULL),
  ('1007', '73', '14', '[233,[1456.64,7127.89,8.85e-04]]', NULL, '0.75', NULL),
  ('1008', '73', '14', '[350,[834.42,9077.37,0.001]]', NULL, '0.75', NULL),
  ('1009', '73', '14', '[350,[239,[8105.26,5678.54,0.001]]', NULL, '0.75', NULL),
  ('1010', '73', '14', '[68,[6093.32,7728.83,0.001]]', NULL, '0.75', NULL),
  ('1011', '55', '14', '[88,[4067.36,2192.8,0.001]]', NULL, '0.75', NULL),
  ('1012', '55', '14', '[331,[7283.27,2208.09,0.001]]', NULL, '0.75', NULL),
  ('1013', '13', '1', '[-85,[7553.4033,5166.4795,0]]', NULL, '0.999', NULL),
  ('1014', '14', '1', '[45,[3775.0356,2581.8835,-6.1988831e-006]]', NULL, '0', NULL),
  ('1015', '14', '1', '[145,[3806.6174,2599.3567,2.6226044e-005]]', NULL, '0', NULL),
  ('1016', '14', '1', '[-288,[3592.2278,2424.4521,-8.5830688e-006]]', NULL, '0', NULL),
  ('1017', '47', '1', '[-3,[3273.4275,4927.2148,-1.5258789e-005]]', NULL, '0', NULL),
  ('1018', '31', '1', '[91,[3285.4194,4912.7397,0]]', NULL, '0', NULL),
  ('1019', '23', '1', '[-48,[3400.542,4912.4956,-1.5258789e-005]]', NULL, '0', NULL),
  ('1020', '14', '1', '[-57,[3509.9658,4972.4209,-4.5776367e-005]]', NULL, '0', NULL),
  ('1021', '20', '1', '[18,[4176.1387,12105.325,0]]', NULL, '0', NULL),
  ('1022', '1', '1', '[-57,[5949.2549,10273.692,0.00015258789]]', NULL, '0', NULL),
  ('1023', '21', '1', '[-160,[5911.3301,10382.807,6.1035156e-005]]', NULL, '0', NULL),
  ('1024', '5', '1', '[42,[11342.836,12576.996,3.0517578e-005]]', NULL, '0', NULL),
  ('1025', '6', '1', '[-49,[11331.372,12553.339,-0.00022888184]]', NULL, '0', NULL),
  ('1026', '70', '1', '[176,[11564.142,10674.791,1.5258789e-005]]', NULL, '0', NULL),
  ('1027', '68', '1', '[-86,[12316.446,10692.626,-8.392334e-005]]', NULL, '0', NULL),
  ('1028', '74', '1', '[-175,[12283.883,10637.298,0]]', NULL, '0', NULL),
  ('1029', '16', '1', '[-70,[13152.617,10360.331,2.6226044e-005]]', NULL, '0', NULL),
  ('1030', '82', '1', '[179,[12972.49,9707.2432,1.9073486e-005]]', NULL, '0', NULL),
  ('1031', '103', '1', '[-81,[12880.91,9987.7305,9.059906e-006]]', NULL, '0', NULL),
  ('1032', '32', '1', '[-81,[12881.346,9992.6416,4.0054321e-005]]', NULL, '0', NULL),
  ('1033', '22', '1', '[193,[12697.407,9653.9131,3.8146973e-006]]', NULL, '0', NULL),
  ('1034', '30', '1', '[22,[12227.921,9532.54,4.9591064e-005]]', NULL, '0', NULL),
  ('1035', '65', '1', '[201,[12231.082,9531.4658,6.4849854e-005]]', NULL, '0', NULL),
  ('1036', '13', '1', '[-68,[12221.395,9515.3066,6.1035156e-005]]', NULL, '0', NULL),
  ('1037', '68', '1', '[199,[12236.792,9529.083,5.9127808e-005]]', NULL, '0', NULL),
  ('1038', '81', '1', '[-158,[12233.797,9530.1553,6.2942505e-005]]', NULL, '0', NULL),
  ('1039', '18', '1', '[-134,[12079.923,9021.1172,0.0001077652]]', NULL, '0', NULL),
  ('1040', '104', '1', '[2,[6114.1606,6638.917,9.1552734e-005]]', NULL, '0', NULL),
  ('1041', '105', '1', '[0,[6080.6074,5245.3237,0]]', NULL, '0', NULL),
  ('1042', '106', '1', '[0,[5908.9541,3897.0596,6.1035156e-005]]', NULL, '0', NULL),
  ('1043', '107', '1', '[0,[11277.121,6591.5894,3.0517578e-005]]', NULL, '0', NULL),
  ('1044', '108', '1', '[0,[7014.3433,3073.9739,0]]', NULL, '0', NULL),
  ('1045', '109', '1', '[0,[7007.3423,2774.4648,-4.5776367e-005]]', NULL, '0', NULL),
  ('1046', '110', '1', '[0,[5293.2178,8669.2334,0]]', NULL, '0', NULL),
  ('1047', '111', '1', '[0,[10344.022,1961.476,0.00010681152]]', NULL, '0', NULL),
  ('1048', '112', '1', '[0,[7545.3135,6277.8677,-7.6293945e-005]]', NULL, '0', NULL),
  ('1049', '113', '1', '[0,[7705.2373,5705.4487,0]]', NULL, '0', NULL),
  ('1050', '114', '1', '[0,[8976.0313,7093.5933,0]]', NULL, '0', NULL),
  ('1051', '115', '1', '[0,[10125.62,7076.603,-3.0517578e-005]]', NULL, '0', NULL),
  ('1052', '116', '1', '[0,[9365.1768,10339.259,1.5258789e-005]]', NULL, '0', NULL),
  ('1053', '117', '1', '[0,[6611.2485,2952.5107,-1.5258789e-005]]', NULL, '0', NULL),
  ('1054', '118', '1', '[0,[5223.335,3730.4231,0]]', NULL, '0', NULL),
  ('1055', '119', '1', '[0,[8176.0034,6064.7891,0]]', NULL, '0', NULL),
  ('1056', '120', '1', '[0,[6775.4307,3073.9094,-1.5258789e-005]]', NULL, '0', NULL),
  ('1057', '121', '1', '[0,[2533.5959,6217.5142,0]]', NULL, '0', NULL),
  ('1058', '40', '1', '[0,[6037.7891,10294.385,0]]', NULL, '0', NULL),
  ('1059', '38', '1', '[0,[3117.7261,7987.7251,-1.5258789e-005]]', NULL, '0', NULL),
  ('1060', '39', '1', '[0,[6323.8286,6164.0942,0]]', NULL, '0', NULL),
  ('1061', '41', '1', '[0,[3000.4058,7593.6055,0]]', NULL, '0', NULL),
  ('1062', '122', '1', '[0,[5938.001,5588.9189,1.5258789e-005]]', NULL, '0', NULL),
  ('1063', '81', '1', '[0,[4480.3306,4609.5073,-1.5258789e-005]]', NULL, '0', NULL),
  ('1064', '123', '1', '[0,[6317.3306,6311.5054,4.5776367e-005]]', NULL, '0', NULL),
  ('1065', '124', '1', '[0,[6487.7583,2823.4817,0]]', NULL, '0', NULL),
  ('1066', '125', '1', '[0,[10483.229,2469.2148,0]]', NULL, '0', NULL),
  ('1067', '68', '1', '[0,[9013.835,4362.2329,7.6293945e-005]]', NULL, '0', NULL),
  ('1068', '46', '1', '[0,[1850.3549,2236.9011,-1.5258789e-005]]', NULL, '0', NULL),
  ('1069', '44', '1', '[0,[1766.417,3563.957,-1.5258789e-005]]', NULL, '0', NULL),
  ('1070', '126', '1', '[0,[10508.413,9755.3232,-3.0517578e-005]]', NULL, '0', NULL),
  ('1071', '127', '1', '[0,[9038.0381,8748.4922,-6.1035156e-005]]', NULL, '0', NULL),
  ('1072', '128', '1', '[0,[7536.9199,5022.2437,0.00012207031]]', NULL, '0', NULL),
  ('1073', '129', '1', '[0,[12118.647,9366.7783,0]]', NULL, '0', NULL),
  ('1074', '43', '1', '[0,[11739.137,9199.0508,0]]', NULL, '0', NULL),
  ('1075', '45', '1', '[0,[12704.429,9436.6934,0]]', NULL, '0', NULL),
  ('1076', '130', '1', '[0,[3713.7085,2494.7683,0]]', NULL, '0', NULL),
  ('1077', '131', '1', '[0,[1730.6525,3847.9424,0]]', NULL, '0', NULL),
  ('1078', '50', '1', '[0,[6850.8965,3055.1875,4.5776367e-005]]', NULL, '0', NULL),
  ('1079', '11', '1', '[0,[3473.3091,2375.6919,4.5776367e-005]]', NULL, '0', NULL),
  ('1080', '48', '1', '[0,[8091.8906,3112.7715,1.5258789e-005]]', NULL, '0', NULL),
  ('1081', '10', '1', '[0,[5203.2183,4159.9229,1.5258789e-005]]', NULL, '0', NULL),
  ('1082', '47', '1', '[0,[7019.9424,2788.3901,7.6293945e-005]]', NULL, '0', NULL),
  ('1083', '49', '1', '[0,[7570.0347,4593.2427,3.0517578e-005]]', NULL, '0', NULL),
  ('1084', '132', '1', '[0,[12861.412,8683.9492,-4.5776367e-005]]', NULL, '0', NULL),
  ('1085', '13', '1', '[0,[6834.1997,2964.3601,0]]', NULL, '0', NULL),
  ('1086', '52', '1', '[0,[12519.997,9405.1904,-1.5258789e-005]]', NULL, '0', NULL),
  ('1087', '133', '1', '[0,[6839.5791,2995.3706,0]]', NULL, '0', NULL),
  ('1088', '14', '1', '[0,[6496.3071,2971.5242,1.5258789e-005]]', NULL, '0', NULL),
  ('1089', '23', '1', '[0,[11976.764,8655.9561,1.5258789e-005]]', NULL, '0', NULL),
  ('1090', '134', '1', '[0,[7366.5225,2746.9958,0]]', NULL, '0', NULL),
  ('1091', '135', '1', '[0,[12324.61,9590.2969,0]]', NULL, '0', NULL),
  ('1092', '100', '1', '[0,[7582.4214,3162.6917,3.0517578e-005]]', NULL, '0', NULL),
  ('1093', '20', '1', '[0,[12394.284,8867.9141,4.5776367e-005]]', NULL, '0', NULL),
  ('1094', '30', '1', '[0,[5553.668,5066.0171,-1.5258789e-005]]', NULL, '0', NULL),
  ('1095', '137', '1', '[0,[5844.9233,2154.6101,3.0517578e-005]]', NULL, '0', NULL),
  ('1096', '138', '1', '[0,[12225.816,9459.7285,3.0517578e-005]]', NULL, '0', NULL),
  ('1097', '139', '1', '[0,[12761.458,9830.0342,-1.5258789e-005]]', NULL, '0', NULL),
  ('1098', '140', '1', '[0,[10541.487,2723.7412,3.0517578e-005]]', NULL, '0', NULL),
  ('1099', '141', '1', '[0,[5932.9526,2429.687,-1.5258789e-005]]', NULL, '0', NULL),
  ('1100', '142', '1', '[0,[9881.2461,2027.999,0]]', NULL, '0', NULL),
  ('1101', '143', '1', '[0,[8872.5869,6521.1279,-1.5258789e-005]]', NULL, '0', NULL),
  ('1102', '144', '1', '[0,[10945.227,7581.3677,0]]', NULL, '0', NULL),
  ('1103', '145', '1', '[0,[9312.4863,9164.2783,7.6293945e-005]]', NULL, '0', NULL),
  ('1104', '146', '1', '[0,[10749.519,8116.7236,-3.0517578e-005]]', NULL, '0', NULL),
  ('1105', '147', '1', '[0,[8625.0166,2592.1509,-1.5258789e-005]]', NULL, '0', NULL),
  ('1106', '148', '1', '[0,[4368.0928,5805.7939,4.5776367e-005]]', NULL, '0', NULL),
  ('1107', '149', '1', '[0,[7757.3511,4798.5205,1.5258789e-005]]', NULL, '0', NULL),
  ('1108', '150', '1', '[0,[9489.3789,8182.0605,3.0517578e-005]]', NULL, '0', NULL),
  ('1109', '151', '1', '[0,[9571.6982,6603.6841,0]]', NULL, '0', NULL),
  ('1110', '80', '1', '[0,[4874.0718,7866.3184,0]]', NULL, '0', NULL),
  ('1111', '152', '1', '[0,[6102.5747,7774.293,0]]', NULL, '0', NULL),
  ('1112', '69', '1', '[0,[6715.9375,5728.4546,0]]', NULL, '0', NULL),
  ('1113', '153', '1', '[0,[8282.8467,4877.0703,0]]', NULL, '0', NULL),
  ('1114', '154', '1', '[0,[9728.7344,11020.661,-1.5258789e-005]]', NULL, '0', NULL),
  ('1115', '155', '1', '[0,[12350.067,3532.6978,1.5258789e-005]]', NULL, '0', NULL),
  ('1116', '156', '1', '[0,[7017.2275,7659.2393,-3.0517578e-005]]', NULL, '0', NULL),
  ('1117', '89', '1', '[0,[6667.1621,5376.7153,-3.0517578e-005]]', NULL, '0', NULL),
  ('1118', '32', '1', '[0,[4589.5264,6400.9756,0]]', NULL, '0', NULL),
  ('1119', '22', '1', '[0,[5898.1006,7881.6294,1.5258789e-005]]', NULL, '0', NULL),
  ('1120', '157', '1', '[0,[4778.5942,6766.8184,9.1552734e-005]]', NULL, '0', NULL),
  ('1121', '158', '1', '[0,[9300.2529,2047.8984,-1.5258789e-005]]', NULL, '0', NULL),
  ('1122', '159', '1', '[0,[6319.374,7615.7144,-3.0517578e-005]]', NULL, '0', NULL),
  ('1123', '160', '1', '[0,[5084.3604,6740.9048,-3.0517578e-005]]', NULL, '0', NULL),
  ('1124', '161', '1', '[0,[7406.4556,5794.0913,7.6293945e-005]]', NULL, '0', NULL),
  ('1125', '162', '1', '[0,[11133.212,6624.1382,-4.5776367e-005]]', NULL, '0', NULL),
  ('1126', '163', '1', '[-58,[5219.9409,2223.1462,0]]', NULL, '0', NULL),
  ('1127', '164', '1', '[0,[1940.1135,9132.7764,6.1035156e-005]]', NULL, '0', NULL),
  ('1128', '165', '1', '[0,[6874.2979,11432.363,9.1552734e-005]]', NULL, '0', NULL),
  ('1129', '166', '1', '[0,[7088.2144,8477.1553,-3.0517578e-005]]', NULL, '0', NULL),
  ('1130', '102', '1', '[0,[11042.623,7010.0371,3.0517578e-005]]', NULL, '0', NULL),
  ('1131', '167', '1', '[106,[6532.8184,5600.0234,0.00010681152]]', NULL, '0', NULL),
  ('1132', '168', '1', '[124,[12410.937,12593.578,-4.5776367e-005]]', NULL, '0', NULL),
  ('1133', '169', '1', '[125,[4575.9517,10216.254,1.5258789e-005]]', NULL, '0', NULL),
  ('1134', '170', '1', '[119,[7792.5859,5126.7939,4.5776367e-005]]', NULL, '0', NULL),
  ('1135', '171', '1', '[126,[6733.2314,5920.5625,0]]', NULL, '0', NULL),
  ('1136', '172', '1', '[106,[8577.7539,9239.4834,-3.0517578e-005]]', NULL, '0', NULL),
  ('1137', '15', '1', '[106,[13706.609,2933.5234,-3.0517578e-005]]', NULL, '0', NULL),
  ('1138', '173', '1', '[106,[4603.0996,10438.683,-4.5776367e-005]]', NULL, '0', NULL),
  ('1139', '174', '1', '[0,[7511.3711,3176.6885,-0.00018310547]]', NULL, '0', NULL),
  ('1140', '175', '1', '[0,[3884.9536,8876.3799,0]]', NULL, '0', NULL),
  ('1141', '176', '1', '[0,[7890.4312,3346.2344,3.0517578e-005]]', NULL, '0', NULL),
  ('1142', '177', '1', '[0,[4410.897,6412.6152,3.0517578e-005]]', NULL, '0', NULL),
  ('1143', '178', '1', '[0,[4869.8159,6275.2622,-3.0517578e-005]]', NULL, '0', NULL),
  ('1144', '179', '1', '[326,[4793.7363,9808.5225,3.0517578e-005]]', NULL, '0', NULL),
  ('1145', '180', '1', '[325,[4830.48,9750.0811,-0.00015258789]]', NULL, '0', NULL),
  ('1146', '181', '1', '[323,[4863.6563,9703.2188,-6.1035156e-005]]', NULL, '0', NULL),
  ('1147', '182', '1', '[328,[4765.8496,9851.0107,-0.00015258789]]', NULL, '0', NULL),
  ('1148', '183', '1', '[0,[8566.9395,6790.355,0]]', NULL, '0', NULL),
  ('1149', '183', '1', '[0,[10331.3,5085.4355,0.00010681152]]', NULL, '0', NULL),
  ('1150', '183', '1', '[0,[5689.8887,3049.0398,-3.0517578e-005]]', NULL, '0', NULL),
  ('1151', '183', '1', '[0,[12399.468,3551.0505,0]]', NULL, '0', NULL),
  ('1152', '183', '1', '[0,[8638.415,4503.7104,-3.0517578e-005]]', NULL, '0', NULL),
  ('1153', '183', '1', '[0,[6081.2271,3644.3618,-7.6293945e-005]]', NULL, '0', NULL),
  ('1154', '119', '1', '[0,[8558.6035,10266.275,-1.5258789e-005]]', NULL, '0', NULL),
  ('1155', '119', '1', '[0,[6447.8086,3747.2095,-3.0517578e-005]]', NULL, '0', NULL),
  ('1156', '119', '1', '[0,[12602.82,9482.0088,-6.1035156e-005]]', NULL, '0', NULL),
  ('1157', '119', '1', '[0,[10011.31,5966.0137,-1.5258789e-005]]', NULL, '0', NULL),
  ('1158', '119', '1', '[0,[4986.6763,2370.2004,-3.0517578e-005]]', NULL, '0', NULL),
  ('1159', '119', '1', '[0,[10680.48,2489.4585,1.5258789e-005]]', NULL, '0', NULL),
  ('1160', '97', '1', '[112,[7609.127,5040.5688,0]]', NULL, '0', NULL),
  ('1161', '184', '1', '[109,[7657.4678,5089.9204,-1.5258789e-005]]', NULL, '0', NULL),
  ('1162', '185', '1', '[123,[8659.5869,6344.8281,0]]', NULL, '0', NULL),
  ('1163', '186', '1', '[114,[7649.0449,5039.7173,9.1552734e-005]]', NULL, '0', NULL),
  ('1164', '187', '1', '[0,[12040.198,12605.475,0.056991577]]', NULL, '0', NULL),
  ('1165', '188', '1', '[0,[12041.986,12605.255,0.056991577]]', NULL, '0', NULL),
  ('1166', '189', '1', '[0,[12043.023,12605.381,0.056991577]]', NULL, '0', NULL),
  ('1167', '190', '1', '[0,[12044.315,12605.146,0.056991577]]', NULL, '0', NULL),
  ('1168', '191', '1', '[0,[12045.255,12604.832,0.056991577]]', NULL, '0', NULL),
  ('1169', '192', '1', '[0,[13651.782,8899.4092,4.6491623e-006]]', NULL, '0', NULL),
  ('1170', '192', '1', '[0,[13682.838,4751.8242,4.2766333e-006]]', NULL, '0', NULL),
  ('1171', '192', '1', '[0,[12608.327,2926.3896,-4.2319298e-006]]', NULL, '0', NULL),
  ('1172', '192', '1', '[0,[11248.106,2678.0313,-6.9439411e-006]]', NULL, '0', NULL),
  ('1173', '192', '1', '[0,[10141.306,1686.3584,-1.0728836e-006]]', NULL, '0', NULL),
  ('1174', '192', '1', '[0,[10225.676,1696.9014,4.6938658e-006]]', NULL, '0', NULL),
  ('1175', '192', '1', '[0,[10061.154,1722.2041,2.0265579e-006]]', NULL, '0', NULL),
  ('1176', '192', '1', '[0,[7799.3281,2707.46,-5.0216913e-006]]', NULL, '0', NULL),
  ('1177', '192', '1', '[0,[7027.0903,2230.0347,-3.4272671e-007]]', NULL, '0', NULL),
  ('1178', '192', '1', '[0,[7011.5835,2261.4053,2.4914742e-005]]', NULL, '0', NULL),
  ('1179', '192', '1', '[0,[4967.8535,1749.2676,2.0861626e-007]]', NULL, '0', NULL),
  ('1180', '192', '1', '[0,[4053.4082,1837.376,-4.1276217e-006]]', NULL, '0', NULL),
  ('1181', '192', '1', '[0,[3486.0107,1391.3213,-7.0184469e-006]]', NULL, '0', NULL),
  ('1182', '193', '1', '[0,[7367.1523,2359.583,0]]', NULL, '0', NULL),
  ('1183', '194', '1', '[-14,[7088.3691,2076.3958,-0.011839807]]', NULL, '0', NULL),
  ('1184', '195', '1', '[76,[7443.2441,1975.8053,0.13510592]]', NULL, '0', NULL),
  ('1185', '196', '1', '[173,[7947.6343,1909.8322,0.088570133]]', NULL, '0', NULL),
  ('1186', '51', '1', '[0,[7616.8931,2461.9043,-0.013551086]]', NULL, '0', NULL),
  ('1187', '197', '1', '[0,[7541.5049,2461.9673,-0.034575582]]', NULL, '0', NULL),
  ('1188', '198', '1', '[0,[7601.6987,2516.8779,0.016494066]]', NULL, '0', NULL),
  ('1189', '25', '1', '[-152,[8571.5469,2276.0195,0]]', NULL, '0', NULL),
  ('1190', '25', '1', '[-152,[15442.939,13286.639,0]]', NULL, '0', NULL),
  ('1191', '25', '1', '[-152,[14294.525,13222.859,0]]', NULL, '0', NULL),
  ('1192', '25', '1', '[-152,[10297.322,3706.1509,2.5356522]]', NULL, '0', NULL),
  ('1193', '25', '1', '[-152,[10294.462,3678.7656,2.535656]]', NULL, '0', NULL),
  ('1194', '25', '1', '[-152,[10283.775,3693.0605,2.535656]]', NULL, '0', NULL),
  ('1195', '196', '1', '[0,[10758.22,1725.3232,0]]', NULL, '0', NULL),
  ('1196', '199', '1', '[0,[10260.75,1729.9375,0]]', NULL, '0', NULL),
  ('1197', '199', '1', '[0,[10234.608,1737.842,0]]', NULL, '0', NULL),
  ('1198', '199', '1', '[0,[10204.44,1730.7139,0]]', NULL, '0', NULL),
  ('1199', '199', '1', '[0,[3882.5781,2101.8777,-1.3411045e-006]]', NULL, '0', NULL),
  ('1200', '199', '1', '[0,[1566.7178,1813.7136,0]]', NULL, '0', NULL),
  ('1201', '199', '1', '[0,[1278.4561,2126.2986,0]]', NULL, '0', NULL),
  ('1202', '200', '1', '[0,[2081.0359,2109.2539,0]]', NULL, '0', NULL),
  ('1203', '200', '1', '[-87,[3968.7034,2262.6655,0]]', NULL, '0', NULL),
  ('1204', '200', '1', '[0,[7130.4604,2332.2463,0]]', NULL, '0', NULL),
  ('1205', '200', '1', '[0,[7090.3848,2292.1838,0]]', NULL, '0', NULL),
  ('1206', '200', '1', '[0,[6993.3594,2273.2068,0]]', NULL, '0', NULL),
  ('1207', '200', '1', '[0,[10168.12,1720.0845,0]]', NULL, '0', NULL),
  ('1208', '200', '1', '[0,[10066.361,1717.663,0]]', NULL, '0', NULL),
  ('1209', '200', '1', '[0,[10026.788,1689.4053,0]]', NULL, '0', NULL),
  ('1210', '200', '1', '[0,[10116.434,1717.663,0]]', NULL, '0', NULL),
  ('1211', '200', '1', '[0,[11760.784,2684.1174,0]]', NULL, '0', NULL),
  ('1212', '200', '1', '[0,[11440.12,2952.6909,0]]', NULL, '0', NULL),
  ('1213', '200', '1', '[0,[12735.777,3095.6423,0]]', NULL, '0', NULL),
  ('1214', '200', '1', '[0,[12523.446,2796.7446,0]]', NULL, '0', NULL),
  ('1215', '200', '1', '[0,[11578.786,2190.2866,0]]', NULL, '0', NULL),
  ('1216', '200', '1', '[0,[11050.124,1913.0475,0]]', NULL, '0', NULL),
  ('1217', '200', '1', '[0,[10703.459,1891.3889,0]]', NULL, '0', NULL),
  ('1218', '200', '1', '[0,[14339.1,4871.6997,0]]', NULL, '0', NULL),
  ('1219', '200', '1', '[0,[13849.438,5590.7856,0]]', NULL, '0', NULL),
  ('1220', '200', '1', '[0,[13767.104,5976.3198,0]]', NULL, '0', NULL),
  ('1221', '200', '1', '[0,[13858.104,6513.4688,0]]', NULL, '0', NULL),
  ('1222', '200', '1', '[0,[13845.103,6699.7383,0]]', NULL, '0', NULL),
  ('1223', '201', '1', '[-158,[12094.806,12625.431,0]]', NULL, '0', NULL),
  ('1224', '202', '1', '[0,[12060.2,12609.676,0]]', NULL, '0', NULL),
  ('1225', '203', '1', '[0,[13520.578,10538.28,-5.364418e-007]]', NULL, '0', NULL),
  ('1226', '203', '1', '[0,[13400.352,10599.427,-6.8545341e-007]]', NULL, '0', NULL),
  ('1227', '203', '1', '[0,[13334.964,10439.178,5.4836273e-006]]', NULL, '0', NULL),
  ('1228', '203', '1', '[0,[13221.065,10342.186,5.9604645e-006]]', NULL, '0', NULL),
  ('1229', '203', '1', '[0,[13237.939,10186.153,2.8908253e-006]]', NULL, '0', NULL),
  ('1230', '203', '1', '[0,[13254.813,10162.96,-4.7981739e-006]]', NULL, '0', NULL),
  ('1231', '203', '1', '[0,[13045.998,9804.5098,6.3478947e-006]]', NULL, '0', NULL),
  ('1232', '203', '1', '[0,[13035.452,9726.4941,6.5118074e-006]]', NULL, '0', NULL),
  ('1233', '203', '1', '[0,[12864.486,3597.7793,1.7106533e-005]]', NULL, '0', NULL),
  ('1234', '203', '1', '[0,[12773.226,3506.5488,-2.3633242e-005]]', NULL, '0', NULL),
  ('1235', '203', '1', '[0,[12252.315,3432.2754,-6.5267086e-006]]', NULL, '0', NULL),
  ('1236', '184', '1', '[0,[8156.4854,2751.8926,5.0887465e-006]]', NULL, '0', NULL),
  ('1237', '184', '1', '[0,[7613.9727,3006.2285,-2.1383166e-006]]', NULL, '0', NULL),
  ('1238', '184', '1', '[0,[7804.7881,3054.8516,-7.1227551e-006]]', NULL, '0', NULL),
  ('1239', '184', '1', '[0,[5376.5776,1878.5566,-4.7385693e-006]]', NULL, '0', NULL),
  ('1240', '184', '1', '[0,[4822.8408,1968.3203,1.5795231e-006]]', NULL, '0', NULL),
  ('1241', '184', '1', '[0,[4280.3281,2140.3711,1.3709068e-006]]', NULL, '0', NULL),
  ('1242', '184', '1', '[0,[4141.894,2263.7979,2.682209e-007]]', NULL, '0', NULL),
  ('1243', '184', '1', '[0,[3874.3794,2157.2021,3.7252903e-007]]', NULL, '0', NULL),
  ('1244', '204', '1', '[0,[12048.461,12613.626,0.056991577]]', NULL, '0', NULL),
  ('1245', '202', '1', '[0,[12050.556,12610.775,1.5258789e-005]]', NULL, '0', NULL),
  ('1246', '205', '1', '[-154,[11935.563,12669.051,-1.5258789e-005]]', NULL, '0', NULL),
  ('1247', '202', '1', '[1,[12045.768,12604.731,9.1552734e-005]]', NULL, '0', NULL),
  ('1248', '202', '1', '[1,[12045.775,12603.504,-1.5258789e-005]]', NULL, '0', NULL),
  ('1249', '202', '1', '[1,[12047.471,12605.368,-1.5258789e-005]]', NULL, '0', NULL),
  ('1250', '202', '1', '[1,[12046.43,12604.976,1.5258789e-005]]', NULL, '0', NULL),
  ('1251', '202', '1', '[1,[12047.178,12606.574,0]]', NULL, '0', NULL),
  ('1252', '202', '1', '[1,[12045.686,12606.133,1.5258789e-005]]', NULL, '0', NULL),
  ('1253', '202', '1', '[1,[12046.359,12605.873,1.5258789e-005]]', NULL, '0', NULL);

-- 
-- View `v_deployable`
-- 

DROP VIEW IF EXISTS `v_deployable`;
CREATE ALGORITHM=UNDEFINED DEFINER=`root`@`localhost` SQL SECURITY DEFINER VIEW `v_deployable` AS select `id`.`id` AS `instance_deployable_id`,`d`.`id` AS `vehicle_id`,`d`.`class_name` AS `class_name`,`s`.`id` AS `owner_id`,`p`.`name` AS `owner_name`,`p`.`unique_id` AS `owner_unique_id`,`s`.`is_dead` AS `is_owner_dead`,`id`.`worldspace` AS `worldspace`,`id`.`inventory` AS `inventory` from (((`instance_deployable` `id` join `deployable` `d` on((`id`.`deployable_id` = `d`.`id`))) join `survivor` `s` on((`id`.`owner_id` = `s`.`id`))) join `profile` `p` on((`s`.`unique_id` = `p`.`unique_id`)));

-- 
-- View `v_player`
-- 

DROP VIEW IF EXISTS `v_player`;
CREATE ALGORITHM=UNDEFINED DEFINER=`root`@`localhost` SQL SECURITY DEFINER VIEW `v_player` AS select `p`.`name` AS `player_name`,`p`.`humanity` AS `humanity`,`s`.`id` AS `alive_survivor_id`,`s`.`world_id` AS `alive_survivor_world_id` from (`profile` `p` left join `survivor` `s` on(((`p`.`unique_id` = `s`.`unique_id`) and (`s`.`is_dead` = 0))));

-- 
-- View `v_vehicle`
-- 

DROP VIEW IF EXISTS `v_vehicle`;
CREATE ALGORITHM=UNDEFINED DEFINER=`root`@`localhost` SQL SECURITY DEFINER VIEW `v_vehicle` AS select `iv`.`id` AS `instance_vehicle_id`,`v`.`id` AS `vehicle_id`,`iv`.`instance_id` AS `instance_id`,`i`.`world_id` AS `world_id`,`v`.`class_name` AS `class_name`,`iv`.`worldspace` AS `worldspace`,`iv`.`inventory` AS `inventory`,`iv`.`parts` AS `parts`,`iv`.`damage` AS `damage`,`iv`.`fuel` AS `fuel` from (((`instance_vehicle` `iv` join `world_vehicle` `wv` on((`iv`.`world_vehicle_id` = `wv`.`id`))) join `vehicle` `v` on((`wv`.`vehicle_id` = `v`.`id`))) join `instance` `i` on((`iv`.`instance_id` = `i`.`id`)));

-- 
-- Procedure `proc_getBuildingPageCount`
-- 

DROP PROCEDURE IF EXISTS `proc_getBuildingPageCount`;
CREATE DEFINER=`root`@`localhost` PROCEDURE `proc_getBuildingPageCount`(in `p_instanceId` int)
begin
  declare itemsPerPage int default 5; -- must match proc_getobjects
  select
    floor(count(*) / itemsPerPage) + if((count(*) mod itemsPerPage) > 0, 1, 0)
  from instance_building
  where instance_id = p_instanceId; --
end;

-- 
-- Procedure `proc_getBuildings`
-- 

DROP PROCEDURE IF EXISTS `proc_getBuildings`;
CREATE DEFINER=`root`@`localhost` PROCEDURE `proc_getBuildings`(in `p_instanceId` int, in `p_currentPage` int)
begin
  set @instance = p_instanceId; --
  set @page = greatest(((p_currentPage - 1) * 5), 0); --
  prepare stmt from '
  select
    b.class_name, ib.worldspace
  from
    instance_building ib
    inner join building b on ib.building_id = b.id
  where
    ib.instance_id = ?
  limit ?, 5'; --
  execute stmt using @instance, @page; --
  deallocate prepare stmt; --
end;

-- 
-- Procedure `proc_loglogin`
-- 

DROP PROCEDURE IF EXISTS `proc_loglogin`;
CREATE DEFINER=`root`@`localhost` PROCEDURE `proc_loglogin`(in `p_uniqueId` varchar(128), in `p_instanceId` int)
begin
  insert into log_entry (unique_id, instance_id, log_code_id) values (p_uniqueId, p_instanceId, 1); --
end;

-- 
-- Procedure `proc_loglogout`
-- 

DROP PROCEDURE IF EXISTS `proc_loglogout`;
CREATE DEFINER=`root`@`localhost` PROCEDURE `proc_loglogout`(in `p_uniqueId` varchar(128), in `p_instanceId` int)
begin
  insert into log_entry (unique_id, instance_id, log_code_id) values (p_uniqueId, p_instanceId, 5); --
end;

